Date,Provider Org Code,Provider Org Name,Total All,Wait_18_Plus,Wait_52_Plus,Wait_65_Plus,Wait_104_Plus,Pct_18_Plus,Pct_52_Plus,Pct_65_Plus,Pct_104_Plus
2025-04-01,A0C5S,SPAMEDICA GLOUCESTER,72,3.0,0.0,0.0,0.0,4.166666666666666,0.0,0.0,0.0
2025-05-01,A0C5S,SPAMEDICA GLOUCESTER,72,6.0,0.0,0.0,0.0,8.333333333333332,0.0,0.0,0.0
2025-06-01,A0C5S,SPAMEDICA GLOUCESTER,89,8.0,0.0,0.0,0.0,8.98876404494382,0.0,0.0,0.0
2025-07-01,A0C5S,SPAMEDICA GLOUCESTER,71,5.0,0.0,0.0,0.0,7.042253521126761,0.0,0.0,0.0
2025-08-01,A0C5S,SPAMEDICA GLOUCESTER,64,3.0,0.0,0.0,0.0,4.6875,0.0,0.0,0.0
2025-09-01,A0C5S,SPAMEDICA GLOUCESTER,70,1.0,0.0,0.0,0.0,1.4285714285714286,0.0,0.0,0.0
2025-10-01,A0C5S,SPAMEDICA GLOUCESTER,62,3.0,0.0,0.0,0.0,4.838709677419355,0.0,0.0,0.0
2025-11-01,A0C5S,SPAMEDICA GLOUCESTER,67,9.0,0.0,0.0,0.0,13.432835820895523,0.0,0.0,0.0
2025-12-01,A0C5S,SPAMEDICA GLOUCESTER,83,11.0,0.0,0.0,0.0,13.253012048192772,0.0,0.0,0.0
2026-01-01,A0C5S,SPAMEDICA GLOUCESTER,49,9.0,0.0,0.0,0.0,18.367346938775512,0.0,0.0,0.0
2026-02-01,A0C5S,SPAMEDICA GLOUCESTER,68,12.0,0.0,0.0,0.0,17.647058823529413,0.0,0.0,0.0
2026-03-01,A0C5S,SPAMEDICA GLOUCESTER,64,8.0,0.0,0.0,0.0,12.5,0.0,0.0,0.0
2026-04-01,A0C5S,SPAMEDICA GLOUCESTER,108,7.0,0.0,0.0,0.0,6.481481481481481,0.0,0.0,0.0
2026-05-01,A0C5S,SPAMEDICA GLOUCESTER,102,6.0,0.0,0.0,0.0,5.88235294117647,0.0,0.0,0.0
2026-06-01,A0C5S,SPAMEDICA GLOUCESTER,90,5.0,0.0,0.0,0.0,5.555555555555555,0.0,0.0,0.0
2025-04-01,A1D1B,SPAMEDICA WEMBLEY,19,0.0,0.0,0.0,0.0,0.0,0.0,0.0,0.0
2025-05-01,A1D1B,SPAMEDICA WEMBLEY,81,1.0,0.0,0.0,0.0,1.2345679012345678,0.0,0.0,0.0
2025-06-01,A1D1B,SPAMEDICA WEMBLEY,103,0.0,0.0,0.0,0.0,0.0,0.0,0.0,0.0
2025-07-01,A1D1B,SPAMEDICA WEMBLEY,145,0.0,0.0,0.0,0.0,0.0,0.0,0.0,0.0
2025-08-01,A1D1B,SPAMEDICA WEMBLEY,153,2.0,0.0,0.0,0.0,1.3071895424836601,0.0,0.0,0.0
2025-09-01,A1D1B,SPAMEDICA WEMBLEY,138,3.0,0.0,0.0,0.0,2.1739130434782608,0.0,0.0,0.0
2025-10-01,A1D1B,SPAMEDICA WEMBLEY,163,6.0,0.0,0.0,0.0,3.6809815950920246,0.0,0.0,0.0
2025-11-01,A1D1B,SPAMEDICA WEMBLEY,229,9.0,0.0,0.0,0.0,3.9301310043668125,0.0,0.0,0.0
2025-12-01,A1D1B,SPAMEDICA WEMBLEY,278,10.0,0.0,0.0,0.0,3.597122302158273,0.0,0.0,0.0
2026-01-01,A1D1B,SPAMEDICA WEMBLEY,258,11.0,0.0,0.0,0.0,4.263565891472868,0.0,0.0,0.0
2026-02-01,A1D1B,SPAMEDICA WEMBLEY,380,16.0,0.0,0.0,0.0,4.2105263157894735,0.0,0.0,0.0
2026-03-01,A1D1B,SPAMEDICA WEMBLEY,391,28.0,0.0,0.0,0.0,7.161125319693094,0.0,0.0,0.0
2026-04-01,A1D1B,SPAMEDICA WEMBLEY,420,45.0,0.0,0.0,0.0,10.714285714285714,0.0,0.0,0.0
2026-05-01,A1D1B,SPAMEDICA WEMBLEY,433,54.0,0.0,0.0,0.0,12.471131639722865,0.0,0.0,0.0
2026-06-01,A1D1B,SPAMEDICA WEMBLEY,356,54.0,0.0,0.0,0.0,15.168539325842698,0.0,0.0,0.0
2025-04-01,A1U4J,SPAMEDICA PORTSMOUTH,70,3.0,0.0,0.0,0.0,4.285714285714286,0.0,0.0,0.0
2025-05-01,A1U4J,SPAMEDICA PORTSMOUTH,81,4.0,0.0,0.0,0.0,4.938271604938271,0.0,0.0,0.0
2025-06-01,A1U4J,SPAMEDICA PORTSMOUTH,85,3.0,0.0,0.0,0.0,3.5294117647058822,0.0,0.0,0.0
2025-07-01,A1U4J,SPAMEDICA PORTSMOUTH,87,6.0,0.0,0.0,0.0,6.896551724137931,0.0,0.0,0.0
2025-08-01,A1U4J,SPAMEDICA PORTSMOUTH,95,7.0,0.0,0.0,0.0,7.368421052631578,0.0,0.0,0.0
2025-09-01,A1U4J,SPAMEDICA PORTSMOUTH,102,10.0,0.0,0.0,0.0,9.803921568627452,0.0,0.0,0.0
2025-10-01,A1U4J,SPAMEDICA PORTSMOUTH,107,9.0,0.0,0.0,0.0,8.411214953271028,0.0,0.0,0.0
2025-11-01,A1U4J,SPAMEDICA PORTSMOUTH,133,14.0,0.0,0.0,0.0,10.526315789473683,0.0,0.0,0.0
2025-12-01,A1U4J,SPAMEDICA PORTSMOUTH,131,12.0,0.0,0.0,0.0,9.16030534351145,0.0,0.0,0.0
2026-01-01,A1U4J,SPAMEDICA PORTSMOUTH,163,16.0,0.0,0.0,0.0,9.815950920245399,0.0,0.0,0.0
2026-02-01,A1U4J,SPAMEDICA PORTSMOUTH,211,17.0,0.0,0.0,0.0,8.056872037914692,0.0,0.0,0.0
2026-03-01,A1U4J,SPAMEDICA PORTSMOUTH,196,22.0,0.0,0.0,0.0,11.224489795918368,0.0,0.0,0.0
2026-04-01,A1U4J,SPAMEDICA PORTSMOUTH,206,25.0,0.0,0.0,0.0,12.135922330097088,0.0,0.0,0.0
2026-05-01,A1U4J,SPAMEDICA PORTSMOUTH,226,40.0,1.0,0.0,0.0,17.699115044247787,0.4424778761061947,0.0,0.0
2026-06-01,A1U4J,SPAMEDICA PORTSMOUTH,176,38.0,1.0,0.0,0.0,21.59090909090909,0.5681818181818182,0.0,0.0
2025-04-01,A4M8P,BUCKSHAW HOSPITAL,3087,1077.0,44.0,2.0,0.0,34.88824101068999,1.4253320375769354,0.06478781988986071,0.0
2025-05-01,A4M8P,BUCKSHAW HOSPITAL,3023,1062.0,51.0,4.0,0.0,35.13066490241482,1.6870658286470392,0.13231888852133644,0.0
2025-06-01,A4M8P,BUCKSHAW HOSPITAL,3225,1085.0,72.0,4.0,0.0,33.64341085271318,2.2325581395348837,0.124031007751938,0.0
2025-07-01,A4M8P,BUCKSHAW HOSPITAL,3316,1078.0,70.0,4.0,0.0,32.50904704463209,2.1109770808202653,0.12062726176115801,0.0
2025-08-01,A4M8P,BUCKSHAW HOSPITAL,3230,1031.0,55.0,6.0,0.0,31.91950464396285,1.7027863777089782,0.18575851393188852,0.0
2025-09-01,A4M8P,BUCKSHAW HOSPITAL,3295,959.0,64.0,8.0,0.0,29.104704097116844,1.9423368740515934,0.24279210925644917,0.0
2025-10-01,A4M8P,BUCKSHAW HOSPITAL,3024,906.0,46.0,16.0,0.0,29.96031746031746,1.5211640211640212,0.5291005291005291,0.0
2025-11-01,A4M8P,BUCKSHAW HOSPITAL,2992,803.0,35.0,15.0,0.0,26.838235294117645,1.1697860962566844,0.5013368983957219,0.0
2025-12-01,A4M8P,BUCKSHAW HOSPITAL,3028,849.0,17.0,3.0,0.0,28.038309114927344,0.5614266842800528,0.09907529722589167,0.0
2026-01-01,A4M8P,BUCKSHAW HOSPITAL,3030,936.0,16.0,2.0,0.0,30.89108910891089,0.528052805280528,0.066006600660066,0.0
2026-02-01,A4M8P,BUCKSHAW HOSPITAL,2911,874.0,16.0,1.0,0.0,30.02404671934043,0.5496392992098935,0.034352456200618345,0.0
2026-03-01,A4M8P,BUCKSHAW HOSPITAL,2848,853.0,11.0,1.0,0.0,29.950842696629216,0.38623595505617975,0.0351123595505618,0.0
2026-04-01,A4M8P,BUCKSHAW HOSPITAL,3060,890.0,7.0,1.0,0.0,29.08496732026144,0.22875816993464054,0.0326797385620915,0.0
2026-05-01,A4M8P,BUCKSHAW HOSPITAL,3084,868.0,9.0,3.0,0.0,28.14526588845655,0.2918287937743191,0.09727626459143969,0.0
2026-06-01,A4M8P,BUCKSHAW HOSPITAL,3169,886.0,16.0,2.0,0.0,27.95834648153992,0.5048911328494794,0.06311139160618492,0.0
2025-04-01,A4Q9X,NEWMEDICA LEICESTER,226,1.0,0.0,0.0,0.0,0.4424778761061947,0.0,0.0,0.0
2025-05-01,A4Q9X,NEWMEDICA LEICESTER,255,1.0,0.0,0.0,0.0,0.39215686274509803,0.0,0.0,0.0
2025-06-01,A4Q9X,NEWMEDICA LEICESTER,233,0.0,0.0,0.0,0.0,0.0,0.0,0.0,0.0
2025-07-01,A4Q9X,NEWMEDICA LEICESTER,299,1.0,0.0,0.0,0.0,0.33444816053511706,0.0,0.0,0.0
2025-08-01,A4Q9X,NEWMEDICA LEICESTER,387,1.0,0.0,0.0,0.0,0.2583979328165375,0.0,0.0,0.0
2025-09-01,A4Q9X,NEWMEDICA LEICESTER,454,3.0,0.0,0.0,0.0,0.6607929515418502,0.0,0.0,0.0
2025-10-01,A4Q9X,NEWMEDICA LEICESTER,583,2.0,0.0,0.0,0.0,0.34305317324185247,0.0,0.0,0.0
2025-11-01,A4Q9X,NEWMEDICA LEICESTER,709,17.0,0.0,0.0,0.0,2.3977433004231314,0.0,0.0,0.0
2025-12-01,A4Q9X,NEWMEDICA LEICESTER,781,121.0,0.0,0.0,0.0,15.492957746478872,0.0,0.0,0.0
2026-01-01,A4Q9X,NEWMEDICA LEICESTER,802,85.0,0.0,0.0,0.0,10.598503740648379,0.0,0.0,0.0
2026-02-01,A4Q9X,NEWMEDICA LEICESTER,877,178.0,0.0,0.0,0.0,20.296465222348917,0.0,0.0,0.0
2026-03-01,A4Q9X,NEWMEDICA LEICESTER,871,91.0,0.0,0.0,0.0,10.44776119402985,0.0,0.0,0.0
2026-04-01,A4Q9X,NEWMEDICA LEICESTER,880,77.0,0.0,0.0,0.0,8.75,0.0,0.0,0.0
2026-05-01,A4Q9X,NEWMEDICA LEICESTER,906,87.0,0.0,0.0,0.0,9.602649006622517,0.0,0.0,0.0
2026-06-01,A4Q9X,NEWMEDICA LEICESTER,952,99.0,1.0,0.0,0.0,10.399159663865547,0.10504201680672269,0.0,0.0
2025-04-01,AAH,TETBURY HOSPITAL TRUST LTD,282,9.0,1.0,0.0,0.0,3.1914893617021276,0.3546099290780142,0.0,0.0
2025-05-01,AAH,TETBURY HOSPITAL TRUST LTD,305,33.0,0.0,0.0,0.0,10.819672131147541,0.0,0.0,0.0
2025-06-01,AAH,TETBURY HOSPITAL TRUST LTD,253,29.0,0.0,0.0,0.0,11.462450592885375,0.0,0.0,0.0
2025-07-01,AAH,TETBURY HOSPITAL TRUST LTD,372,30.0,1.0,0.0,0.0,8.064516129032258,0.2688172043010753,0.0,0.0
2025-08-01,AAH,TETBURY HOSPITAL TRUST LTD,342,19.0,0.0,0.0,0.0,5.555555555555555,0.0,0.0,0.0
2025-09-01,AAH,TETBURY HOSPITAL TRUST LTD,347,24.0,0.0,0.0,0.0,6.9164265129683,0.0,0.0,0.0
2025-10-01,AAH,TETBURY HOSPITAL TRUST LTD,378,27.0,0.0,0.0,0.0,7.142857142857142,0.0,0.0,0.0
2025-11-01,AAH,TETBURY HOSPITAL TRUST LTD,309,33.0,2.0,0.0,0.0,10.679611650485436,0.6472491909385114,0.0,0.0
2025-12-01,AAH,TETBURY HOSPITAL TRUST LTD,289,58.0,0.0,0.0,0.0,20.069204152249135,0.0,0.0,0.0
2026-01-01,AAH,TETBURY HOSPITAL TRUST LTD,313,36.0,2.0,0.0,0.0,11.501597444089457,0.6389776357827476,0.0,0.0
2026-02-01,AAH,TETBURY HOSPITAL TRUST LTD,306,28.0,0.0,0.0,0.0,9.15032679738562,0.0,0.0,0.0
2026-03-01,AAH,TETBURY HOSPITAL TRUST LTD,257,16.0,0.0,0.0,0.0,6.22568093385214,0.0,0.0,0.0
2026-04-01,AAH,TETBURY HOSPITAL TRUST LTD,354,36.0,2.0,0.0,0.0,10.16949152542373,0.5649717514124294,0.0,0.0
2026-05-01,AAH,TETBURY HOSPITAL TRUST LTD,291,22.0,1.0,0.0,0.0,7.560137457044673,0.3436426116838488,0.0,0.0
2026-06-01,AAH,TETBURY HOSPITAL TRUST LTD,275,25.0,0.0,0.0,0.0,9.090909090909092,0.0,0.0,0.0
2025-04-01,AAV,COMMUNITY HEALTH AND EYECARE LIMITED,3635,72.0,0.0,0.0,0.0,1.9807427785419534,0.0,0.0,0.0
2025-05-01,AAV,COMMUNITY HEALTH AND EYECARE LIMITED,3655,97.0,0.0,0.0,0.0,2.6538987688098494,0.0,0.0,0.0
2025-06-01,AAV,COMMUNITY HEALTH AND EYECARE LIMITED,3730,95.0,0.0,0.0,0.0,2.546916890080429,0.0,0.0,0.0
2025-07-01,AAV,COMMUNITY HEALTH AND EYECARE LIMITED,3481,55.0,0.0,0.0,0.0,1.580005745475438,0.0,0.0,0.0
2025-08-01,AAV,COMMUNITY HEALTH AND EYECARE LIMITED,3451,43.0,0.0,0.0,0.0,1.2460156476383657,0.0,0.0,0.0
2025-09-01,AAV,COMMUNITY HEALTH AND EYECARE LIMITED,3748,63.0,0.0,0.0,0.0,1.6808964781216649,0.0,0.0,0.0
2025-10-01,AAV,COMMUNITY HEALTH AND EYECARE LIMITED,3977,56.0,0.0,0.0,0.0,1.4080965551923559,0.0,0.0,0.0
2025-11-01,AAV,COMMUNITY HEALTH AND EYECARE LIMITED,4422,106.0,0.0,0.0,0.0,2.397105382180009,0.0,0.0,0.0
2025-12-01,AAV,COMMUNITY HEALTH AND EYECARE LIMITED,4898,278.0,0.0,0.0,0.0,5.675786035116373,0.0,0.0,0.0
2026-01-01,AAV,COMMUNITY HEALTH AND EYECARE LIMITED,5017,345.0,0.0,0.0,0.0,6.876619493721348,0.0,0.0,0.0
2026-02-01,AAV,COMMUNITY HEALTH AND EYECARE LIMITED,4915,463.0,0.0,0.0,0.0,9.420142421159715,0.0,0.0,0.0
2026-03-01,AAV,COMMUNITY HEALTH AND EYECARE LIMITED,5310,615.0,0.0,0.0,0.0,11.581920903954803,0.0,0.0,0.0
2026-04-01,AAV,COMMUNITY HEALTH AND EYECARE LIMITED,5261,527.0,0.0,0.0,0.0,10.01710701387569,0.0,0.0,0.0
2026-05-01,AAV,COMMUNITY HEALTH AND EYECARE LIMITED,5424,594.0,0.0,0.0,0.0,10.951327433628318,0.0,0.0,0.0
2026-06-01,AAV,COMMUNITY HEALTH AND EYECARE LIMITED,5432,662.0,3.0,0.0,0.0,12.187039764359351,0.05522827687776141,0.0,0.0
2025-04-01,ACG08,NEWMEDICA OPHTHALMOLOGY - NUNEATON - CAMP HILL - GP LED HEALTH CENTRE,23,2.0,0.0,0.0,0.0,8.695652173913043,0.0,0.0,0.0
2025-05-01,ACG08,NEWMEDICA OPHTHALMOLOGY - NUNEATON - CAMP HILL - GP LED HEALTH CENTRE,20,1.0,0.0,0.0,0.0,5.0,0.0,0.0,0.0
2025-06-01,ACG08,NEWMEDICA OPHTHALMOLOGY - NUNEATON - CAMP HILL - GP LED HEALTH CENTRE,16,1.0,0.0,0.0,0.0,6.25,0.0,0.0,0.0
2025-07-01,ACG08,NEWMEDICA OPHTHALMOLOGY - NUNEATON - CAMP HILL - GP LED HEALTH CENTRE,28,1.0,0.0,0.0,0.0,3.571428571428571,0.0,0.0,0.0
2025-08-01,ACG08,NEWMEDICA OPHTHALMOLOGY - NUNEATON - CAMP HILL - GP LED HEALTH CENTRE,21,2.0,0.0,0.0,0.0,9.523809523809524,0.0,0.0,0.0
2025-09-01,ACG08,NEWMEDICA OPHTHALMOLOGY - NUNEATON - CAMP HILL - GP LED HEALTH CENTRE,17,0.0,0.0,0.0,0.0,0.0,0.0,0.0,0.0
2025-10-01,ACG08,NEWMEDICA OPHTHALMOLOGY - NUNEATON - CAMP HILL - GP LED HEALTH CENTRE,19,0.0,0.0,0.0,0.0,0.0,0.0,0.0,0.0
2025-11-01,ACG08,NEWMEDICA OPHTHALMOLOGY - NUNEATON - CAMP HILL - GP LED HEALTH CENTRE,20,0.0,0.0,0.0,0.0,0.0,0.0,0.0,0.0
2025-12-01,ACG08,NEWMEDICA OPHTHALMOLOGY - NUNEATON - CAMP HILL - GP LED HEALTH CENTRE,3,0.0,0.0,0.0,0.0,0.0,0.0,0.0,0.0
2026-01-01,ACG08,NEWMEDICA OPHTHALMOLOGY - NUNEATON - CAMP HILL - GP LED HEALTH CENTRE,19,0.0,0.0,0.0,0.0,0.0,0.0,0.0,0.0
2026-02-01,ACG08,NEWMEDICA OPHTHALMOLOGY - NUNEATON - CAMP HILL - GP LED HEALTH CENTRE,7,0.0,0.0,0.0,0.0,0.0,0.0,0.0,0.0
2026-03-01,ACG08,NEWMEDICA OPHTHALMOLOGY - NUNEATON - CAMP HILL - GP LED HEALTH CENTRE,17,0.0,0.0,0.0,0.0,0.0,0.0,0.0,0.0
2026-04-01,ACG08,NEWMEDICA OPHTHALMOLOGY - NUNEATON - CAMP HILL - GP LED HEALTH CENTRE,18,0.0,0.0,0.0,0.0,0.0,0.0,0.0,0.0
2026-05-01,ACG08,NEWMEDICA OPHTHALMOLOGY - NUNEATON - CAMP HILL - GP LED HEALTH CENTRE,9,0.0,0.0,0.0,0.0,0.0,0.0,0.0,0.0
2026-06-01,ACG08,NEWMEDICA OPHTHALMOLOGY - NUNEATON - CAMP HILL - GP LED HEALTH CENTRE,10,0.0,0.0,0.0,0.0,0.0,0.0,0.0,0.0
2025-04-01,ACG12,NEWMEDICA COMMUNITY OPHTHALMOLOGY - NORTH EAST LINCOLNSHIRE - GRIMSBY,686,8.0,0.0,0.0,0.0,1.1661807580174928,0.0,0.0,0.0
2025-05-01,ACG12,NEWMEDICA COMMUNITY OPHTHALMOLOGY - NORTH EAST LINCOLNSHIRE - GRIMSBY,742,16.0,0.0,0.0,0.0,2.15633423180593,0.0,0.0,0.0
2025-06-01,ACG12,NEWMEDICA COMMUNITY OPHTHALMOLOGY - NORTH EAST LINCOLNSHIRE - GRIMSBY,782,52.0,0.0,0.0,0.0,6.649616368286446,0.0,0.0,0.0
2025-07-01,ACG12,NEWMEDICA COMMUNITY OPHTHALMOLOGY - NORTH EAST LINCOLNSHIRE - GRIMSBY,954,97.0,0.0,0.0,0.0,10.167714884696016,0.0,0.0,0.0
2025-08-01,ACG12,NEWMEDICA COMMUNITY OPHTHALMOLOGY - NORTH EAST LINCOLNSHIRE - GRIMSBY,1058,156.0,0.0,0.0,0.0,14.744801512287333,0.0,0.0,0.0
2025-09-01,ACG12,NEWMEDICA COMMUNITY OPHTHALMOLOGY - NORTH EAST LINCOLNSHIRE - GRIMSBY,1187,206.0,0.0,0.0,0.0,17.354675652906487,0.0,0.0,0.0
2025-10-01,ACG12,NEWMEDICA COMMUNITY OPHTHALMOLOGY - NORTH EAST LINCOLNSHIRE - GRIMSBY,1222,227.0,0.0,0.0,0.0,18.57610474631751,0.0,0.0,0.0
2025-11-01,ACG12,NEWMEDICA COMMUNITY OPHTHALMOLOGY - NORTH EAST LINCOLNSHIRE - GRIMSBY,1268,284.0,0.0,0.0,0.0,22.397476340694006,0.0,0.0,0.0
2025-12-01,ACG12,NEWMEDICA COMMUNITY OPHTHALMOLOGY - NORTH EAST LINCOLNSHIRE - GRIMSBY,1311,377.0,1.0,0.0,0.0,28.756674294431733,0.07627765064836003,0.0,0.0
2026-01-01,ACG12,NEWMEDICA COMMUNITY OPHTHALMOLOGY - NORTH EAST LINCOLNSHIRE - GRIMSBY,1133,374.0,2.0,0.0,0.0,33.00970873786408,0.176522506619594,0.0,0.0
2026-02-01,ACG12,NEWMEDICA COMMUNITY OPHTHALMOLOGY - NORTH EAST LINCOLNSHIRE - GRIMSBY,1097,339.0,0.0,0.0,0.0,30.9024612579763,0.0,0.0,0.0
2026-03-01,ACG12,NEWMEDICA COMMUNITY OPHTHALMOLOGY - NORTH EAST LINCOLNSHIRE - GRIMSBY,1057,285.0,1.0,1.0,0.0,26.96310312204352,0.0946073793755913,0.0946073793755913,0.0
2026-04-01,ACG12,NEWMEDICA COMMUNITY OPHTHALMOLOGY - NORTH EAST LINCOLNSHIRE - GRIMSBY,1019,235.0,0.0,0.0,0.0,23.061825318940137,0.0,0.0,0.0
2026-05-01,ACG12,NEWMEDICA COMMUNITY OPHTHALMOLOGY - NORTH EAST LINCOLNSHIRE - GRIMSBY,994,173.0,1.0,0.0,0.0,17.404426559356136,0.1006036217303823,0.0,0.0
2026-06-01,ACG12,NEWMEDICA COMMUNITY OPHTHALMOLOGY - NORTH EAST LINCOLNSHIRE - GRIMSBY,981,200.0,1.0,0.0,0.0,20.38735983690112,0.10193679918450561,0.0,0.0
2025-04-01,ACG13,NEWMEDICA - GLOUCESTER (ASPEN MEDICAL CENTRE),311,25.0,0.0,0.0,0.0,8.038585209003216,0.0,0.0,0.0
2025-05-01,ACG13,NEWMEDICA - GLOUCESTER (ASPEN MEDICAL CENTRE),304,21.0,0.0,0.0,0.0,6.907894736842106,0.0,0.0,0.0
2025-06-01,ACG13,NEWMEDICA - GLOUCESTER (ASPEN MEDICAL CENTRE),303,28.0,0.0,0.0,0.0,9.24092409240924,0.0,0.0,0.0
2025-07-01,ACG13,NEWMEDICA - GLOUCESTER (ASPEN MEDICAL CENTRE),290,31.0,0.0,0.0,0.0,10.689655172413794,0.0,0.0,0.0
2025-08-01,ACG13,NEWMEDICA - GLOUCESTER (ASPEN MEDICAL CENTRE),361,34.0,0.0,0.0,0.0,9.418282548476455,0.0,0.0,0.0
2025-09-01,ACG13,NEWMEDICA - GLOUCESTER (ASPEN MEDICAL CENTRE),369,43.0,0.0,0.0,0.0,11.653116531165312,0.0,0.0,0.0
2025-10-01,ACG13,NEWMEDICA - GLOUCESTER (ASPEN MEDICAL CENTRE),382,50.0,1.0,0.0,0.0,13.089005235602095,0.2617801047120419,0.0,0.0
2025-11-01,ACG13,NEWMEDICA - GLOUCESTER (ASPEN MEDICAL CENTRE),432,85.0,1.0,0.0,0.0,19.675925925925927,0.23148148148148145,0.0,0.0
2025-12-01,ACG13,NEWMEDICA - GLOUCESTER (ASPEN MEDICAL CENTRE),458,98.0,1.0,0.0,0.0,21.397379912663755,0.21834061135371177,0.0,0.0
2026-01-01,ACG13,NEWMEDICA - GLOUCESTER (ASPEN MEDICAL CENTRE),461,130.0,2.0,0.0,0.0,28.199566160520607,0.43383947939262474,0.0,0.0
2026-02-01,ACG13,NEWMEDICA - GLOUCESTER (ASPEN MEDICAL CENTRE),516,154.0,2.0,0.0,0.0,29.844961240310074,0.3875968992248062,0.0,0.0
2026-03-01,ACG13,NEWMEDICA - GLOUCESTER (ASPEN MEDICAL CENTRE),526,156.0,2.0,0.0,0.0,29.65779467680608,0.38022813688212925,0.0,0.0
2026-04-01,ACG13,NEWMEDICA - GLOUCESTER (ASPEN MEDICAL CENTRE),475,131.0,1.0,0.0,0.0,27.57894736842105,0.21052631578947367,0.0,0.0
2026-05-01,ACG13,NEWMEDICA - GLOUCESTER (ASPEN MEDICAL CENTRE),461,84.0,1.0,0.0,0.0,18.22125813449024,0.21691973969631237,0.0,0.0
2026-06-01,ACG13,NEWMEDICA - GLOUCESTER (ASPEN MEDICAL CENTRE),520,121.0,1.0,0.0,0.0,23.26923076923077,0.19230769230769232,0.0,0.0
2025-04-01,ACG19,NEWMEDICA COMMUNITY OPHTHALMOLOGY - LEEDS,578,5.0,0.0,0.0,0.0,0.8650519031141869,0.0,0.0,0.0
2025-05-01,ACG19,NEWMEDICA COMMUNITY OPHTHALMOLOGY - LEEDS,560,10.0,0.0,0.0,0.0,1.7857142857142856,0.0,0.0,0.0
2025-06-01,ACG19,NEWMEDICA COMMUNITY OPHTHALMOLOGY - LEEDS,643,28.0,0.0,0.0,0.0,4.354587869362364,0.0,0.0,0.0
2025-07-01,ACG19,NEWMEDICA COMMUNITY OPHTHALMOLOGY - LEEDS,564,21.0,0.0,0.0,0.0,3.723404255319149,0.0,0.0,0.0
2025-08-01,ACG19,NEWMEDICA COMMUNITY OPHTHALMOLOGY - LEEDS,590,34.0,0.0,0.0,0.0,5.762711864406779,0.0,0.0,0.0
2025-09-01,ACG19,NEWMEDICA COMMUNITY OPHTHALMOLOGY - LEEDS,673,41.0,0.0,0.0,0.0,6.092124814264487,0.0,0.0,0.0
2025-10-01,ACG19,NEWMEDICA COMMUNITY OPHTHALMOLOGY - LEEDS,727,43.0,0.0,0.0,0.0,5.914718019257221,0.0,0.0,0.0
2025-11-01,ACG19,NEWMEDICA COMMUNITY OPHTHALMOLOGY - LEEDS,749,71.0,0.0,0.0,0.0,9.479305740987984,0.0,0.0,0.0
2025-12-01,ACG19,NEWMEDICA COMMUNITY OPHTHALMOLOGY - LEEDS,738,83.0,0.0,0.0,0.0,11.246612466124661,0.0,0.0,0.0
2026-01-01,ACG19,NEWMEDICA COMMUNITY OPHTHALMOLOGY - LEEDS,700,82.0,1.0,1.0,0.0,11.714285714285715,0.14285714285714285,0.14285714285714285,0.0
2026-02-01,ACG19,NEWMEDICA COMMUNITY OPHTHALMOLOGY - LEEDS,713,83.0,0.0,0.0,0.0,11.640953716690042,0.0,0.0,0.0
2026-03-01,ACG19,NEWMEDICA COMMUNITY OPHTHALMOLOGY - LEEDS,645,72.0,0.0,0.0,0.0,11.162790697674419,0.0,0.0,0.0
2026-04-01,ACG19,NEWMEDICA COMMUNITY OPHTHALMOLOGY - LEEDS,585,62.0,0.0,0.0,0.0,10.598290598290598,0.0,0.0,0.0
2026-05-01,ACG19,NEWMEDICA COMMUNITY OPHTHALMOLOGY - LEEDS,687,57.0,0.0,0.0,0.0,8.296943231441048,0.0,0.0,0.0
2026-06-01,ACG19,NEWMEDICA COMMUNITY OPHTHALMOLOGY - LEEDS,701,91.0,0.0,0.0,0.0,12.981455064194009,0.0,0.0,0.0
2025-04-01,ACG20,NEWMEDICA - BRISTOL - LITFIELD HOUSE,244,2.0,0.0,0.0,0.0,0.819672131147541,0.0,0.0,0.0
2025-05-01,ACG20,NEWMEDICA - BRISTOL - LITFIELD HOUSE,268,1.0,0.0,0.0,0.0,0.3731343283582089,0.0,0.0,0.0
2025-06-01,ACG20,NEWMEDICA - BRISTOL - LITFIELD HOUSE,274,6.0,0.0,0.0,0.0,2.18978102189781,0.0,0.0,0.0
2025-07-01,ACG20,NEWMEDICA - BRISTOL - LITFIELD HOUSE,293,6.0,0.0,0.0,0.0,2.04778156996587,0.0,0.0,0.0
2025-08-01,ACG20,NEWMEDICA - BRISTOL - LITFIELD HOUSE,312,11.0,0.0,0.0,0.0,3.5256410256410255,0.0,0.0,0.0
2025-09-01,ACG20,NEWMEDICA - BRISTOL - LITFIELD HOUSE,295,14.0,0.0,0.0,0.0,4.745762711864407,0.0,0.0,0.0
2025-10-01,ACG20,NEWMEDICA - BRISTOL - LITFIELD HOUSE,335,25.0,0.0,0.0,0.0,7.462686567164178,0.0,0.0,0.0
2025-11-01,ACG20,NEWMEDICA - BRISTOL - LITFIELD HOUSE,380,33.0,0.0,0.0,0.0,8.68421052631579,0.0,0.0,0.0
2025-12-01,ACG20,NEWMEDICA - BRISTOL - LITFIELD HOUSE,459,44.0,0.0,0.0,0.0,9.586056644880173,0.0,0.0,0.0
2026-01-01,ACG20,NEWMEDICA - BRISTOL - LITFIELD HOUSE,464,52.0,1.0,0.0,0.0,11.206896551724139,0.21551724137931033,0.0,0.0
2026-02-01,ACG20,NEWMEDICA - BRISTOL - LITFIELD HOUSE,464,62.0,0.0,0.0,0.0,13.36206896551724,0.0,0.0,0.0
2026-03-01,ACG20,NEWMEDICA - BRISTOL - LITFIELD HOUSE,402,80.0,0.0,0.0,0.0,19.900497512437813,0.0,0.0,0.0
2026-04-01,ACG20,NEWMEDICA - BRISTOL - LITFIELD HOUSE,428,92.0,2.0,0.0,0.0,21.49532710280374,0.46728971962616817,0.0,0.0
2026-05-01,ACG20,NEWMEDICA - BRISTOL - LITFIELD HOUSE,357,54.0,1.0,0.0,0.0,15.126050420168067,0.2801120448179272,0.0,0.0
2026-06-01,ACG20,NEWMEDICA - BRISTOL - LITFIELD HOUSE,367,53.0,1.0,0.0,0.0,14.441416893732969,0.2724795640326975,0.0,0.0
2025-04-01,ACG22,NEWMEDICA - BRIGG - RIVERSIDE SURGERY,768,16.0,0.0,0.0,0.0,2.083333333333333,0.0,0.0,0.0
2025-05-01,ACG22,NEWMEDICA - BRIGG - RIVERSIDE SURGERY,822,39.0,0.0,0.0,0.0,4.744525547445255,0.0,0.0,0.0
2025-06-01,ACG22,NEWMEDICA - BRIGG - RIVERSIDE SURGERY,866,81.0,0.0,0.0,0.0,9.353348729792147,0.0,0.0,0.0
2025-07-01,ACG22,NEWMEDICA - BRIGG - RIVERSIDE SURGERY,902,130.0,0.0,0.0,0.0,14.412416851441243,0.0,0.0,0.0
2025-08-01,ACG22,NEWMEDICA - BRIGG - RIVERSIDE SURGERY,979,163.0,0.0,0.0,0.0,16.649642492339122,0.0,0.0,0.0
2025-09-01,ACG22,NEWMEDICA - BRIGG - RIVERSIDE SURGERY,1001,217.0,0.0,0.0,0.0,21.678321678321677,0.0,0.0,0.0
2025-10-01,ACG22,NEWMEDICA - BRIGG - RIVERSIDE SURGERY,942,203.0,0.0,0.0,0.0,21.549893842887474,0.0,0.0,0.0
2025-11-01,ACG22,NEWMEDICA - BRIGG - RIVERSIDE SURGERY,981,214.0,0.0,0.0,0.0,21.8144750254842,0.0,0.0,0.0
2025-12-01,ACG22,NEWMEDICA - BRIGG - RIVERSIDE SURGERY,984,260.0,0.0,0.0,0.0,26.422764227642276,0.0,0.0,0.0
2026-01-01,ACG22,NEWMEDICA - BRIGG - RIVERSIDE SURGERY,851,235.0,0.0,0.0,0.0,27.614571092831962,0.0,0.0,0.0
2026-02-01,ACG22,NEWMEDICA - BRIGG - RIVERSIDE SURGERY,881,267.0,0.0,0.0,0.0,30.30646992054484,0.0,0.0,0.0
2026-03-01,ACG22,NEWMEDICA - BRIGG - RIVERSIDE SURGERY,890,296.0,0.0,0.0,0.0,33.258426966292134,0.0,0.0,0.0
2026-04-01,ACG22,NEWMEDICA - BRIGG - RIVERSIDE SURGERY,735,144.0,0.0,0.0,0.0,19.591836734693878,0.0,0.0,0.0
2026-05-01,ACG22,NEWMEDICA - BRIGG - RIVERSIDE SURGERY,721,122.0,0.0,0.0,0.0,16.920943134535367,0.0,0.0,0.0
2026-06-01,ACG22,NEWMEDICA - BRIGG - RIVERSIDE SURGERY,751,147.0,0.0,0.0,0.0,19.573901464713714,0.0,0.0,0.0
2025-04-01,ACG24,NEWMEDICA - TEESSIDE - NORTH ORMESBY,901,4.0,0.0,0.0,0.0,0.4439511653718091,0.0,0.0,0.0
2025-05-01,ACG24,NEWMEDICA - TEESSIDE - NORTH ORMESBY,783,3.0,0.0,0.0,0.0,0.38314176245210724,0.0,0.0,0.0
2025-06-01,ACG24,NEWMEDICA - TEESSIDE - NORTH ORMESBY,837,8.0,0.0,0.0,0.0,0.955794504181601,0.0,0.0,0.0
2025-07-01,ACG24,NEWMEDICA - TEESSIDE - NORTH ORMESBY,889,4.0,0.0,0.0,0.0,0.44994375703037126,0.0,0.0,0.0
2025-08-01,ACG24,NEWMEDICA - TEESSIDE - NORTH ORMESBY,1000,10.0,0.0,0.0,0.0,1.0,0.0,0.0,0.0
2025-09-01,ACG24,NEWMEDICA - TEESSIDE - NORTH ORMESBY,965,12.0,0.0,0.0,0.0,1.2435233160621761,0.0,0.0,0.0
2025-10-01,ACG24,NEWMEDICA - TEESSIDE - NORTH ORMESBY,1060,19.0,0.0,0.0,0.0,1.7924528301886793,0.0,0.0,0.0
2025-11-01,ACG24,NEWMEDICA - TEESSIDE - NORTH ORMESBY,1171,19.0,0.0,0.0,0.0,1.6225448334756618,0.0,0.0,0.0
2025-12-01,ACG24,NEWMEDICA - TEESSIDE - NORTH ORMESBY,1352,40.0,0.0,0.0,0.0,2.9585798816568047,0.0,0.0,0.0
2026-01-01,ACG24,NEWMEDICA - TEESSIDE - NORTH ORMESBY,1427,33.0,0.0,0.0,0.0,2.312543798177996,0.0,0.0,0.0
2026-02-01,ACG24,NEWMEDICA - TEESSIDE - NORTH ORMESBY,1413,43.0,0.0,0.0,0.0,3.043170559094126,0.0,0.0,0.0
2026-03-01,ACG24,NEWMEDICA - TEESSIDE - NORTH ORMESBY,1369,71.0,0.0,0.0,0.0,5.186267348429511,0.0,0.0,0.0
2026-04-01,ACG24,NEWMEDICA - TEESSIDE - NORTH ORMESBY,1387,50.0,0.0,0.0,0.0,3.604902667627974,0.0,0.0,0.0
2026-05-01,ACG24,NEWMEDICA - TEESSIDE - NORTH ORMESBY,1631,54.0,0.0,0.0,0.0,3.310852237890864,0.0,0.0,0.0
2026-06-01,ACG24,NEWMEDICA - TEESSIDE - NORTH ORMESBY,1631,65.0,0.0,0.0,0.0,3.9852851011649295,0.0,0.0,0.0
2025-04-01,ACG26,NEWMEDICA - NORTH DERBYSHIRE - MIDLAND COURT,930,11.0,0.0,0.0,0.0,1.1827956989247312,0.0,0.0,0.0
2025-05-01,ACG26,NEWMEDICA - NORTH DERBYSHIRE - MIDLAND COURT,1026,24.0,0.0,0.0,0.0,2.3391812865497075,0.0,0.0,0.0
2025-06-01,ACG26,NEWMEDICA - NORTH DERBYSHIRE - MIDLAND COURT,964,45.0,0.0,0.0,0.0,4.668049792531121,0.0,0.0,0.0
2025-07-01,ACG26,NEWMEDICA - NORTH DERBYSHIRE - MIDLAND COURT,956,56.0,0.0,0.0,0.0,5.857740585774058,0.0,0.0,0.0
2025-08-01,ACG26,NEWMEDICA - NORTH DERBYSHIRE - MIDLAND COURT,919,54.0,0.0,0.0,0.0,5.8759521218716,0.0,0.0,0.0
2025-09-01,ACG26,NEWMEDICA - NORTH DERBYSHIRE - MIDLAND COURT,983,50.0,0.0,0.0,0.0,5.0864699898270604,0.0,0.0,0.0
2025-10-01,ACG26,NEWMEDICA - NORTH DERBYSHIRE - MIDLAND COURT,1013,64.0,0.0,0.0,0.0,6.317867719644619,0.0,0.0,0.0
2025-11-01,ACG26,NEWMEDICA - NORTH DERBYSHIRE - MIDLAND COURT,1189,73.0,0.0,0.0,0.0,6.139613120269134,0.0,0.0,0.0
2025-12-01,ACG26,NEWMEDICA - NORTH DERBYSHIRE - MIDLAND COURT,1239,81.0,0.0,0.0,0.0,6.5375302663438255,0.0,0.0,0.0
2026-01-01,ACG26,NEWMEDICA - NORTH DERBYSHIRE - MIDLAND COURT,1219,74.0,0.0,0.0,0.0,6.070549630844955,0.0,0.0,0.0
2026-02-01,ACG26,NEWMEDICA - NORTH DERBYSHIRE - MIDLAND COURT,1185,97.0,0.0,0.0,0.0,8.185654008438819,0.0,0.0,0.0
2026-03-01,ACG26,NEWMEDICA - NORTH DERBYSHIRE - MIDLAND COURT,1241,112.0,0.0,0.0,0.0,9.024979854955681,0.0,0.0,0.0
2026-04-01,ACG26,NEWMEDICA - NORTH DERBYSHIRE - MIDLAND COURT,1368,129.0,0.0,0.0,0.0,9.429824561403509,0.0,0.0,0.0
2026-05-01,ACG26,NEWMEDICA - NORTH DERBYSHIRE - MIDLAND COURT,1237,114.0,0.0,0.0,0.0,9.21584478577203,0.0,0.0,0.0
2026-06-01,ACG26,NEWMEDICA - NORTH DERBYSHIRE - MIDLAND COURT,1207,98.0,0.0,0.0,0.0,8.11930405965203,0.0,0.0,0.0
2025-04-01,ACG30,NEWMEDICA - WORKSOP - DUKERIES,124,2.0,0.0,0.0,0.0,1.6129032258064515,0.0,0.0,0.0
2025-05-01,ACG30,NEWMEDICA - WORKSOP - DUKERIES,134,5.0,0.0,0.0,0.0,3.731343283582089,0.0,0.0,0.0
2025-06-01,ACG30,NEWMEDICA - WORKSOP - DUKERIES,137,11.0,0.0,0.0,0.0,8.02919708029197,0.0,0.0,0.0
2025-07-01,ACG30,NEWMEDICA - WORKSOP - DUKERIES,153,6.0,0.0,0.0,0.0,3.9215686274509802,0.0,0.0,0.0
2025-08-01,ACG30,NEWMEDICA - WORKSOP - DUKERIES,148,7.0,0.0,0.0,0.0,4.72972972972973,0.0,0.0,0.0
2025-09-01,ACG30,NEWMEDICA - WORKSOP - DUKERIES,146,14.0,0.0,0.0,0.0,9.58904109589041,0.0,0.0,0.0
2025-10-01,ACG30,NEWMEDICA - WORKSOP - DUKERIES,137,11.0,0.0,0.0,0.0,8.02919708029197,0.0,0.0,0.0
2025-11-01,ACG30,NEWMEDICA - WORKSOP - DUKERIES,160,9.0,0.0,0.0,0.0,5.625,0.0,0.0,0.0
2025-12-01,ACG30,NEWMEDICA - WORKSOP - DUKERIES,164,15.0,0.0,0.0,0.0,9.146341463414634,0.0,0.0,0.0
2026-01-01,ACG30,NEWMEDICA - WORKSOP - DUKERIES,163,10.0,0.0,0.0,0.0,6.134969325153374,0.0,0.0,0.0
2026-02-01,ACG30,NEWMEDICA - WORKSOP - DUKERIES,129,10.0,0.0,0.0,0.0,7.751937984496124,0.0,0.0,0.0
2026-03-01,ACG30,NEWMEDICA - WORKSOP - DUKERIES,162,12.0,0.0,0.0,0.0,7.4074074074074066,0.0,0.0,0.0
2026-04-01,ACG30,NEWMEDICA - WORKSOP - DUKERIES,173,11.0,0.0,0.0,0.0,6.358381502890173,0.0,0.0,0.0
2026-05-01,ACG30,NEWMEDICA - WORKSOP - DUKERIES,160,9.0,0.0,0.0,0.0,5.625,0.0,0.0,0.0
2026-06-01,ACG30,NEWMEDICA - WORKSOP - DUKERIES,181,13.0,0.0,0.0,0.0,7.18232044198895,0.0,0.0,0.0
2025-04-01,ACG31,NEWMEDICA - WORCESTER,536,3.0,0.0,0.0,0.0,0.5597014925373134,0.0,0.0,0.0
2025-05-01,ACG31,NEWMEDICA - WORCESTER,685,9.0,0.0,0.0,0.0,1.313868613138686,0.0,0.0,0.0
2025-06-01,ACG31,NEWMEDICA - WORCESTER,750,32.0,0.0,0.0,0.0,4.266666666666667,0.0,0.0,0.0
2025-07-01,ACG31,NEWMEDICA - WORCESTER,755,21.0,0.0,0.0,0.0,2.781456953642384,0.0,0.0,0.0
2025-08-01,ACG31,NEWMEDICA - WORCESTER,796,54.0,0.0,0.0,0.0,6.78391959798995,0.0,0.0,0.0
2025-09-01,ACG31,NEWMEDICA - WORCESTER,757,21.0,0.0,0.0,0.0,2.7741083223249667,0.0,0.0,0.0
2025-10-01,ACG31,NEWMEDICA - WORCESTER,752,32.0,0.0,0.0,0.0,4.25531914893617,0.0,0.0,0.0
2025-11-01,ACG31,NEWMEDICA - WORCESTER,744,33.0,0.0,0.0,0.0,4.435483870967742,0.0,0.0,0.0
2025-12-01,ACG31,NEWMEDICA - WORCESTER,708,53.0,0.0,0.0,0.0,7.4858757062146895,0.0,0.0,0.0
2026-01-01,ACG31,NEWMEDICA - WORCESTER,686,47.0,0.0,0.0,0.0,6.851311953352769,0.0,0.0,0.0
2026-02-01,ACG31,NEWMEDICA - WORCESTER,678,41.0,0.0,0.0,0.0,6.047197640117994,0.0,0.0,0.0
2026-03-01,ACG31,NEWMEDICA - WORCESTER,814,76.0,0.0,0.0,0.0,9.336609336609335,0.0,0.0,0.0
2026-04-01,ACG31,NEWMEDICA - WORCESTER,868,105.0,0.0,0.0,0.0,12.096774193548388,0.0,0.0,0.0
2026-05-01,ACG31,NEWMEDICA - WORCESTER,917,155.0,0.0,0.0,0.0,16.90294438386041,0.0,0.0,0.0
2026-06-01,ACG31,NEWMEDICA - WORCESTER,966,177.0,1.0,0.0,0.0,18.32298136645963,0.10351966873706005,0.0,0.0
2025-04-01,ACG36,NEWMEDICA - EXETER - GLEN HOUSE,217,7.0,0.0,0.0,0.0,3.225806451612903,0.0,0.0,0.0
2025-05-01,ACG36,NEWMEDICA - EXETER - GLEN HOUSE,210,6.0,0.0,0.0,0.0,2.857142857142857,0.0,0.0,0.0
2025-06-01,ACG36,NEWMEDICA - EXETER - GLEN HOUSE,215,9.0,0.0,0.0,0.0,4.186046511627907,0.0,0.0,0.0
2025-07-01,ACG36,NEWMEDICA - EXETER - GLEN HOUSE,205,10.0,0.0,0.0,0.0,4.878048780487805,0.0,0.0,0.0
2025-08-01,ACG36,NEWMEDICA - EXETER - GLEN HOUSE,244,7.0,0.0,0.0,0.0,2.8688524590163933,0.0,0.0,0.0
2025-09-01,ACG36,NEWMEDICA - EXETER - GLEN HOUSE,236,7.0,0.0,0.0,0.0,2.9661016949152543,0.0,0.0,0.0
2025-10-01,ACG36,NEWMEDICA - EXETER - GLEN HOUSE,343,8.0,0.0,0.0,0.0,2.3323615160349855,0.0,0.0,0.0
2025-11-01,ACG36,NEWMEDICA - EXETER - GLEN HOUSE,438,20.0,0.0,0.0,0.0,4.5662100456621,0.0,0.0,0.0
2025-12-01,ACG36,NEWMEDICA - EXETER - GLEN HOUSE,424,23.0,0.0,0.0,0.0,5.4245283018867925,0.0,0.0,0.0
2026-01-01,ACG36,NEWMEDICA - EXETER - GLEN HOUSE,427,30.0,0.0,0.0,0.0,7.02576112412178,0.0,0.0,0.0
2026-02-01,ACG36,NEWMEDICA - EXETER - GLEN HOUSE,399,28.0,0.0,0.0,0.0,7.017543859649122,0.0,0.0,0.0
2026-03-01,ACG36,NEWMEDICA - EXETER - GLEN HOUSE,383,19.0,0.0,0.0,0.0,4.960835509138381,0.0,0.0,0.0
2026-04-01,ACG36,NEWMEDICA - EXETER - GLEN HOUSE,482,36.0,0.0,0.0,0.0,7.468879668049793,0.0,0.0,0.0
2026-05-01,ACG36,NEWMEDICA - EXETER - GLEN HOUSE,490,30.0,0.0,0.0,0.0,6.122448979591836,0.0,0.0,0.0
2026-06-01,ACG36,NEWMEDICA - EXETER - GLEN HOUSE,459,28.0,0.0,0.0,0.0,6.1002178649237475,0.0,0.0,0.0
2025-04-01,ACG37,NEWMEDICA - IPSWICH,563,2.0,0.0,0.0,0.0,0.3552397868561279,0.0,0.0,0.0
2025-05-01,ACG37,NEWMEDICA - IPSWICH,529,2.0,1.0,1.0,0.0,0.3780718336483932,0.1890359168241966,0.1890359168241966,0.0
2025-06-01,ACG37,NEWMEDICA - IPSWICH,603,0.0,0.0,0.0,0.0,0.0,0.0,0.0,0.0
2025-07-01,ACG37,NEWMEDICA - IPSWICH,711,6.0,0.0,0.0,0.0,0.8438818565400843,0.0,0.0,0.0
2025-08-01,ACG37,NEWMEDICA - IPSWICH,761,5.0,0.0,0.0,0.0,0.657030223390276,0.0,0.0,0.0
2025-09-01,ACG37,NEWMEDICA - IPSWICH,861,10.0,0.0,0.0,0.0,1.1614401858304297,0.0,0.0,0.0
2025-10-01,ACG37,NEWMEDICA - IPSWICH,896,16.0,0.0,0.0,0.0,1.7857142857142856,0.0,0.0,0.0
2025-11-01,ACG37,NEWMEDICA - IPSWICH,930,19.0,0.0,0.0,0.0,2.043010752688172,0.0,0.0,0.0
2025-12-01,ACG37,NEWMEDICA - IPSWICH,975,22.0,0.0,0.0,0.0,2.2564102564102564,0.0,0.0,0.0
2026-01-01,ACG37,NEWMEDICA - IPSWICH,1039,26.0,0.0,0.0,0.0,2.5024061597690084,0.0,0.0,0.0
2026-02-01,ACG37,NEWMEDICA - IPSWICH,1110,48.0,0.0,0.0,0.0,4.324324324324325,0.0,0.0,0.0
2026-03-01,ACG37,NEWMEDICA - IPSWICH,1169,107.0,0.0,0.0,0.0,9.153122326775023,0.0,0.0,0.0
2026-04-01,ACG37,NEWMEDICA - IPSWICH,1218,66.0,0.0,0.0,0.0,5.41871921182266,0.0,0.0,0.0
2026-05-01,ACG37,NEWMEDICA - IPSWICH,1212,45.0,0.0,0.0,0.0,3.7128712871287126,0.0,0.0,0.0
2026-06-01,ACG37,NEWMEDICA - IPSWICH,1143,43.0,0.0,0.0,0.0,3.762029746281715,0.0,0.0,0.0
2025-04-01,ACG38,NEWMEDICA - LANGFORD,361,7.0,0.0,0.0,0.0,1.9390581717451523,0.0,0.0,0.0
2025-05-01,ACG38,NEWMEDICA - LANGFORD,391,7.0,0.0,0.0,0.0,1.7902813299232736,0.0,0.0,0.0
2025-06-01,ACG38,NEWMEDICA - LANGFORD,419,33.0,0.0,0.0,0.0,7.875894988066825,0.0,0.0,0.0
2025-07-01,ACG38,NEWMEDICA - LANGFORD,339,35.0,0.0,0.0,0.0,10.32448377581121,0.0,0.0,0.0
2025-08-01,ACG38,NEWMEDICA - LANGFORD,327,40.0,0.0,0.0,0.0,12.232415902140673,0.0,0.0,0.0
2025-09-01,ACG38,NEWMEDICA - LANGFORD,310,44.0,0.0,0.0,0.0,14.193548387096774,0.0,0.0,0.0
2025-10-01,ACG38,NEWMEDICA - LANGFORD,373,59.0,0.0,0.0,0.0,15.81769436997319,0.0,0.0,0.0
2025-11-01,ACG38,NEWMEDICA - LANGFORD,468,84.0,0.0,0.0,0.0,17.94871794871795,0.0,0.0,0.0
2025-12-01,ACG38,NEWMEDICA - LANGFORD,479,70.0,0.0,0.0,0.0,14.613778705636744,0.0,0.0,0.0
2026-01-01,ACG38,NEWMEDICA - LANGFORD,416,81.0,0.0,0.0,0.0,19.471153846153847,0.0,0.0,0.0
2026-02-01,ACG38,NEWMEDICA - LANGFORD,431,79.0,1.0,0.0,0.0,18.329466357308586,0.23201856148491878,0.0,0.0
2026-03-01,ACG38,NEWMEDICA - LANGFORD,404,80.0,1.0,0.0,0.0,19.801980198019802,0.24752475247524752,0.0,0.0
2026-04-01,ACG38,NEWMEDICA - LANGFORD,471,107.0,1.0,0.0,0.0,22.717622080679405,0.21231422505307856,0.0,0.0
2026-05-01,ACG38,NEWMEDICA - LANGFORD,432,60.0,1.0,1.0,0.0,13.88888888888889,0.23148148148148145,0.23148148148148145,0.0
2026-06-01,ACG38,NEWMEDICA - LANGFORD,421,82.0,2.0,1.0,0.0,19.47743467933492,0.4750593824228029,0.23752969121140144,0.0
2025-04-01,ACG40,NEWMEDICA - WAKEFIELD,480,7.0,0.0,0.0,0.0,1.4583333333333333,0.0,0.0,0.0
2025-05-01,ACG40,NEWMEDICA - WAKEFIELD,535,19.0,0.0,0.0,0.0,3.551401869158879,0.0,0.0,0.0
2025-06-01,ACG40,NEWMEDICA - WAKEFIELD,609,36.0,0.0,0.0,0.0,5.911330049261084,0.0,0.0,0.0
2025-07-01,ACG40,NEWMEDICA - WAKEFIELD,562,19.0,0.0,0.0,0.0,3.3807829181494666,0.0,0.0,0.0
2025-08-01,ACG40,NEWMEDICA - WAKEFIELD,532,18.0,0.0,0.0,0.0,3.3834586466165413,0.0,0.0,0.0
2025-09-01,ACG40,NEWMEDICA - WAKEFIELD,608,39.0,0.0,0.0,0.0,6.4144736842105265,0.0,0.0,0.0
2025-10-01,ACG40,NEWMEDICA - WAKEFIELD,607,68.0,0.0,0.0,0.0,11.202635914332784,0.0,0.0,0.0
2025-11-01,ACG40,NEWMEDICA - WAKEFIELD,642,89.0,0.0,0.0,0.0,13.862928348909657,0.0,0.0,0.0
2025-12-01,ACG40,NEWMEDICA - WAKEFIELD,667,106.0,0.0,0.0,0.0,15.892053973013493,0.0,0.0,0.0
2026-01-01,ACG40,NEWMEDICA - WAKEFIELD,644,98.0,0.0,0.0,0.0,15.217391304347828,0.0,0.0,0.0
2026-02-01,ACG40,NEWMEDICA - WAKEFIELD,578,76.0,0.0,0.0,0.0,13.148788927335639,0.0,0.0,0.0
2026-03-01,ACG40,NEWMEDICA - WAKEFIELD,609,102.0,1.0,0.0,0.0,16.748768472906402,0.16420361247947454,0.0,0.0
2026-04-01,ACG40,NEWMEDICA - WAKEFIELD,557,86.0,0.0,0.0,0.0,15.439856373429084,0.0,0.0,0.0
2026-05-01,ACG40,NEWMEDICA - WAKEFIELD,593,69.0,0.0,0.0,0.0,11.63575042158516,0.0,0.0,0.0
2026-06-01,ACG40,NEWMEDICA - WAKEFIELD,580,87.0,0.0,0.0,0.0,15.0,0.0,0.0,0.0
2025-04-01,ACM,EYE CARE MEDICAL LTD,6,0.0,0.0,0.0,0.0,0.0,0.0,0.0,0.0
2025-05-01,ACM,EYE CARE MEDICAL LTD,8,0.0,0.0,0.0,0.0,0.0,0.0,0.0,0.0
2025-06-01,ACM,EYE CARE MEDICAL LTD,2,0.0,0.0,0.0,0.0,0.0,0.0,0.0,0.0
2025-07-01,ACM,EYE CARE MEDICAL LTD,8,0.0,0.0,0.0,0.0,0.0,0.0,0.0,0.0
2025-08-01,ACM,EYE CARE MEDICAL LTD,12,0.0,0.0,0.0,0.0,0.0,0.0,0.0,0.0
2025-09-01,ACM,EYE CARE MEDICAL LTD,8,0.0,0.0,0.0,0.0,0.0,0.0,0.0,0.0
2025-10-01,ACM,EYE CARE MEDICAL LTD,13,0.0,0.0,0.0,0.0,0.0,0.0,0.0,0.0
2025-11-01,ACM,EYE CARE MEDICAL LTD,4,0.0,0.0,0.0,0.0,0.0,0.0,0.0,0.0
2025-12-01,ACM,EYE CARE MEDICAL LTD,1,0.0,0.0,0.0,0.0,0.0,0.0,0.0,0.0
2026-01-01,ACM,EYE CARE MEDICAL LTD,6,0.0,0.0,0.0,0.0,0.0,0.0,0.0,0.0
2026-02-01,ACM,EYE CARE MEDICAL LTD,13,0.0,0.0,0.0,0.0,0.0,0.0,0.0,0.0
2026-03-01,ACM,EYE CARE MEDICAL LTD,7,0.0,0.0,0.0,0.0,0.0,0.0,0.0,0.0
2026-04-01,ACM,EYE CARE MEDICAL LTD,8,0.0,0.0,0.0,0.0,0.0,0.0,0.0,0.0
2026-05-01,ACM,EYE CARE MEDICAL LTD,3,0.0,0.0,0.0,0.0,0.0,0.0,0.0,0.0
2026-06-01,ACM,EYE CARE MEDICAL LTD,5,0.0,0.0,0.0,0.0,0.0,0.0,0.0,0.0
2025-04-01,ADP02,KIMS HOSPITAL (NEWNHAM COURT),964,100.0,2.0,0.0,0.0,10.37344398340249,0.2074688796680498,0.0,0.0
2025-05-01,ADP02,KIMS HOSPITAL (NEWNHAM COURT),1068,82.0,2.0,0.0,0.0,7.677902621722846,0.18726591760299627,0.0,0.0
2025-06-01,ADP02,KIMS HOSPITAL (NEWNHAM COURT),1143,77.0,1.0,0.0,0.0,6.73665791776028,0.08748906386701663,0.0,0.0
2025-07-01,ADP02,KIMS HOSPITAL (NEWNHAM COURT),1305,82.0,2.0,0.0,0.0,6.283524904214559,0.15325670498084293,0.0,0.0
2025-08-01,ADP02,KIMS HOSPITAL (NEWNHAM COURT),1207,83.0,0.0,0.0,0.0,6.876553438276719,0.0,0.0,0.0
2025-09-01,ADP02,KIMS HOSPITAL (NEWNHAM COURT),1337,121.0,1.0,0.0,0.0,9.050112191473449,0.07479431563201197,0.0,0.0
2025-10-01,ADP02,KIMS HOSPITAL (NEWNHAM COURT),1379,154.0,1.0,0.0,0.0,11.16751269035533,0.0725163161711385,0.0,0.0
2025-11-01,ADP02,KIMS HOSPITAL (NEWNHAM COURT),1413,151.0,0.0,0.0,0.0,10.686482661004954,0.0,0.0,0.0
2025-12-01,ADP02,KIMS HOSPITAL (NEWNHAM COURT),1520,153.0,15.0,12.0,0.0,10.06578947368421,0.9868421052631579,0.7894736842105263,0.0
2026-01-01,ADP02,KIMS HOSPITAL (NEWNHAM COURT),1557,197.0,55.0,11.0,0.0,12.652536929993577,3.5324341682723186,0.7064868336544637,0.0
2026-02-01,ADP02,KIMS HOSPITAL (NEWNHAM COURT),1464,223.0,54.0,15.0,0.0,15.23224043715847,3.6885245901639343,1.0245901639344261,0.0
2026-03-01,ADP02,KIMS HOSPITAL (NEWNHAM COURT),1377,215.0,7.0,4.0,0.0,15.613652868554828,0.5083514887436456,0.29048656499636893,0.0
2026-04-01,ADP02,KIMS HOSPITAL (NEWNHAM COURT),1331,217.0,2.0,1.0,0.0,16.30353117956424,0.15026296018031557,0.07513148009015778,0.0
2026-05-01,ADP02,KIMS HOSPITAL (NEWNHAM COURT),1287,171.0,1.0,0.0,0.0,13.286713286713287,0.0777000777000777,0.0,0.0
2026-06-01,ADP02,KIMS HOSPITAL (NEWNHAM COURT),1285,152.0,1.0,0.0,0.0,11.828793774319065,0.07782101167315175,0.0,0.0
2025-04-01,AHP,ST MICHAEL'S CLINIC LIMITED,1632,744.0,17.0,0.0,0.0,45.588235294117645,1.0416666666666665,0.0,0.0
2025-05-01,AHP,ST MICHAEL'S CLINIC LIMITED,1461,642.0,25.0,0.0,0.0,43.94250513347023,1.7111567419575633,0.0,0.0
2025-06-01,AHP,ST MICHAEL'S CLINIC LIMITED,1556,722.0,29.0,0.0,0.0,46.40102827763496,1.8637532133676094,0.0,0.0
2025-07-01,AHP,ST MICHAEL'S CLINIC LIMITED,1559,689.0,31.0,0.0,0.0,44.19499679281591,1.9884541372674793,0.0,0.0
2025-08-01,AHP,ST MICHAEL'S CLINIC LIMITED,1755,869.0,20.0,1.0,0.0,49.515669515669515,1.1396011396011396,0.056980056980056974,0.0
2025-09-01,AHP,ST MICHAEL'S CLINIC LIMITED,1512,638.0,22.0,1.0,0.0,42.195767195767196,1.455026455026455,0.06613756613756613,0.0
2025-10-01,AHP,ST MICHAEL'S CLINIC LIMITED,1574,590.0,15.0,2.0,0.0,37.484116899618805,0.9529860228716646,0.12706480304955528,0.0
2025-11-01,AHP,ST MICHAEL'S CLINIC LIMITED,1640,553.0,11.0,2.0,0.0,33.71951219512195,0.6707317073170732,0.12195121951219512,0.0
2025-12-01,AHP,ST MICHAEL'S CLINIC LIMITED,1791,657.0,9.0,0.0,0.0,36.68341708542713,0.5025125628140703,0.0,0.0
2026-01-01,AHP,ST MICHAEL'S CLINIC LIMITED,1656,577.0,10.0,0.0,0.0,34.84299516908212,0.6038647342995169,0.0,0.0
2026-02-01,AHP,ST MICHAEL'S CLINIC LIMITED,1723,606.0,16.0,0.0,0.0,35.17121300058038,0.9286128845037724,0.0,0.0
2026-03-01,AHP,ST MICHAEL'S CLINIC LIMITED,1716,613.0,26.0,0.0,0.0,35.72261072261072,1.5151515151515151,0.0,0.0
2026-04-01,AHP,ST MICHAEL'S CLINIC LIMITED,1691,600.0,24.0,0.0,0.0,35.481963335304556,1.4192785334121822,0.0,0.0
2026-05-01,AHP,ST MICHAEL'S CLINIC LIMITED,1818,608.0,19.0,3.0,0.0,33.44334433443345,1.0451045104510452,0.16501650165016502,0.0
2026-06-01,AHP,ST MICHAEL'S CLINIC LIMITED,1755,606.0,17.0,1.0,0.0,34.52991452991453,0.9686609686609686,0.056980056980056974,0.0
2025-04-01,AJ8,THE GRANGE MEDICAL CENTRE HQ,162,0.0,0.0,0.0,0.0,0.0,0.0,0.0,0.0
2025-05-01,AJ8,THE GRANGE MEDICAL CENTRE HQ,239,0.0,0.0,0.0,0.0,0.0,0.0,0.0,0.0
2025-06-01,AJ8,THE GRANGE MEDICAL CENTRE HQ,233,0.0,0.0,0.0,0.0,0.0,0.0,0.0,0.0
2025-07-01,AJ8,THE GRANGE MEDICAL CENTRE HQ,183,0.0,0.0,0.0,0.0,0.0,0.0,0.0,0.0
2025-08-01,AJ8,THE GRANGE MEDICAL CENTRE HQ,295,0.0,0.0,0.0,0.0,0.0,0.0,0.0,0.0
2025-09-01,AJ8,THE GRANGE MEDICAL CENTRE HQ,257,0.0,0.0,0.0,0.0,0.0,0.0,0.0,0.0
2025-10-01,AJ8,THE GRANGE MEDICAL CENTRE HQ,218,0.0,0.0,0.0,0.0,0.0,0.0,0.0,0.0
2025-11-01,AJ8,THE GRANGE MEDICAL CENTRE HQ,290,0.0,0.0,0.0,0.0,0.0,0.0,0.0,0.0
2025-12-01,AJ8,THE GRANGE MEDICAL CENTRE HQ,336,0.0,0.0,0.0,0.0,0.0,0.0,0.0,0.0
2026-01-01,AJ8,THE GRANGE MEDICAL CENTRE HQ,311,0.0,0.0,0.0,0.0,0.0,0.0,0.0,0.0
2026-02-01,AJ8,THE GRANGE MEDICAL CENTRE HQ,133,0.0,0.0,0.0,0.0,0.0,0.0,0.0,0.0
2026-03-01,AJ8,THE GRANGE MEDICAL CENTRE HQ,237,0.0,0.0,0.0,0.0,0.0,0.0,0.0,0.0
2026-04-01,AJ8,THE GRANGE MEDICAL CENTRE HQ,216,0.0,0.0,0.0,0.0,0.0,0.0,0.0,0.0
2026-05-01,AJ8,THE GRANGE MEDICAL CENTRE HQ,154,0.0,0.0,0.0,0.0,0.0,0.0,0.0,0.0
2026-06-01,AJ8,THE GRANGE MEDICAL CENTRE HQ,231,0.0,0.0,0.0,0.0,0.0,0.0,0.0,0.0
2025-04-01,AQK,VERNOVA HEALTHCARE COMMUNITY INTEREST COMPANY,221,24.0,0.0,0.0,0.0,10.85972850678733,0.0,0.0,0.0
2025-05-01,AQK,VERNOVA HEALTHCARE COMMUNITY INTEREST COMPANY,258,25.0,0.0,0.0,0.0,9.689922480620156,0.0,0.0,0.0
2025-06-01,AQK,VERNOVA HEALTHCARE COMMUNITY INTEREST COMPANY,286,25.0,0.0,0.0,0.0,8.741258741258742,0.0,0.0,0.0
2025-07-01,AQK,VERNOVA HEALTHCARE COMMUNITY INTEREST COMPANY,307,22.0,0.0,0.0,0.0,7.166123778501629,0.0,0.0,0.0
2025-08-01,AQK,VERNOVA HEALTHCARE COMMUNITY INTEREST COMPANY,298,19.0,0.0,0.0,0.0,6.375838926174497,0.0,0.0,0.0
2025-09-01,AQK,VERNOVA HEALTHCARE COMMUNITY INTEREST COMPANY,281,21.0,0.0,0.0,0.0,7.473309608540925,0.0,0.0,0.0
2025-10-01,AQK,VERNOVA HEALTHCARE COMMUNITY INTEREST COMPANY,276,24.0,0.0,0.0,0.0,8.695652173913043,0.0,0.0,0.0
2025-11-01,AQK,VERNOVA HEALTHCARE COMMUNITY INTEREST COMPANY,268,31.0,0.0,0.0,0.0,11.567164179104477,0.0,0.0,0.0
2025-12-01,AQK,VERNOVA HEALTHCARE COMMUNITY INTEREST COMPANY,271,43.0,0.0,0.0,0.0,15.867158671586715,0.0,0.0,0.0
2026-01-01,AQK,VERNOVA HEALTHCARE COMMUNITY INTEREST COMPANY,269,46.0,0.0,0.0,0.0,17.100371747211895,0.0,0.0,0.0
2026-02-01,AQK,VERNOVA HEALTHCARE COMMUNITY INTEREST COMPANY,271,57.0,0.0,0.0,0.0,21.033210332103323,0.0,0.0,0.0
2026-03-01,AQK,VERNOVA HEALTHCARE COMMUNITY INTEREST COMPANY,293,68.0,4.0,0.0,0.0,23.208191126279864,1.3651877133105803,0.0,0.0
2026-04-01,AQK,VERNOVA HEALTHCARE COMMUNITY INTEREST COMPANY,281,53.0,4.0,2.0,0.0,18.86120996441281,1.4234875444839856,0.7117437722419928,0.0
2026-05-01,AQK,VERNOVA HEALTHCARE COMMUNITY INTEREST COMPANY,296,55.0,2.0,1.0,0.0,18.58108108108108,0.6756756756756757,0.33783783783783783,0.0
2026-06-01,AQK,VERNOVA HEALTHCARE COMMUNITY INTEREST COMPANY,329,64.0,5.0,4.0,1.0,19.45288753799392,1.5197568389057752,1.21580547112462,0.303951367781155
2025-04-01,AY1,MEDEFER,1779,549.0,14.0,4.0,0.0,30.86003372681282,0.7869589657110737,0.22484541877459246,0.0
2025-05-01,AY1,MEDEFER,1050,292.0,1.0,0.0,0.0,27.80952380952381,0.09523809523809523,0.0,0.0
2025-06-01,AY1,MEDEFER,640,161.0,3.0,0.0,0.0,25.156250000000004,0.46875,0.0,0.0
2025-07-01,AY1,MEDEFER,389,70.0,2.0,0.0,0.0,17.994858611825194,0.5141388174807198,0.0,0.0
2025-08-01,AY1,MEDEFER,357,43.0,1.0,0.0,0.0,12.044817927170868,0.2801120448179272,0.0,0.0
2025-09-01,AY1,MEDEFER,363,26.0,0.0,0.0,0.0,7.162534435261708,0.0,0.0,0.0
2025-10-01,AY1,MEDEFER,319,53.0,0.0,0.0,0.0,16.614420062695924,0.0,0.0,0.0
2025-11-01,AY1,MEDEFER,259,43.0,0.0,0.0,0.0,16.602316602316602,0.0,0.0,0.0
2025-12-01,AY1,MEDEFER,243,55.0,0.0,0.0,0.0,22.633744855967077,0.0,0.0,0.0
2026-01-01,AY1,MEDEFER,249,61.0,0.0,0.0,0.0,24.497991967871485,0.0,0.0,0.0
2026-02-01,AY1,MEDEFER,238,34.0,0.0,0.0,0.0,14.285714285714285,0.0,0.0,0.0
2026-03-01,AY1,MEDEFER,246,33.0,0.0,0.0,0.0,13.414634146341465,0.0,0.0,0.0
2026-04-01,AY1,MEDEFER,256,35.0,0.0,0.0,0.0,13.671875,0.0,0.0,0.0
2026-05-01,AY1,MEDEFER,256,49.0,0.0,0.0,0.0,19.140625,0.0,0.0,0.0
2026-06-01,AY1,MEDEFER,403,48.0,0.0,0.0,0.0,11.910669975186105,0.0,0.0,0.0
2025-04-01,B1A5K,NEWMEDICA - NOTTINGHAM,672,33.0,0.0,0.0,0.0,4.910714285714286,0.0,0.0,0.0
2025-05-01,B1A5K,NEWMEDICA - NOTTINGHAM,766,35.0,1.0,1.0,0.0,4.569190600522193,0.13054830287206268,0.13054830287206268,0.0
2025-06-01,B1A5K,NEWMEDICA - NOTTINGHAM,781,73.0,1.0,0.0,0.0,9.346991037131883,0.12804097311139565,0.0,0.0
2025-07-01,B1A5K,NEWMEDICA - NOTTINGHAM,690,63.0,1.0,0.0,0.0,9.130434782608695,0.14492753623188406,0.0,0.0
2025-08-01,B1A5K,NEWMEDICA - NOTTINGHAM,668,59.0,0.0,0.0,0.0,8.832335329341317,0.0,0.0,0.0
2025-09-01,B1A5K,NEWMEDICA - NOTTINGHAM,713,52.0,0.0,0.0,0.0,7.293127629733521,0.0,0.0,0.0
2025-10-01,B1A5K,NEWMEDICA - NOTTINGHAM,744,77.0,0.0,0.0,0.0,10.349462365591398,0.0,0.0,0.0
2025-11-01,B1A5K,NEWMEDICA - NOTTINGHAM,649,39.0,0.0,0.0,0.0,6.00924499229584,0.0,0.0,0.0
2025-12-01,B1A5K,NEWMEDICA - NOTTINGHAM,574,39.0,0.0,0.0,0.0,6.794425087108014,0.0,0.0,0.0
2026-01-01,B1A5K,NEWMEDICA - NOTTINGHAM,592,61.0,0.0,0.0,0.0,10.304054054054054,0.0,0.0,0.0
2026-02-01,B1A5K,NEWMEDICA - NOTTINGHAM,601,49.0,1.0,0.0,0.0,8.153078202995008,0.16638935108153077,0.0,0.0
2026-03-01,B1A5K,NEWMEDICA - NOTTINGHAM,634,23.0,1.0,0.0,0.0,3.627760252365931,0.15772870662460567,0.0,0.0
2026-04-01,B1A5K,NEWMEDICA - NOTTINGHAM,619,13.0,0.0,0.0,0.0,2.10016155088853,0.0,0.0,0.0
2026-05-01,B1A5K,NEWMEDICA - NOTTINGHAM,714,28.0,0.0,0.0,0.0,3.9215686274509802,0.0,0.0,0.0
2026-06-01,B1A5K,NEWMEDICA - NOTTINGHAM,760,57.0,0.0,0.0,0.0,7.5,0.0,0.0,0.0
2025-04-01,B3M1X,CLAREMONT PRIVATE HOSPITAL,1967,469.0,2.0,1.0,0.0,23.843416370106763,0.10167768174885612,0.05083884087442806,0.0
2025-05-01,B3M1X,CLAREMONT PRIVATE HOSPITAL,1968,476.0,5.0,0.0,0.0,24.1869918699187,0.25406504065040647,0.0,0.0
2025-06-01,B3M1X,CLAREMONT PRIVATE HOSPITAL,2000,480.0,6.0,0.0,0.0,24.0,0.3,0.0,0.0
2025-07-01,B3M1X,CLAREMONT PRIVATE HOSPITAL,2079,583.0,12.0,0.0,0.0,28.04232804232804,0.5772005772005772,0.0,0.0
2025-08-01,B3M1X,CLAREMONT PRIVATE HOSPITAL,2146,582.0,7.0,0.0,0.0,27.12022367194781,0.32618825722274,0.0,0.0
2025-09-01,B3M1X,CLAREMONT PRIVATE HOSPITAL,2040,484.0,9.0,1.0,0.0,23.72549019607843,0.4411764705882353,0.049019607843137254,0.0
2025-10-01,B3M1X,CLAREMONT PRIVATE HOSPITAL,1950,355.0,8.0,4.0,1.0,18.205128205128204,0.41025641025641024,0.20512820512820512,0.05128205128205128
2025-11-01,B3M1X,CLAREMONT PRIVATE HOSPITAL,2029,337.0,8.0,4.0,0.0,16.609167077378018,0.39428289797930016,0.19714144898965008,0.0
2025-12-01,B3M1X,CLAREMONT PRIVATE HOSPITAL,2138,479.0,1.0,1.0,0.0,22.404115996258188,0.04677268475210477,0.04677268475210477,0.0
2026-01-01,B3M1X,CLAREMONT PRIVATE HOSPITAL,2373,647.0,2.0,2.0,0.0,27.265065318162662,0.08428150021070376,0.08428150021070376,0.0
2026-02-01,B3M1X,CLAREMONT PRIVATE HOSPITAL,2596,857.0,5.0,4.0,1.0,33.01232665639445,0.1926040061633282,0.15408320493066258,0.038520801232665644
2026-03-01,B3M1X,CLAREMONT PRIVATE HOSPITAL,2748,1117.0,5.0,2.0,0.0,40.64774381368268,0.1819505094614265,0.0727802037845706,0.0
2026-04-01,B3M1X,CLAREMONT PRIVATE HOSPITAL,2935,1216.0,17.0,1.0,0.0,41.431005110732535,0.5792163543441227,0.034071550255536626,0.0
2026-05-01,B3M1X,CLAREMONT PRIVATE HOSPITAL,3092,1304.0,28.0,4.0,1.0,42.17335058214748,0.9055627425614489,0.129366106080207,0.03234152652005175
2026-06-01,B3M1X,CLAREMONT PRIVATE HOSPITAL,3172,1402.0,36.0,3.0,1.0,44.19924337957124,1.1349306431273645,0.09457755359394704,0.031525851197982346
2025-04-01,B4N1U,SPAMEDICA ROMFORD,231,17.0,0.0,0.0,0.0,7.35930735930736,0.0,0.0,0.0
2025-05-01,B4N1U,SPAMEDICA ROMFORD,360,15.0,0.0,0.0,0.0,4.166666666666666,0.0,0.0,0.0
2025-06-01,B4N1U,SPAMEDICA ROMFORD,369,14.0,0.0,0.0,0.0,3.7940379403794036,0.0,0.0,0.0
2025-07-01,B4N1U,SPAMEDICA ROMFORD,303,25.0,0.0,0.0,0.0,8.25082508250825,0.0,0.0,0.0
2025-08-01,B4N1U,SPAMEDICA ROMFORD,336,24.0,0.0,0.0,0.0,7.142857142857142,0.0,0.0,0.0
2025-09-01,B4N1U,SPAMEDICA ROMFORD,331,27.0,0.0,0.0,0.0,8.157099697885197,0.0,0.0,0.0
2025-10-01,B4N1U,SPAMEDICA ROMFORD,296,34.0,0.0,0.0,0.0,11.486486486486488,0.0,0.0,0.0
2025-11-01,B4N1U,SPAMEDICA ROMFORD,332,42.0,0.0,0.0,0.0,12.650602409638553,0.0,0.0,0.0
2025-12-01,B4N1U,SPAMEDICA ROMFORD,442,52.0,0.0,0.0,0.0,11.76470588235294,0.0,0.0,0.0
2026-01-01,B4N1U,SPAMEDICA ROMFORD,375,38.0,0.0,0.0,0.0,10.133333333333333,0.0,0.0,0.0
2026-02-01,B4N1U,SPAMEDICA ROMFORD,593,49.0,0.0,0.0,0.0,8.263069139966273,0.0,0.0,0.0
2026-03-01,B4N1U,SPAMEDICA ROMFORD,793,53.0,0.0,0.0,0.0,6.6834804539722565,0.0,0.0,0.0
2026-04-01,B4N1U,SPAMEDICA ROMFORD,984,83.0,0.0,0.0,0.0,8.434959349593496,0.0,0.0,0.0
2026-05-01,B4N1U,SPAMEDICA ROMFORD,977,84.0,0.0,0.0,0.0,8.597748208802457,0.0,0.0,0.0
2026-06-01,B4N1U,SPAMEDICA ROMFORD,849,84.0,0.0,0.0,0.0,9.89399293286219,0.0,0.0,0.0
2025-04-01,B5M7B,NEWMEDICA - NORWICH,888,18.0,0.0,0.0,0.0,2.027027027027027,0.0,0.0,0.0
2025-05-01,B5M7B,NEWMEDICA - NORWICH,844,12.0,0.0,0.0,0.0,1.4218009478672986,0.0,0.0,0.0
2025-06-01,B5M7B,NEWMEDICA - NORWICH,863,19.0,0.0,0.0,0.0,2.20162224797219,0.0,0.0,0.0
2025-07-01,B5M7B,NEWMEDICA - NORWICH,1010,30.0,0.0,0.0,0.0,2.9702970297029703,0.0,0.0,0.0
2025-08-01,B5M7B,NEWMEDICA - NORWICH,1230,25.0,0.0,0.0,0.0,2.0325203252032518,0.0,0.0,0.0
2025-09-01,B5M7B,NEWMEDICA - NORWICH,1418,45.0,0.0,0.0,0.0,3.173483779971791,0.0,0.0,0.0
2025-10-01,B5M7B,NEWMEDICA - NORWICH,1577,63.0,0.0,0.0,0.0,3.9949270767279645,0.0,0.0,0.0
2025-11-01,B5M7B,NEWMEDICA - NORWICH,1594,88.0,0.0,0.0,0.0,5.520702634880803,0.0,0.0,0.0
2025-12-01,B5M7B,NEWMEDICA - NORWICH,1596,190.0,0.0,0.0,0.0,11.904761904761903,0.0,0.0,0.0
2026-01-01,B5M7B,NEWMEDICA - NORWICH,1541,180.0,0.0,0.0,0.0,11.680726800778714,0.0,0.0,0.0
2026-02-01,B5M7B,NEWMEDICA - NORWICH,1530,164.0,0.0,0.0,0.0,10.718954248366012,0.0,0.0,0.0
2026-03-01,B5M7B,NEWMEDICA - NORWICH,1611,176.0,1.0,0.0,0.0,10.924891371818745,0.06207324643078833,0.0,0.0
2026-04-01,B5M7B,NEWMEDICA - NORWICH,1675,188.0,0.0,0.0,0.0,11.223880597014926,0.0,0.0,0.0
2026-05-01,B5M7B,NEWMEDICA - NORWICH,1688,195.0,1.0,0.0,0.0,11.552132701421801,0.05924170616113744,0.0,0.0
2026-06-01,B5M7B,NEWMEDICA - NORWICH,1664,198.0,3.0,0.0,0.0,11.899038461538462,0.18028846153846154,0.0,0.0
2025-04-01,B9J4U,SPAMEDICA PETERBOROUGH,161,8.0,0.0,0.0,0.0,4.968944099378882,0.0,0.0,0.0
2025-05-01,B9J4U,SPAMEDICA PETERBOROUGH,183,10.0,0.0,0.0,0.0,5.46448087431694,0.0,0.0,0.0
2025-06-01,B9J4U,SPAMEDICA PETERBOROUGH,221,7.0,0.0,0.0,0.0,3.167420814479638,0.0,0.0,0.0
2025-07-01,B9J4U,SPAMEDICA PETERBOROUGH,178,6.0,0.0,0.0,0.0,3.3707865168539324,0.0,0.0,0.0
2025-08-01,B9J4U,SPAMEDICA PETERBOROUGH,211,4.0,0.0,0.0,0.0,1.8957345971563981,0.0,0.0,0.0
2025-09-01,B9J4U,SPAMEDICA PETERBOROUGH,216,5.0,0.0,0.0,0.0,2.314814814814815,0.0,0.0,0.0
2025-10-01,B9J4U,SPAMEDICA PETERBOROUGH,160,4.0,0.0,0.0,0.0,2.5,0.0,0.0,0.0
2025-11-01,B9J4U,SPAMEDICA PETERBOROUGH,159,5.0,0.0,0.0,0.0,3.1446540880503147,0.0,0.0,0.0
2025-12-01,B9J4U,SPAMEDICA PETERBOROUGH,191,9.0,0.0,0.0,0.0,4.712041884816754,0.0,0.0,0.0
2026-01-01,B9J4U,SPAMEDICA PETERBOROUGH,280,21.0,0.0,0.0,0.0,7.5,0.0,0.0,0.0
2026-02-01,B9J4U,SPAMEDICA PETERBOROUGH,506,31.0,0.0,0.0,0.0,6.126482213438735,0.0,0.0,0.0
2026-03-01,B9J4U,SPAMEDICA PETERBOROUGH,504,31.0,0.0,0.0,0.0,6.15079365079365,0.0,0.0,0.0
2026-04-01,B9J4U,SPAMEDICA PETERBOROUGH,518,35.0,0.0,0.0,0.0,6.756756756756757,0.0,0.0,0.0
2026-05-01,B9J4U,SPAMEDICA PETERBOROUGH,439,41.0,0.0,0.0,0.0,9.339407744874716,0.0,0.0,0.0
2026-06-01,B9J4U,SPAMEDICA PETERBOROUGH,398,50.0,0.0,0.0,0.0,12.562814070351758,0.0,0.0,0.0
2025-04-01,B9M3W,SPAMEDICA SOUTHAMPTON,413,18.0,5.0,5.0,0.0,4.358353510895883,1.2106537530266344,1.2106537530266344,0.0
2025-05-01,B9M3W,SPAMEDICA SOUTHAMPTON,474,14.0,4.0,4.0,0.0,2.9535864978902953,0.8438818565400843,0.8438818565400843,0.0
2025-06-01,B9M3W,SPAMEDICA SOUTHAMPTON,491,13.0,6.0,3.0,1.0,2.6476578411405294,1.2219959266802443,0.6109979633401221,0.20366598778004072
2025-07-01,B9M3W,SPAMEDICA SOUTHAMPTON,484,16.0,6.0,3.0,1.0,3.3057851239669422,1.2396694214876034,0.6198347107438017,0.2066115702479339
2025-08-01,B9M3W,SPAMEDICA SOUTHAMPTON,511,204.0,7.0,3.0,1.0,39.92172211350293,1.36986301369863,0.5870841487279843,0.19569471624266144
2025-09-01,B9M3W,SPAMEDICA SOUTHAMPTON,522,256.0,7.0,5.0,2.0,49.042145593869726,1.3409961685823755,0.9578544061302682,0.38314176245210724
2025-10-01,B9M3W,SPAMEDICA SOUTHAMPTON,468,246.0,6.0,5.0,2.0,52.56410256410257,1.282051282051282,1.0683760683760684,0.4273504273504274
2025-11-01,B9M3W,SPAMEDICA SOUTHAMPTON,420,230.0,6.0,6.0,2.0,54.761904761904766,1.4285714285714286,1.4285714285714286,0.4761904761904762
2025-12-01,B9M3W,SPAMEDICA SOUTHAMPTON,446,208.0,3.0,3.0,1.0,46.63677130044843,0.672645739910314,0.672645739910314,0.2242152466367713
2026-01-01,B9M3W,SPAMEDICA SOUTHAMPTON,414,182.0,3.0,3.0,2.0,43.96135265700483,0.7246376811594203,0.7246376811594203,0.4830917874396135
2026-02-01,B9M3W,SPAMEDICA SOUTHAMPTON,514,177.0,2.0,1.0,1.0,34.43579766536965,0.38910505836575876,0.19455252918287938,0.19455252918287938
2026-03-01,B9M3W,SPAMEDICA SOUTHAMPTON,454,136.0,0.0,0.0,0.0,29.955947136563875,0.0,0.0,0.0
2026-04-01,B9M3W,SPAMEDICA SOUTHAMPTON,386,125.0,74.0,0.0,0.0,32.38341968911917,19.170984455958546,0.0,0.0
2026-05-01,B9M3W,SPAMEDICA SOUTHAMPTON,433,133.0,88.0,0.0,0.0,30.71593533487298,20.323325635103924,0.0,0.0
2026-06-01,B9M3W,SPAMEDICA SOUTHAMPTON,357,92.0,17.0,0.0,0.0,25.770308123249297,4.761904761904762,0.0,0.0
2025-04-01,C3Y0A,SPAMEDICA BLACKPOOL,158,4.0,0.0,0.0,0.0,2.5316455696202533,0.0,0.0,0.0
2025-05-01,C3Y0A,SPAMEDICA BLACKPOOL,129,2.0,0.0,0.0,0.0,1.550387596899225,0.0,0.0,0.0
2025-06-01,C3Y0A,SPAMEDICA BLACKPOOL,167,3.0,0.0,0.0,0.0,1.7964071856287425,0.0,0.0,0.0
2025-07-01,C3Y0A,SPAMEDICA BLACKPOOL,158,4.0,0.0,0.0,0.0,2.5316455696202533,0.0,0.0,0.0
2025-08-01,C3Y0A,SPAMEDICA BLACKPOOL,165,4.0,0.0,0.0,0.0,2.4242424242424243,0.0,0.0,0.0
2025-09-01,C3Y0A,SPAMEDICA BLACKPOOL,160,6.0,0.0,0.0,0.0,3.75,0.0,0.0,0.0
2025-10-01,C3Y0A,SPAMEDICA BLACKPOOL,125,2.0,0.0,0.0,0.0,1.6,0.0,0.0,0.0
2025-11-01,C3Y0A,SPAMEDICA BLACKPOOL,178,4.0,0.0,0.0,0.0,2.247191011235955,0.0,0.0,0.0
2025-12-01,C3Y0A,SPAMEDICA BLACKPOOL,247,11.0,0.0,0.0,0.0,4.4534412955465585,0.0,0.0,0.0
2026-01-01,C3Y0A,SPAMEDICA BLACKPOOL,180,17.0,0.0,0.0,0.0,9.444444444444445,0.0,0.0,0.0
2026-02-01,C3Y0A,SPAMEDICA BLACKPOOL,147,21.0,0.0,0.0,0.0,14.285714285714285,0.0,0.0,0.0
2026-03-01,C3Y0A,SPAMEDICA BLACKPOOL,171,23.0,0.0,0.0,0.0,13.450292397660817,0.0,0.0,0.0
2026-04-01,C3Y0A,SPAMEDICA BLACKPOOL,190,25.0,0.0,0.0,0.0,13.157894736842104,0.0,0.0,0.0
2026-05-01,C3Y0A,SPAMEDICA BLACKPOOL,231,21.0,0.0,0.0,0.0,9.090909090909092,0.0,0.0,0.0
2026-06-01,C3Y0A,SPAMEDICA BLACKPOOL,248,23.0,0.0,0.0,0.0,9.274193548387096,0.0,0.0,0.0
2025-04-01,C5Y9L,NEWMEDICA - BERKSHIRE - BRACKNELL,31,1.0,0.0,0.0,0.0,3.225806451612903,0.0,0.0,0.0
2025-05-01,C5Y9L,NEWMEDICA - BERKSHIRE - BRACKNELL,38,0.0,0.0,0.0,0.0,0.0,0.0,0.0,0.0
2025-06-01,C5Y9L,NEWMEDICA - BERKSHIRE - BRACKNELL,35,5.0,0.0,0.0,0.0,14.285714285714285,0.0,0.0,0.0
2025-07-01,C5Y9L,NEWMEDICA - BERKSHIRE - BRACKNELL,45,7.0,0.0,0.0,0.0,15.555555555555555,0.0,0.0,0.0
2025-08-01,C5Y9L,NEWMEDICA - BERKSHIRE - BRACKNELL,70,8.0,0.0,0.0,0.0,11.428571428571429,0.0,0.0,0.0
2025-09-01,C5Y9L,NEWMEDICA - BERKSHIRE - BRACKNELL,71,11.0,0.0,0.0,0.0,15.492957746478872,0.0,0.0,0.0
2025-10-01,C5Y9L,NEWMEDICA - BERKSHIRE - BRACKNELL,79,13.0,0.0,0.0,0.0,16.455696202531644,0.0,0.0,0.0
2025-11-01,C5Y9L,NEWMEDICA - BERKSHIRE - BRACKNELL,71,12.0,0.0,0.0,0.0,16.901408450704224,0.0,0.0,0.0
2025-12-01,C5Y9L,NEWMEDICA - BERKSHIRE - BRACKNELL,81,25.0,0.0,0.0,0.0,30.864197530864196,0.0,0.0,0.0
2026-01-01,C5Y9L,NEWMEDICA - BERKSHIRE - BRACKNELL,107,35.0,0.0,0.0,0.0,32.71028037383177,0.0,0.0,0.0
2026-02-01,C5Y9L,NEWMEDICA - BERKSHIRE - BRACKNELL,124,43.0,1.0,0.0,0.0,34.67741935483871,0.8064516129032258,0.0,0.0
2026-03-01,C5Y9L,NEWMEDICA - BERKSHIRE - BRACKNELL,164,42.0,1.0,0.0,0.0,25.609756097560975,0.6097560975609756,0.0,0.0
2026-04-01,C5Y9L,NEWMEDICA - BERKSHIRE - BRACKNELL,171,45.0,1.0,0.0,0.0,26.31578947368421,0.5847953216374269,0.0,0.0
2026-05-01,C5Y9L,NEWMEDICA - BERKSHIRE - BRACKNELL,141,25.0,0.0,0.0,0.0,17.73049645390071,0.0,0.0,0.0
2026-06-01,C5Y9L,NEWMEDICA - BERKSHIRE - BRACKNELL,124,29.0,0.0,0.0,0.0,23.387096774193548,0.0,0.0,0.0
2025-04-01,C9A7J,NEWMEDICA - BRADFORD & HUDDERSFIELD,163,2.0,0.0,0.0,0.0,1.2269938650306749,0.0,0.0,0.0
2025-05-01,C9A7J,NEWMEDICA - BRADFORD & HUDDERSFIELD,242,2.0,0.0,0.0,0.0,0.8264462809917356,0.0,0.0,0.0
2025-06-01,C9A7J,NEWMEDICA - BRADFORD & HUDDERSFIELD,220,3.0,0.0,0.0,0.0,1.3636363636363635,0.0,0.0,0.0
2025-07-01,C9A7J,NEWMEDICA - BRADFORD & HUDDERSFIELD,239,6.0,0.0,0.0,0.0,2.510460251046025,0.0,0.0,0.0
2025-08-01,C9A7J,NEWMEDICA - BRADFORD & HUDDERSFIELD,277,9.0,0.0,0.0,0.0,3.2490974729241873,0.0,0.0,0.0
2025-09-01,C9A7J,NEWMEDICA - BRADFORD & HUDDERSFIELD,357,18.0,0.0,0.0,0.0,5.042016806722689,0.0,0.0,0.0
2025-10-01,C9A7J,NEWMEDICA - BRADFORD & HUDDERSFIELD,400,33.0,0.0,0.0,0.0,8.25,0.0,0.0,0.0
2025-11-01,C9A7J,NEWMEDICA - BRADFORD & HUDDERSFIELD,457,25.0,0.0,0.0,0.0,5.470459518599562,0.0,0.0,0.0
2025-12-01,C9A7J,NEWMEDICA - BRADFORD & HUDDERSFIELD,520,37.0,0.0,0.0,0.0,7.115384615384615,0.0,0.0,0.0
2026-01-01,C9A7J,NEWMEDICA - BRADFORD & HUDDERSFIELD,596,56.0,0.0,0.0,0.0,9.395973154362416,0.0,0.0,0.0
2026-02-01,C9A7J,NEWMEDICA - BRADFORD & HUDDERSFIELD,589,47.0,0.0,0.0,0.0,7.979626485568761,0.0,0.0,0.0
2026-03-01,C9A7J,NEWMEDICA - BRADFORD & HUDDERSFIELD,685,64.0,0.0,0.0,0.0,9.343065693430656,0.0,0.0,0.0
2026-04-01,C9A7J,NEWMEDICA - BRADFORD & HUDDERSFIELD,630,39.0,0.0,0.0,0.0,6.190476190476191,0.0,0.0,0.0
2026-05-01,C9A7J,NEWMEDICA - BRADFORD & HUDDERSFIELD,850,57.0,0.0,0.0,0.0,6.705882352941177,0.0,0.0,0.0
2026-06-01,C9A7J,NEWMEDICA - BRADFORD & HUDDERSFIELD,834,90.0,1.0,0.0,0.0,10.79136690647482,0.1199040767386091,0.0,0.0
2025-04-01,D3O0Z,PLYMOUTH NEWMEDICA LTD,404,19.0,0.0,0.0,0.0,4.702970297029703,0.0,0.0,0.0
2025-05-01,D3O0Z,PLYMOUTH NEWMEDICA LTD,404,18.0,1.0,0.0,0.0,4.455445544554455,0.24752475247524752,0.0,0.0
2025-06-01,D3O0Z,PLYMOUTH NEWMEDICA LTD,345,22.0,1.0,0.0,0.0,6.3768115942028984,0.2898550724637681,0.0,0.0
2025-07-01,D3O0Z,PLYMOUTH NEWMEDICA LTD,380,26.0,1.0,0.0,0.0,6.842105263157896,0.2631578947368421,0.0,0.0
2025-08-01,D3O0Z,PLYMOUTH NEWMEDICA LTD,378,22.0,1.0,1.0,0.0,5.82010582010582,0.26455026455026454,0.26455026455026454,0.0
2025-09-01,D3O0Z,PLYMOUTH NEWMEDICA LTD,371,28.0,1.0,1.0,0.0,7.547169811320755,0.2695417789757413,0.2695417789757413,0.0
2025-10-01,D3O0Z,PLYMOUTH NEWMEDICA LTD,383,24.0,1.0,1.0,0.0,6.266318537859007,0.26109660574412535,0.26109660574412535,0.0
2025-11-01,D3O0Z,PLYMOUTH NEWMEDICA LTD,434,30.0,1.0,1.0,0.0,6.912442396313365,0.2304147465437788,0.2304147465437788,0.0
2025-12-01,D3O0Z,PLYMOUTH NEWMEDICA LTD,446,34.0,1.0,0.0,0.0,7.623318385650224,0.2242152466367713,0.0,0.0
2026-01-01,D3O0Z,PLYMOUTH NEWMEDICA LTD,494,42.0,2.0,0.0,0.0,8.502024291497975,0.4048582995951417,0.0,0.0
2026-02-01,D3O0Z,PLYMOUTH NEWMEDICA LTD,502,47.0,3.0,0.0,0.0,9.362549800796813,0.5976095617529881,0.0,0.0
2026-03-01,D3O0Z,PLYMOUTH NEWMEDICA LTD,537,41.0,1.0,0.0,0.0,7.635009310986965,0.186219739292365,0.0,0.0
2026-04-01,D3O0Z,PLYMOUTH NEWMEDICA LTD,650,44.0,1.0,0.0,0.0,6.769230769230769,0.15384615384615385,0.0,0.0
2026-05-01,D3O0Z,PLYMOUTH NEWMEDICA LTD,682,54.0,0.0,0.0,0.0,7.9178885630498534,0.0,0.0,0.0
2026-06-01,D3O0Z,PLYMOUTH NEWMEDICA LTD,711,67.0,0.0,0.0,0.0,9.423347398030943,0.0,0.0,0.0
2025-04-01,D5P5H,SPAMEDICA BEXHILL,127,1.0,0.0,0.0,0.0,0.7874015748031495,0.0,0.0,0.0
2025-05-01,D5P5H,SPAMEDICA BEXHILL,170,1.0,0.0,0.0,0.0,0.5882352941176471,0.0,0.0,0.0
2025-06-01,D5P5H,SPAMEDICA BEXHILL,182,3.0,0.0,0.0,0.0,1.6483516483516485,0.0,0.0,0.0
2025-07-01,D5P5H,SPAMEDICA BEXHILL,135,4.0,0.0,0.0,0.0,2.9629629629629632,0.0,0.0,0.0
2025-08-01,D5P5H,SPAMEDICA BEXHILL,237,8.0,0.0,0.0,0.0,3.375527426160337,0.0,0.0,0.0
2025-09-01,D5P5H,SPAMEDICA BEXHILL,219,8.0,0.0,0.0,0.0,3.65296803652968,0.0,0.0,0.0
2025-10-01,D5P5H,SPAMEDICA BEXHILL,221,4.0,0.0,0.0,0.0,1.809954751131222,0.0,0.0,0.0
2025-11-01,D5P5H,SPAMEDICA BEXHILL,272,4.0,0.0,0.0,0.0,1.4705882352941175,0.0,0.0,0.0
2025-12-01,D5P5H,SPAMEDICA BEXHILL,342,7.0,0.0,0.0,0.0,2.046783625730994,0.0,0.0,0.0
2026-01-01,D5P5H,SPAMEDICA BEXHILL,241,8.0,0.0,0.0,0.0,3.319502074688797,0.0,0.0,0.0
2026-02-01,D5P5H,SPAMEDICA BEXHILL,243,5.0,0.0,0.0,0.0,2.05761316872428,0.0,0.0,0.0
2026-03-01,D5P5H,SPAMEDICA BEXHILL,175,11.0,0.0,0.0,0.0,6.2857142857142865,0.0,0.0,0.0
2026-04-01,D5P5H,SPAMEDICA BEXHILL,231,16.0,0.0,0.0,0.0,6.926406926406926,0.0,0.0,0.0
2026-05-01,D5P5H,SPAMEDICA BEXHILL,263,18.0,0.0,0.0,0.0,6.844106463878327,0.0,0.0,0.0
2026-06-01,D5P5H,SPAMEDICA BEXHILL,194,11.0,0.0,0.0,0.0,5.670103092783505,0.0,0.0,0.0
2025-04-01,DFQ,NORWICH & NORFOLK SURGICAL LTD (N2S),900,164.0,0.0,0.0,0.0,18.22222222222222,0.0,0.0,0.0
2025-05-01,DFQ,NORWICH & NORFOLK SURGICAL LTD (N2S),838,126.0,0.0,0.0,0.0,15.035799522673033,0.0,0.0,0.0
2025-06-01,DFQ,NORWICH & NORFOLK SURGICAL LTD (N2S),800,132.0,0.0,0.0,0.0,16.5,0.0,0.0,0.0
2025-07-01,DFQ,NORWICH & NORFOLK SURGICAL LTD (N2S),856,137.0,0.0,0.0,0.0,16.00467289719626,0.0,0.0,0.0
2025-08-01,DFQ,NORWICH & NORFOLK SURGICAL LTD (N2S),874,144.0,0.0,0.0,0.0,16.475972540045767,0.0,0.0,0.0
2025-09-01,DFQ,NORWICH & NORFOLK SURGICAL LTD (N2S),914,122.0,0.0,0.0,0.0,13.347921225382933,0.0,0.0,0.0
2025-10-01,DFQ,NORWICH & NORFOLK SURGICAL LTD (N2S),1026,110.0,0.0,0.0,0.0,10.721247563352826,0.0,0.0,0.0
2025-11-01,DFQ,NORWICH & NORFOLK SURGICAL LTD (N2S),1081,104.0,0.0,0.0,0.0,9.620721554116558,0.0,0.0,0.0
2025-12-01,DFQ,NORWICH & NORFOLK SURGICAL LTD (N2S),1141,120.0,0.0,0.0,0.0,10.517090271691497,0.0,0.0,0.0
2026-01-01,DFQ,NORWICH & NORFOLK SURGICAL LTD (N2S),1128,133.0,0.0,0.0,0.0,11.790780141843973,0.0,0.0,0.0
2026-02-01,DFQ,NORWICH & NORFOLK SURGICAL LTD (N2S),1058,154.0,0.0,0.0,0.0,14.555765595463138,0.0,0.0,0.0
2026-03-01,DFQ,NORWICH & NORFOLK SURGICAL LTD (N2S),1127,206.0,0.0,0.0,0.0,18.278615794143743,0.0,0.0,0.0
2026-04-01,DFQ,NORWICH & NORFOLK SURGICAL LTD (N2S),1125,214.0,0.0,0.0,0.0,19.022222222222222,0.0,0.0,0.0
2026-05-01,DFQ,NORWICH & NORFOLK SURGICAL LTD (N2S),1040,181.0,0.0,0.0,0.0,17.403846153846153,0.0,0.0,0.0
2026-06-01,DFQ,NORWICH & NORFOLK SURGICAL LTD (N2S),1096,202.0,0.0,0.0,0.0,18.43065693430657,0.0,0.0,0.0
2025-04-01,DFY01,COTSWOLDS SURGICAL PARTNERS,133,3.0,0.0,0.0,0.0,2.2556390977443606,0.0,0.0,0.0
2025-05-01,DFY01,COTSWOLDS SURGICAL PARTNERS,148,2.0,0.0,0.0,0.0,1.3513513513513513,0.0,0.0,0.0
2025-06-01,DFY01,COTSWOLDS SURGICAL PARTNERS,131,6.0,0.0,0.0,0.0,4.580152671755725,0.0,0.0,0.0
2025-07-01,DFY01,COTSWOLDS SURGICAL PARTNERS,184,1.0,0.0,0.0,0.0,0.5434782608695652,0.0,0.0,0.0
2025-08-01,DFY01,COTSWOLDS SURGICAL PARTNERS,2,0.0,0.0,0.0,0.0,0.0,0.0,0.0,0.0
2025-09-01,DFY01,COTSWOLDS SURGICAL PARTNERS,147,2.0,0.0,0.0,0.0,1.3605442176870748,0.0,0.0,0.0
2025-10-01,DFY01,COTSWOLDS SURGICAL PARTNERS,212,0.0,0.0,0.0,0.0,0.0,0.0,0.0,0.0
2025-11-01,DFY01,COTSWOLDS SURGICAL PARTNERS,252,6.0,0.0,0.0,0.0,2.380952380952381,0.0,0.0,0.0
2025-12-01,DFY01,COTSWOLDS SURGICAL PARTNERS,233,8.0,0.0,0.0,0.0,3.4334763948497855,0.0,0.0,0.0
2026-01-01,DFY01,COTSWOLDS SURGICAL PARTNERS,217,1.0,0.0,0.0,0.0,0.4608294930875576,0.0,0.0,0.0
2026-02-01,DFY01,COTSWOLDS SURGICAL PARTNERS,278,5.0,0.0,0.0,0.0,1.7985611510791366,0.0,0.0,0.0
2026-03-01,DFY01,COTSWOLDS SURGICAL PARTNERS,294,2.0,0.0,0.0,0.0,0.6802721088435374,0.0,0.0,0.0
2026-04-01,DFY01,COTSWOLDS SURGICAL PARTNERS,275,3.0,0.0,0.0,0.0,1.090909090909091,0.0,0.0,0.0
2026-05-01,DFY01,COTSWOLDS SURGICAL PARTNERS,268,4.0,0.0,0.0,0.0,1.4925373134328357,0.0,0.0,0.0
2026-06-01,DFY01,COTSWOLDS SURGICAL PARTNERS,282,10.0,0.0,0.0,0.0,3.546099290780142,0.0,0.0,0.0
2025-04-01,DTT,PHOENIX PUBLIC HEALTH LTD,329,149.0,27.0,4.0,1.0,45.2887537993921,8.206686930091186,1.21580547112462,0.303951367781155
2025-05-01,DTT,PHOENIX PUBLIC HEALTH LTD,286,107.0,7.0,2.0,1.0,37.41258741258741,2.4475524475524475,0.6993006993006993,0.34965034965034963
2025-06-01,DTT,PHOENIX PUBLIC HEALTH LTD,263,101.0,7.0,4.0,1.0,38.40304182509506,2.6615969581749046,1.520912547528517,0.38022813688212925
2025-07-01,DTT,PHOENIX PUBLIC HEALTH LTD,248,101.0,14.0,4.0,1.0,40.725806451612904,5.64516129032258,1.6129032258064515,0.4032258064516129
2025-08-01,DTT,PHOENIX PUBLIC HEALTH LTD,238,99.0,19.0,4.0,1.0,41.596638655462186,7.9831932773109235,1.680672268907563,0.42016806722689076
2025-09-01,DTT,PHOENIX PUBLIC HEALTH LTD,237,107.0,22.0,5.0,0.0,45.14767932489451,9.282700421940929,2.109704641350211,0.0
2025-10-01,DTT,PHOENIX PUBLIC HEALTH LTD,222,82.0,17.0,5.0,0.0,36.93693693693694,7.657657657657657,2.2522522522522523,0.0
2025-11-01,DTT,PHOENIX PUBLIC HEALTH LTD,204,58.0,9.0,3.0,0.0,28.431372549019606,4.411764705882353,1.4705882352941175,0.0
2025-12-01,DTT,PHOENIX PUBLIC HEALTH LTD,177,52.0,4.0,2.0,0.0,29.37853107344633,2.2598870056497176,1.1299435028248588,0.0
2026-01-01,DTT,PHOENIX PUBLIC HEALTH LTD,147,24.0,3.0,1.0,0.0,16.3265306122449,2.0408163265306123,0.6802721088435374,0.0
2026-02-01,DTT,PHOENIX PUBLIC HEALTH LTD,156,19.0,2.0,1.0,0.0,12.179487179487179,1.282051282051282,0.641025641025641,0.0
2026-03-01,DTT,PHOENIX PUBLIC HEALTH LTD,145,14.0,1.0,1.0,0.0,9.655172413793103,0.6896551724137931,0.6896551724137931,0.0
2026-04-01,DTT,PHOENIX PUBLIC HEALTH LTD,158,15.0,0.0,0.0,0.0,9.49367088607595,0.0,0.0,0.0
2026-05-01,DTT,PHOENIX PUBLIC HEALTH LTD,179,27.0,1.0,0.0,0.0,15.083798882681565,0.5586592178770949,0.0,0.0
2026-06-01,DTT,PHOENIX PUBLIC HEALTH LTD,196,34.0,0.0,0.0,0.0,17.346938775510203,0.0,0.0,0.0
2025-04-01,DX1,THE NEW FOSCOTE HOSPITAL LTD,404,74.0,13.0,10.0,3.0,18.316831683168317,3.217821782178218,2.4752475247524752,0.7425742574257426
2025-05-01,DX1,THE NEW FOSCOTE HOSPITAL LTD,361,49.0,11.0,5.0,2.0,13.573407202216067,3.0470914127423825,1.3850415512465373,0.554016620498615
2025-06-01,DX1,THE NEW FOSCOTE HOSPITAL LTD,318,44.0,6.0,2.0,0.0,13.836477987421384,1.8867924528301887,0.628930817610063,0.0
2025-07-01,DX1,THE NEW FOSCOTE HOSPITAL LTD,334,28.0,1.0,0.0,0.0,8.383233532934131,0.29940119760479045,0.0,0.0
2025-08-01,DX1,THE NEW FOSCOTE HOSPITAL LTD,314,22.0,0.0,0.0,0.0,7.006369426751593,0.0,0.0,0.0
2025-09-01,DX1,THE NEW FOSCOTE HOSPITAL LTD,292,16.0,1.0,0.0,0.0,5.47945205479452,0.3424657534246575,0.0,0.0
2025-10-01,DX1,THE NEW FOSCOTE HOSPITAL LTD,327,13.0,0.0,0.0,0.0,3.9755351681957185,0.0,0.0,0.0
2025-11-01,DX1,THE NEW FOSCOTE HOSPITAL LTD,336,10.0,0.0,0.0,0.0,2.976190476190476,0.0,0.0,0.0
2025-12-01,DX1,THE NEW FOSCOTE HOSPITAL LTD,319,13.0,0.0,0.0,0.0,4.075235109717868,0.0,0.0,0.0
2026-01-01,DX1,THE NEW FOSCOTE HOSPITAL LTD,331,17.0,0.0,0.0,0.0,5.13595166163142,0.0,0.0,0.0
2026-02-01,DX1,THE NEW FOSCOTE HOSPITAL LTD,302,20.0,0.0,0.0,0.0,6.622516556291391,0.0,0.0,0.0
2026-03-01,DX1,THE NEW FOSCOTE HOSPITAL LTD,342,21.0,0.0,0.0,0.0,6.140350877192982,0.0,0.0,0.0
2026-04-01,DX1,THE NEW FOSCOTE HOSPITAL LTD,375,26.0,1.0,0.0,0.0,6.933333333333333,0.26666666666666666,0.0,0.0
2026-05-01,DX1,THE NEW FOSCOTE HOSPITAL LTD,399,29.0,0.0,0.0,0.0,7.268170426065162,0.0,0.0,0.0
2026-06-01,DX1,THE NEW FOSCOTE HOSPITAL LTD,408,27.0,0.0,0.0,0.0,6.61764705882353,0.0,0.0,0.0
2025-04-01,DXV,OMNES HEALTHCARE LTD,8197,962.0,11.0,6.0,0.0,11.736000975966817,0.13419543735512993,0.07319751128461632,0.0
2025-05-01,DXV,OMNES HEALTHCARE LTD,8859,1160.0,118.0,90.0,0.0,13.09402867140761,1.3319787786431878,1.015916017609211,0.0
2025-06-01,DXV,OMNES HEALTHCARE LTD,9238,1441.0,46.0,37.0,0.0,15.598614418705347,0.49794327776575015,0.4005195929854947,0.0
2025-07-01,DXV,OMNES HEALTHCARE LTD,10075,1570.0,16.0,10.0,0.0,15.583126550868487,0.1588089330024814,0.09925558312655086,0.0
2025-08-01,DXV,OMNES HEALTHCARE LTD,11055,1915.0,15.0,7.0,1.0,17.322478516508365,0.13568521031207598,0.06331976481230213,0.009045680687471733
2025-09-01,DXV,OMNES HEALTHCARE LTD,11052,2223.0,7.0,1.0,0.0,20.11400651465798,0.06333695258776692,0.009048136083966703,0.0
2025-10-01,DXV,OMNES HEALTHCARE LTD,12060,2896.0,65.0,29.0,13.0,24.013266998341624,0.538971807628524,0.2404643449419569,0.1077943615257048
2025-11-01,DXV,OMNES HEALTHCARE LTD,13004,3406.0,122.0,15.0,8.0,26.19194094124885,0.9381728698861889,0.11534912334666256,0.06151953245155337
2025-12-01,DXV,OMNES HEALTHCARE LTD,13997,4419.0,209.0,44.0,21.0,31.571050939487034,1.4931771093805815,0.3143530756590698,0.15003214974637422
2026-01-01,DXV,OMNES HEALTHCARE LTD,15169,5056.0,191.0,30.0,17.0,33.33113586920693,1.2591469444261323,0.19777177137583227,0.11207067044630498
2026-02-01,DXV,OMNES HEALTHCARE LTD,11578,4599.0,208.0,57.0,12.0,39.721886336154775,1.796510623596476,0.4923130074278805,0.10364484366902746
2026-03-01,DXV,OMNES HEALTHCARE LTD,12475,5180.0,184.0,63.0,10.0,41.523046092184366,1.4749498997995991,0.5050100200400802,0.08016032064128256
2026-04-01,DXV,OMNES HEALTHCARE LTD,13304,5463.0,205.0,69.0,7.0,41.0628382441371,1.5408899579073962,0.5186410102224895,0.05261575466025256
2026-05-01,DXV,OMNES HEALTHCARE LTD,14182,5932.0,208.0,65.0,3.0,41.82766887604005,1.4666478634889295,0.4583274573402905,0.021153574954167254
2026-06-01,DXV,OMNES HEALTHCARE LTD,12206,5089.0,209.0,80.0,4.0,41.692610191708994,1.712272652793708,0.6554153694904146,0.03277076847452073
2025-04-01,E1U4T,SPAMEDICA CARLISLE,123,1.0,0.0,0.0,0.0,0.8130081300813009,0.0,0.0,0.0
2025-05-01,E1U4T,SPAMEDICA CARLISLE,152,2.0,0.0,0.0,0.0,1.3157894736842104,0.0,0.0,0.0
2025-06-01,E1U4T,SPAMEDICA CARLISLE,161,2.0,0.0,0.0,0.0,1.2422360248447204,0.0,0.0,0.0
2025-07-01,E1U4T,SPAMEDICA CARLISLE,167,6.0,0.0,0.0,0.0,3.592814371257485,0.0,0.0,0.0
2025-08-01,E1U4T,SPAMEDICA CARLISLE,187,7.0,0.0,0.0,0.0,3.7433155080213902,0.0,0.0,0.0
2025-09-01,E1U4T,SPAMEDICA CARLISLE,251,2.0,0.0,0.0,0.0,0.796812749003984,0.0,0.0,0.0
2025-10-01,E1U4T,SPAMEDICA CARLISLE,357,4.0,0.0,0.0,0.0,1.1204481792717087,0.0,0.0,0.0
2025-11-01,E1U4T,SPAMEDICA CARLISLE,414,9.0,0.0,0.0,0.0,2.1739130434782608,0.0,0.0,0.0
2025-12-01,E1U4T,SPAMEDICA CARLISLE,469,14.0,0.0,0.0,0.0,2.9850746268656714,0.0,0.0,0.0
2026-01-01,E1U4T,SPAMEDICA CARLISLE,489,15.0,0.0,0.0,0.0,3.067484662576687,0.0,0.0,0.0
2026-02-01,E1U4T,SPAMEDICA CARLISLE,600,34.0,0.0,0.0,0.0,5.666666666666666,0.0,0.0,0.0
2026-03-01,E1U4T,SPAMEDICA CARLISLE,738,42.0,0.0,0.0,0.0,5.691056910569105,0.0,0.0,0.0
2026-04-01,E1U4T,SPAMEDICA CARLISLE,914,55.0,0.0,0.0,0.0,6.017505470459518,0.0,0.0,0.0
2026-05-01,E1U4T,SPAMEDICA CARLISLE,926,79.0,0.0,0.0,0.0,8.531317494600433,0.0,0.0,0.0
2026-06-01,E1U4T,SPAMEDICA CARLISLE,812,74.0,0.0,0.0,0.0,9.113300492610838,0.0,0.0,0.0
2025-04-01,E3D4A,SPAMEDICA TRURO,184,6.0,0.0,0.0,0.0,3.260869565217391,0.0,0.0,0.0
2025-05-01,E3D4A,SPAMEDICA TRURO,186,8.0,0.0,0.0,0.0,4.301075268817205,0.0,0.0,0.0
2025-06-01,E3D4A,SPAMEDICA TRURO,173,8.0,0.0,0.0,0.0,4.624277456647398,0.0,0.0,0.0
2025-07-01,E3D4A,SPAMEDICA TRURO,148,6.0,0.0,0.0,0.0,4.054054054054054,0.0,0.0,0.0
2025-08-01,E3D4A,SPAMEDICA TRURO,139,3.0,0.0,0.0,0.0,2.158273381294964,0.0,0.0,0.0
2025-09-01,E3D4A,SPAMEDICA TRURO,147,4.0,0.0,0.0,0.0,2.7210884353741496,0.0,0.0,0.0
2025-10-01,E3D4A,SPAMEDICA TRURO,160,4.0,0.0,0.0,0.0,2.5,0.0,0.0,0.0
2025-11-01,E3D4A,SPAMEDICA TRURO,155,3.0,0.0,0.0,0.0,1.935483870967742,0.0,0.0,0.0
2025-12-01,E3D4A,SPAMEDICA TRURO,274,3.0,0.0,0.0,0.0,1.094890510948905,0.0,0.0,0.0
2026-01-01,E3D4A,SPAMEDICA TRURO,286,6.0,0.0,0.0,0.0,2.097902097902098,0.0,0.0,0.0
2026-02-01,E3D4A,SPAMEDICA TRURO,302,13.0,0.0,0.0,0.0,4.304635761589404,0.0,0.0,0.0
2026-03-01,E3D4A,SPAMEDICA TRURO,308,14.0,0.0,0.0,0.0,4.545454545454546,0.0,0.0,0.0
2026-04-01,E3D4A,SPAMEDICA TRURO,337,19.0,0.0,0.0,0.0,5.637982195845697,0.0,0.0,0.0
2026-05-01,E3D4A,SPAMEDICA TRURO,346,24.0,0.0,0.0,0.0,6.9364161849710975,0.0,0.0,0.0
2026-06-01,E3D4A,SPAMEDICA TRURO,291,22.0,0.0,0.0,0.0,7.560137457044673,0.0,0.0,0.0
2025-04-01,F0R0W,NEWMEDICA - DARLINGTON,33,0.0,0.0,0.0,0.0,0.0,0.0,0.0,0.0
2025-05-01,F0R0W,NEWMEDICA - DARLINGTON,25,0.0,0.0,0.0,0.0,0.0,0.0,0.0,0.0
2025-06-01,F0R0W,NEWMEDICA - DARLINGTON,32,0.0,0.0,0.0,0.0,0.0,0.0,0.0,0.0
2025-07-01,F0R0W,NEWMEDICA - DARLINGTON,28,0.0,0.0,0.0,0.0,0.0,0.0,0.0,0.0
2025-08-01,F0R0W,NEWMEDICA - DARLINGTON,33,0.0,0.0,0.0,0.0,0.0,0.0,0.0,0.0
2025-09-01,F0R0W,NEWMEDICA - DARLINGTON,46,0.0,0.0,0.0,0.0,0.0,0.0,0.0,0.0
2025-10-01,F0R0W,NEWMEDICA - DARLINGTON,44,0.0,0.0,0.0,0.0,0.0,0.0,0.0,0.0
2025-11-01,F0R0W,NEWMEDICA - DARLINGTON,58,0.0,0.0,0.0,0.0,0.0,0.0,0.0,0.0
2025-12-01,F0R0W,NEWMEDICA - DARLINGTON,63,3.0,0.0,0.0,0.0,4.761904761904762,0.0,0.0,0.0
2026-01-01,F0R0W,NEWMEDICA - DARLINGTON,61,2.0,0.0,0.0,0.0,3.278688524590164,0.0,0.0,0.0
2026-02-01,F0R0W,NEWMEDICA - DARLINGTON,76,4.0,0.0,0.0,0.0,5.263157894736842,0.0,0.0,0.0
2026-03-01,F0R0W,NEWMEDICA - DARLINGTON,73,1.0,0.0,0.0,0.0,1.36986301369863,0.0,0.0,0.0
2026-04-01,F0R0W,NEWMEDICA - DARLINGTON,65,1.0,0.0,0.0,0.0,1.5384615384615385,0.0,0.0,0.0
2026-05-01,F0R0W,NEWMEDICA - DARLINGTON,78,1.0,0.0,0.0,0.0,1.282051282051282,0.0,0.0,0.0
2026-06-01,F0R0W,NEWMEDICA - DARLINGTON,73,4.0,0.0,0.0,0.0,5.47945205479452,0.0,0.0,0.0
2025-04-01,F1Y1H,NEWMEDICA - CHESHIRE OAKS,157,0.0,0.0,0.0,0.0,0.0,0.0,0.0,0.0
2025-05-01,F1Y1H,NEWMEDICA - CHESHIRE OAKS,168,2.0,0.0,0.0,0.0,1.1904761904761905,0.0,0.0,0.0
2025-06-01,F1Y1H,NEWMEDICA - CHESHIRE OAKS,175,11.0,0.0,0.0,0.0,6.2857142857142865,0.0,0.0,0.0
2025-07-01,F1Y1H,NEWMEDICA - CHESHIRE OAKS,221,16.0,0.0,0.0,0.0,7.239819004524888,0.0,0.0,0.0
2025-08-01,F1Y1H,NEWMEDICA - CHESHIRE OAKS,228,20.0,0.0,0.0,0.0,8.771929824561402,0.0,0.0,0.0
2025-09-01,F1Y1H,NEWMEDICA - CHESHIRE OAKS,274,31.0,0.0,0.0,0.0,11.313868613138686,0.0,0.0,0.0
2025-10-01,F1Y1H,NEWMEDICA - CHESHIRE OAKS,390,27.0,0.0,0.0,0.0,6.923076923076923,0.0,0.0,0.0
2025-11-01,F1Y1H,NEWMEDICA - CHESHIRE OAKS,499,35.0,0.0,0.0,0.0,7.014028056112225,0.0,0.0,0.0
2025-12-01,F1Y1H,NEWMEDICA - CHESHIRE OAKS,533,53.0,0.0,0.0,0.0,9.943714821763603,0.0,0.0,0.0
2026-01-01,F1Y1H,NEWMEDICA - CHESHIRE OAKS,557,76.0,0.0,0.0,0.0,13.644524236983843,0.0,0.0,0.0
2026-02-01,F1Y1H,NEWMEDICA - CHESHIRE OAKS,623,141.0,2.0,0.0,0.0,22.632423756019264,0.32102728731942215,0.0,0.0
2026-03-01,F1Y1H,NEWMEDICA - CHESHIRE OAKS,636,199.0,3.0,1.0,0.0,31.289308176100626,0.4716981132075472,0.15723270440251574,0.0
2026-04-01,F1Y1H,NEWMEDICA - CHESHIRE OAKS,582,203.0,4.0,2.0,0.0,34.87972508591065,0.6872852233676976,0.3436426116838488,0.0
2026-05-01,F1Y1H,NEWMEDICA - CHESHIRE OAKS,451,106.0,1.0,1.0,0.0,23.503325942350333,0.22172949002217296,0.22172949002217296,0.0
2026-06-01,F1Y1H,NEWMEDICA - CHESHIRE OAKS,468,84.0,0.0,0.0,0.0,17.94871794871795,0.0,0.0,0.0
2025-04-01,F7F6D,NEWMEDICA - HERTFORSHIRE - WELWYN GARDEN CITY,55,0.0,0.0,0.0,0.0,0.0,0.0,0.0,0.0
2025-05-01,F7F6D,NEWMEDICA - HERTFORSHIRE - WELWYN GARDEN CITY,101,0.0,0.0,0.0,0.0,0.0,0.0,0.0,0.0
2025-06-01,F7F6D,NEWMEDICA - HERTFORSHIRE - WELWYN GARDEN CITY,177,1.0,0.0,0.0,0.0,0.5649717514124294,0.0,0.0,0.0
2025-07-01,F7F6D,NEWMEDICA - HERTFORSHIRE - WELWYN GARDEN CITY,251,5.0,0.0,0.0,0.0,1.9920318725099602,0.0,0.0,0.0
2025-08-01,F7F6D,NEWMEDICA - HERTFORSHIRE - WELWYN GARDEN CITY,322,14.0,0.0,0.0,0.0,4.3478260869565215,0.0,0.0,0.0
2025-09-01,F7F6D,NEWMEDICA - HERTFORSHIRE - WELWYN GARDEN CITY,434,31.0,0.0,0.0,0.0,7.142857142857142,0.0,0.0,0.0
2025-10-01,F7F6D,NEWMEDICA - HERTFORSHIRE - WELWYN GARDEN CITY,649,84.0,0.0,0.0,0.0,12.942989214175654,0.0,0.0,0.0
2025-11-01,F7F6D,NEWMEDICA - HERTFORSHIRE - WELWYN GARDEN CITY,835,130.0,0.0,0.0,0.0,15.568862275449103,0.0,0.0,0.0
2025-12-01,F7F6D,NEWMEDICA - HERTFORSHIRE - WELWYN GARDEN CITY,925,170.0,0.0,0.0,0.0,18.37837837837838,0.0,0.0,0.0
2026-01-01,F7F6D,NEWMEDICA - HERTFORSHIRE - WELWYN GARDEN CITY,998,218.0,0.0,0.0,0.0,21.8436873747495,0.0,0.0,0.0
2026-02-01,F7F6D,NEWMEDICA - HERTFORSHIRE - WELWYN GARDEN CITY,1001,266.0,0.0,0.0,0.0,26.573426573426573,0.0,0.0,0.0
2026-03-01,F7F6D,NEWMEDICA - HERTFORSHIRE - WELWYN GARDEN CITY,832,65.0,0.0,0.0,0.0,7.8125,0.0,0.0,0.0
2026-04-01,F7F6D,NEWMEDICA - HERTFORSHIRE - WELWYN GARDEN CITY,946,114.0,0.0,0.0,0.0,12.050739957716702,0.0,0.0,0.0
2026-05-01,F7F6D,NEWMEDICA - HERTFORSHIRE - WELWYN GARDEN CITY,1056,167.0,1.0,0.0,0.0,15.81439393939394,0.0946969696969697,0.0,0.0
2026-06-01,F7F6D,NEWMEDICA - HERTFORSHIRE - WELWYN GARDEN CITY,1167,269.0,0.0,0.0,0.0,23.050556983718938,0.0,0.0,0.0
2025-04-01,F9Z4V,CIRCLE READING HOSPITAL,1609,390.0,4.0,2.0,0.0,24.238657551274084,0.2486016159105034,0.1243008079552517,0.0
2025-05-01,F9Z4V,CIRCLE READING HOSPITAL,1600,386.0,0.0,0.0,0.0,24.125,0.0,0.0,0.0
2025-06-01,F9Z4V,CIRCLE READING HOSPITAL,1685,388.0,2.0,0.0,0.0,23.026706231454007,0.11869436201780414,0.0,0.0
2025-07-01,F9Z4V,CIRCLE READING HOSPITAL,1712,366.0,1.0,0.0,0.0,21.378504672897197,0.05841121495327102,0.0,0.0
2025-08-01,F9Z4V,CIRCLE READING HOSPITAL,1759,467.0,2.0,0.0,0.0,26.54917566799318,0.11370096645821488,0.0,0.0
2025-09-01,F9Z4V,CIRCLE READING HOSPITAL,1691,432.0,0.0,0.0,0.0,25.547013601419277,0.0,0.0,0.0
2025-10-01,F9Z4V,CIRCLE READING HOSPITAL,1725,418.0,0.0,0.0,0.0,24.231884057971016,0.0,0.0,0.0
2025-11-01,F9Z4V,CIRCLE READING HOSPITAL,1676,419.0,3.0,0.0,0.0,25.0,0.17899761336515513,0.0,0.0
2025-12-01,F9Z4V,CIRCLE READING HOSPITAL,1742,469.0,2.0,0.0,0.0,26.923076923076923,0.1148105625717566,0.0,0.0
2026-01-01,F9Z4V,CIRCLE READING HOSPITAL,1772,501.0,3.0,0.0,0.0,28.27313769751693,0.16930022573363432,0.0,0.0
2026-02-01,F9Z4V,CIRCLE READING HOSPITAL,1734,478.0,1.0,0.0,0.0,27.566320645905424,0.05767012687427912,0.0,0.0
2026-03-01,F9Z4V,CIRCLE READING HOSPITAL,1817,508.0,0.0,0.0,0.0,27.958172812328012,0.0,0.0,0.0
2026-04-01,F9Z4V,CIRCLE READING HOSPITAL,1599,370.0,5.0,1.0,0.0,23.139462163852407,0.31269543464665417,0.06253908692933083,0.0
2026-05-01,F9Z4V,CIRCLE READING HOSPITAL,1726,395.0,7.0,1.0,0.0,22.885283893395133,0.4055619930475087,0.057937427578215524,0.0
2026-06-01,F9Z4V,CIRCLE READING HOSPITAL,1694,416.0,1.0,0.0,0.0,24.557260920897285,0.05903187721369539,0.0,0.0
2025-04-01,G3O5P,SPAMEDICA NEWARK,226,4.0,0.0,0.0,0.0,1.7699115044247788,0.0,0.0,0.0
2025-05-01,G3O5P,SPAMEDICA NEWARK,240,5.0,0.0,0.0,0.0,2.083333333333333,0.0,0.0,0.0
2025-06-01,G3O5P,SPAMEDICA NEWARK,296,10.0,0.0,0.0,0.0,3.3783783783783785,0.0,0.0,0.0
2025-07-01,G3O5P,SPAMEDICA NEWARK,248,12.0,0.0,0.0,0.0,4.838709677419355,0.0,0.0,0.0
2025-08-01,G3O5P,SPAMEDICA NEWARK,303,10.0,0.0,0.0,0.0,3.3003300330033,0.0,0.0,0.0
2025-09-01,G3O5P,SPAMEDICA NEWARK,321,18.0,0.0,0.0,0.0,5.607476635514018,0.0,0.0,0.0
2025-10-01,G3O5P,SPAMEDICA NEWARK,314,26.0,0.0,0.0,0.0,8.280254777070063,0.0,0.0,0.0
2025-11-01,G3O5P,SPAMEDICA NEWARK,401,31.0,0.0,0.0,0.0,7.73067331670823,0.0,0.0,0.0
2025-12-01,G3O5P,SPAMEDICA NEWARK,467,39.0,0.0,0.0,0.0,8.35117773019272,0.0,0.0,0.0
2026-01-01,G3O5P,SPAMEDICA NEWARK,428,39.0,0.0,0.0,0.0,9.11214953271028,0.0,0.0,0.0
2026-02-01,G3O5P,SPAMEDICA NEWARK,570,45.0,1.0,0.0,0.0,7.894736842105263,0.17543859649122806,0.0,0.0
2026-03-01,G3O5P,SPAMEDICA NEWARK,540,38.0,5.0,0.0,0.0,7.037037037037037,0.9259259259259258,0.0,0.0
2026-04-01,G3O5P,SPAMEDICA NEWARK,573,38.0,6.0,0.0,0.0,6.631762652705062,1.0471204188481675,0.0,0.0
2026-05-01,G3O5P,SPAMEDICA NEWARK,570,30.0,9.0,0.0,0.0,5.263157894736842,1.5789473684210527,0.0,0.0
2026-06-01,G3O5P,SPAMEDICA NEWARK,486,32.0,5.0,1.0,0.0,6.584362139917696,1.02880658436214,0.205761316872428,0.0
2025-04-01,G3Q3Z,NUFFIELD HEALTH HIGHGATE HOSPITAL,843,155.0,4.0,0.0,0.0,18.386714116251483,0.4744958481613286,0.0,0.0
2025-05-01,G3Q3Z,NUFFIELD HEALTH HIGHGATE HOSPITAL,814,165.0,4.0,1.0,1.0,20.27027027027027,0.4914004914004914,0.12285012285012285,0.12285012285012285
2025-06-01,G3Q3Z,NUFFIELD HEALTH HIGHGATE HOSPITAL,805,163.0,4.0,0.0,0.0,20.248447204968944,0.4968944099378882,0.0,0.0
2025-07-01,G3Q3Z,NUFFIELD HEALTH HIGHGATE HOSPITAL,790,157.0,5.0,1.0,0.0,19.873417721518987,0.6329113924050633,0.12658227848101267,0.0
2025-08-01,G3Q3Z,NUFFIELD HEALTH HIGHGATE HOSPITAL,811,162.0,4.0,2.0,0.0,19.97533908754624,0.4932182490752158,0.2466091245376079,0.0
2025-09-01,G3Q3Z,NUFFIELD HEALTH HIGHGATE HOSPITAL,779,153.0,6.0,2.0,0.0,19.6405648267009,0.7702182284980745,0.25673940949935814,0.0
2025-10-01,G3Q3Z,NUFFIELD HEALTH HIGHGATE HOSPITAL,788,161.0,5.0,3.0,0.0,20.431472081218274,0.6345177664974619,0.3807106598984772,0.0
2025-11-01,G3Q3Z,NUFFIELD HEALTH HIGHGATE HOSPITAL,786,158.0,6.0,3.0,0.0,20.10178117048346,0.7633587786259541,0.38167938931297707,0.0
2025-12-01,G3Q3Z,NUFFIELD HEALTH HIGHGATE HOSPITAL,762,171.0,9.0,4.0,0.0,22.440944881889763,1.1811023622047243,0.5249343832020997,0.0
2026-01-01,G3Q3Z,NUFFIELD HEALTH HIGHGATE HOSPITAL,808,150.0,11.0,3.0,0.0,18.564356435643564,1.3613861386138615,0.3712871287128713,0.0
2026-02-01,G3Q3Z,NUFFIELD HEALTH HIGHGATE HOSPITAL,858,123.0,8.0,3.0,0.0,14.335664335664337,0.9324009324009324,0.34965034965034963,0.0
2026-03-01,G3Q3Z,NUFFIELD HEALTH HIGHGATE HOSPITAL,956,137.0,9.0,4.0,0.0,14.330543933054393,0.9414225941422595,0.41841004184100417,0.0
2026-04-01,G3Q3Z,NUFFIELD HEALTH HIGHGATE HOSPITAL,998,113.0,6.0,4.0,1.0,11.322645290581162,0.6012024048096193,0.4008016032064128,0.1002004008016032
2026-05-01,G3Q3Z,NUFFIELD HEALTH HIGHGATE HOSPITAL,1096,96.0,6.0,5.0,2.0,8.75912408759124,0.5474452554744526,0.45620437956204374,0.18248175182481752
2026-06-01,G3Q3Z,NUFFIELD HEALTH HIGHGATE HOSPITAL,1164,116.0,7.0,6.0,2.0,9.965635738831615,0.6013745704467355,0.5154639175257731,0.1718213058419244
2025-04-01,G3Z1Q,SULIS HOSPITAL BATH (FOXCOTE AVENUE),2902,601.0,5.0,2.0,0.0,20.70985527222605,0.17229496898690558,0.06891798759476223,0.0
2025-05-01,G3Z1Q,SULIS HOSPITAL BATH (FOXCOTE AVENUE),2861,517.0,4.0,0.0,0.0,18.070604683677036,0.13981125480601186,0.0,0.0
2025-06-01,G3Z1Q,SULIS HOSPITAL BATH (FOXCOTE AVENUE),3070,596.0,4.0,0.0,0.0,19.413680781758956,0.13029315960912052,0.0,0.0
2025-07-01,G3Z1Q,SULIS HOSPITAL BATH (FOXCOTE AVENUE),3316,713.0,51.0,0.0,0.0,21.501809408926416,1.537997587454765,0.0,0.0
2025-08-01,G3Z1Q,SULIS HOSPITAL BATH (FOXCOTE AVENUE),3273,667.0,24.0,1.0,0.0,20.378857317445767,0.7332722273143905,0.030553009471432937,0.0
2025-09-01,G3Z1Q,SULIS HOSPITAL BATH (FOXCOTE AVENUE),3306,727.0,36.0,5.0,0.0,21.990320629159104,1.0889292196007259,0.1512401693889897,0.0
2025-10-01,G3Z1Q,SULIS HOSPITAL BATH (FOXCOTE AVENUE),3318,723.0,31.0,7.0,0.0,21.79023508137432,0.9342977697408076,0.21097046413502107,0.0
2025-11-01,G3Z1Q,SULIS HOSPITAL BATH (FOXCOTE AVENUE),3411,729.0,15.0,2.0,0.0,21.372031662269126,0.43975373790677225,0.05863383172090296,0.0
2025-12-01,G3Z1Q,SULIS HOSPITAL BATH (FOXCOTE AVENUE),3445,819.0,6.0,1.0,0.0,23.77358490566038,0.1741654571843251,0.029027576197387515,0.0
2026-01-01,G3Z1Q,SULIS HOSPITAL BATH (FOXCOTE AVENUE),3648,885.0,17.0,0.0,0.0,24.259868421052634,0.46600877192982454,0.0,0.0
2026-02-01,G3Z1Q,SULIS HOSPITAL BATH (FOXCOTE AVENUE),3726,873.0,15.0,2.0,0.0,23.42995169082126,0.40257648953301123,0.05367686527106817,0.0
2026-03-01,G3Z1Q,SULIS HOSPITAL BATH (FOXCOTE AVENUE),3640,907.0,5.0,0.0,0.0,24.917582417582416,0.13736263736263737,0.0,0.0
2026-04-01,G3Z1Q,SULIS HOSPITAL BATH (FOXCOTE AVENUE),3782,955.0,2.0,0.0,0.0,25.251189846641985,0.052882072977260705,0.0,0.0
2026-05-01,G3Z1Q,SULIS HOSPITAL BATH (FOXCOTE AVENUE),3759,1012.0,4.0,0.0,0.0,26.922053737696196,0.10641127959563715,0.0,0.0
2026-06-01,G3Z1Q,SULIS HOSPITAL BATH (FOXCOTE AVENUE),3895,1042.0,6.0,0.0,0.0,26.752246469833118,0.1540436456996149,0.0,0.0
2025-04-01,G4H0I,NEWMEDICA SUFFOLK - BURY ST EDMUNDS - CLARITY HOUSE,462,2.0,0.0,0.0,0.0,0.4329004329004329,0.0,0.0,0.0
2025-05-01,G4H0I,NEWMEDICA SUFFOLK - BURY ST EDMUNDS - CLARITY HOUSE,547,1.0,0.0,0.0,0.0,0.18281535648994515,0.0,0.0,0.0
2025-06-01,G4H0I,NEWMEDICA SUFFOLK - BURY ST EDMUNDS - CLARITY HOUSE,512,1.0,0.0,0.0,0.0,0.1953125,0.0,0.0,0.0
2025-07-01,G4H0I,NEWMEDICA SUFFOLK - BURY ST EDMUNDS - CLARITY HOUSE,530,3.0,0.0,0.0,0.0,0.5660377358490566,0.0,0.0,0.0
2025-08-01,G4H0I,NEWMEDICA SUFFOLK - BURY ST EDMUNDS - CLARITY HOUSE,605,5.0,0.0,0.0,0.0,0.8264462809917356,0.0,0.0,0.0
2025-09-01,G4H0I,NEWMEDICA SUFFOLK - BURY ST EDMUNDS - CLARITY HOUSE,598,7.0,0.0,0.0,0.0,1.1705685618729096,0.0,0.0,0.0
2025-10-01,G4H0I,NEWMEDICA SUFFOLK - BURY ST EDMUNDS - CLARITY HOUSE,635,6.0,0.0,0.0,0.0,0.9448818897637795,0.0,0.0,0.0
2025-11-01,G4H0I,NEWMEDICA SUFFOLK - BURY ST EDMUNDS - CLARITY HOUSE,654,10.0,0.0,0.0,0.0,1.529051987767584,0.0,0.0,0.0
2025-12-01,G4H0I,NEWMEDICA SUFFOLK - BURY ST EDMUNDS - CLARITY HOUSE,680,17.0,0.0,0.0,0.0,2.5,0.0,0.0,0.0
2026-01-01,G4H0I,NEWMEDICA SUFFOLK - BURY ST EDMUNDS - CLARITY HOUSE,613,25.0,0.0,0.0,0.0,4.078303425774878,0.0,0.0,0.0
2026-02-01,G4H0I,NEWMEDICA SUFFOLK - BURY ST EDMUNDS - CLARITY HOUSE,626,25.0,0.0,0.0,0.0,3.993610223642172,0.0,0.0,0.0
2026-03-01,G4H0I,NEWMEDICA SUFFOLK - BURY ST EDMUNDS - CLARITY HOUSE,642,31.0,0.0,0.0,0.0,4.8286604361370715,0.0,0.0,0.0
2026-04-01,G4H0I,NEWMEDICA SUFFOLK - BURY ST EDMUNDS - CLARITY HOUSE,673,48.0,0.0,0.0,0.0,7.13224368499257,0.0,0.0,0.0
2026-05-01,G4H0I,NEWMEDICA SUFFOLK - BURY ST EDMUNDS - CLARITY HOUSE,641,43.0,0.0,0.0,0.0,6.708268330733229,0.0,0.0,0.0
2026-06-01,G4H0I,NEWMEDICA SUFFOLK - BURY ST EDMUNDS - CLARITY HOUSE,581,35.0,0.0,0.0,0.0,6.024096385542169,0.0,0.0,0.0
2025-04-01,G5X2Q,SPAMEDICA NORTH TYNESIDE,82,3.0,0.0,0.0,0.0,3.6585365853658534,0.0,0.0,0.0
2025-05-01,G5X2Q,SPAMEDICA NORTH TYNESIDE,118,3.0,0.0,0.0,0.0,2.5423728813559325,0.0,0.0,0.0
2025-06-01,G5X2Q,SPAMEDICA NORTH TYNESIDE,136,4.0,0.0,0.0,0.0,2.941176470588235,0.0,0.0,0.0
2025-07-01,G5X2Q,SPAMEDICA NORTH TYNESIDE,140,1.0,0.0,0.0,0.0,0.7142857142857143,0.0,0.0,0.0
2025-08-01,G5X2Q,SPAMEDICA NORTH TYNESIDE,188,6.0,1.0,1.0,0.0,3.1914893617021276,0.5319148936170213,0.5319148936170213,0.0
2025-09-01,G5X2Q,SPAMEDICA NORTH TYNESIDE,218,2.0,0.0,0.0,0.0,0.9174311926605505,0.0,0.0,0.0
2025-10-01,G5X2Q,SPAMEDICA NORTH TYNESIDE,246,3.0,0.0,0.0,0.0,1.2195121951219512,0.0,0.0,0.0
2025-11-01,G5X2Q,SPAMEDICA NORTH TYNESIDE,278,6.0,0.0,0.0,0.0,2.158273381294964,0.0,0.0,0.0
2025-12-01,G5X2Q,SPAMEDICA NORTH TYNESIDE,292,17.0,0.0,0.0,0.0,5.821917808219178,0.0,0.0,0.0
2026-01-01,G5X2Q,SPAMEDICA NORTH TYNESIDE,314,22.0,0.0,0.0,0.0,7.006369426751593,0.0,0.0,0.0
2026-02-01,G5X2Q,SPAMEDICA NORTH TYNESIDE,381,23.0,0.0,0.0,0.0,6.036745406824147,0.0,0.0,0.0
2026-03-01,G5X2Q,SPAMEDICA NORTH TYNESIDE,425,16.0,0.0,0.0,0.0,3.7647058823529407,0.0,0.0,0.0
2026-04-01,G5X2Q,SPAMEDICA NORTH TYNESIDE,464,17.0,0.0,0.0,0.0,3.6637931034482754,0.0,0.0,0.0
2026-05-01,G5X2Q,SPAMEDICA NORTH TYNESIDE,487,31.0,1.0,0.0,0.0,6.365503080082135,0.20533880903490762,0.0,0.0
2026-06-01,G5X2Q,SPAMEDICA NORTH TYNESIDE,452,51.0,0.0,0.0,0.0,11.283185840707963,0.0,0.0,0.0
2025-04-01,G6S7A,SPAMEDICA TAUNTON,247,7.0,0.0,0.0,0.0,2.834008097165992,0.0,0.0,0.0
2025-05-01,G6S7A,SPAMEDICA TAUNTON,212,11.0,0.0,0.0,0.0,5.188679245283019,0.0,0.0,0.0
2025-06-01,G6S7A,SPAMEDICA TAUNTON,238,5.0,0.0,0.0,0.0,2.100840336134454,0.0,0.0,0.0
2025-07-01,G6S7A,SPAMEDICA TAUNTON,190,5.0,0.0,0.0,0.0,2.631578947368421,0.0,0.0,0.0
2025-08-01,G6S7A,SPAMEDICA TAUNTON,258,10.0,0.0,0.0,0.0,3.875968992248062,0.0,0.0,0.0
2025-09-01,G6S7A,SPAMEDICA TAUNTON,237,5.0,0.0,0.0,0.0,2.109704641350211,0.0,0.0,0.0
2025-10-01,G6S7A,SPAMEDICA TAUNTON,328,10.0,0.0,0.0,0.0,3.048780487804878,0.0,0.0,0.0
2025-11-01,G6S7A,SPAMEDICA TAUNTON,418,15.0,0.0,0.0,0.0,3.588516746411483,0.0,0.0,0.0
2025-12-01,G6S7A,SPAMEDICA TAUNTON,527,22.0,1.0,0.0,0.0,4.174573055028463,0.18975332068311196,0.0,0.0
2026-01-01,G6S7A,SPAMEDICA TAUNTON,690,52.0,0.0,0.0,0.0,7.536231884057972,0.0,0.0,0.0
2026-02-01,G6S7A,SPAMEDICA TAUNTON,817,98.0,0.0,0.0,0.0,11.995104039167687,0.0,0.0,0.0
2026-03-01,G6S7A,SPAMEDICA TAUNTON,788,148.0,0.0,0.0,0.0,18.781725888324875,0.0,0.0,0.0
2026-04-01,G6S7A,SPAMEDICA TAUNTON,768,206.0,0.0,0.0,0.0,26.822916666666668,0.0,0.0,0.0
2026-05-01,G6S7A,SPAMEDICA TAUNTON,758,154.0,0.0,0.0,0.0,20.316622691292878,0.0,0.0,0.0
2026-06-01,G6S7A,SPAMEDICA TAUNTON,725,95.0,0.0,0.0,0.0,13.10344827586207,0.0,0.0,0.0
2025-04-01,H1T2P,SPAMEDICA SWINDON,60,1.0,0.0,0.0,0.0,1.6666666666666667,0.0,0.0,0.0
2025-05-01,H1T2P,SPAMEDICA SWINDON,64,2.0,0.0,0.0,0.0,3.125,0.0,0.0,0.0
2025-06-01,H1T2P,SPAMEDICA SWINDON,84,3.0,0.0,0.0,0.0,3.571428571428571,0.0,0.0,0.0
2025-07-01,H1T2P,SPAMEDICA SWINDON,54,5.0,0.0,0.0,0.0,9.25925925925926,0.0,0.0,0.0
2025-08-01,H1T2P,SPAMEDICA SWINDON,61,4.0,0.0,0.0,0.0,6.557377049180328,0.0,0.0,0.0
2025-09-01,H1T2P,SPAMEDICA SWINDON,71,6.0,0.0,0.0,0.0,8.450704225352112,0.0,0.0,0.0
2025-10-01,H1T2P,SPAMEDICA SWINDON,66,6.0,0.0,0.0,0.0,9.090909090909092,0.0,0.0,0.0
2025-11-01,H1T2P,SPAMEDICA SWINDON,40,4.0,0.0,0.0,0.0,10.0,0.0,0.0,0.0
2025-12-01,H1T2P,SPAMEDICA SWINDON,76,5.0,0.0,0.0,0.0,6.578947368421052,0.0,0.0,0.0
2026-01-01,H1T2P,SPAMEDICA SWINDON,51,3.0,0.0,0.0,0.0,5.88235294117647,0.0,0.0,0.0
2026-02-01,H1T2P,SPAMEDICA SWINDON,73,2.0,0.0,0.0,0.0,2.73972602739726,0.0,0.0,0.0
2026-03-01,H1T2P,SPAMEDICA SWINDON,83,4.0,0.0,0.0,0.0,4.819277108433735,0.0,0.0,0.0
2026-04-01,H1T2P,SPAMEDICA SWINDON,109,4.0,0.0,0.0,0.0,3.669724770642202,0.0,0.0,0.0
2026-05-01,H1T2P,SPAMEDICA SWINDON,128,6.0,0.0,0.0,0.0,4.6875,0.0,0.0,0.0
2026-06-01,H1T2P,SPAMEDICA SWINDON,123,7.0,0.0,0.0,0.0,5.691056910569105,0.0,0.0,0.0
2025-04-01,H2K1G,NEWMEDICA - BROMSGROVE,206,1.0,0.0,0.0,0.0,0.48543689320388345,0.0,0.0,0.0
2025-05-01,H2K1G,NEWMEDICA - BROMSGROVE,273,1.0,0.0,0.0,0.0,0.3663003663003663,0.0,0.0,0.0
2025-06-01,H2K1G,NEWMEDICA - BROMSGROVE,303,9.0,0.0,0.0,0.0,2.9702970297029703,0.0,0.0,0.0
2025-07-01,H2K1G,NEWMEDICA - BROMSGROVE,309,11.0,0.0,0.0,0.0,3.559870550161812,0.0,0.0,0.0
2025-08-01,H2K1G,NEWMEDICA - BROMSGROVE,381,33.0,0.0,0.0,0.0,8.661417322834646,0.0,0.0,0.0
2025-09-01,H2K1G,NEWMEDICA - BROMSGROVE,351,9.0,0.0,0.0,0.0,2.564102564102564,0.0,0.0,0.0
2025-10-01,H2K1G,NEWMEDICA - BROMSGROVE,360,12.0,0.0,0.0,0.0,3.3333333333333335,0.0,0.0,0.0
2025-11-01,H2K1G,NEWMEDICA - BROMSGROVE,337,15.0,0.0,0.0,0.0,4.451038575667656,0.0,0.0,0.0
2025-12-01,H2K1G,NEWMEDICA - BROMSGROVE,319,30.0,0.0,0.0,0.0,9.404388714733543,0.0,0.0,0.0
2026-01-01,H2K1G,NEWMEDICA - BROMSGROVE,323,12.0,0.0,0.0,0.0,3.7151702786377707,0.0,0.0,0.0
2026-02-01,H2K1G,NEWMEDICA - BROMSGROVE,331,10.0,0.0,0.0,0.0,3.0211480362537766,0.0,0.0,0.0
2026-03-01,H2K1G,NEWMEDICA - BROMSGROVE,390,40.0,0.0,0.0,0.0,10.256410256410255,0.0,0.0,0.0
2026-04-01,H2K1G,NEWMEDICA - BROMSGROVE,434,63.0,0.0,0.0,0.0,14.516129032258066,0.0,0.0,0.0
2026-05-01,H2K1G,NEWMEDICA - BROMSGROVE,467,90.0,0.0,0.0,0.0,19.271948608137045,0.0,0.0,0.0
2026-06-01,H2K1G,NEWMEDICA - BROMSGROVE,476,116.0,0.0,0.0,0.0,24.369747899159663,0.0,0.0,0.0
2025-04-01,H4I8B,NUFFIELD HEALTH THE HOLLY HOSPITAL,3065,567.0,12.0,3.0,0.0,18.499184339314844,0.3915171288743882,0.09787928221859706,0.0
2025-05-01,H4I8B,NUFFIELD HEALTH THE HOLLY HOSPITAL,2874,518.0,11.0,5.0,0.0,18.02366040361865,0.3827418232428671,0.17397355601948505,0.0
2025-06-01,H4I8B,NUFFIELD HEALTH THE HOLLY HOSPITAL,2607,503.0,16.0,6.0,0.0,19.29420790180284,0.6137322593018796,0.23014959723820483,0.0
2025-07-01,H4I8B,NUFFIELD HEALTH THE HOLLY HOSPITAL,2544,494.0,15.0,7.0,0.0,19.418238993710695,0.589622641509434,0.2751572327044025,0.0
2025-08-01,H4I8B,NUFFIELD HEALTH THE HOLLY HOSPITAL,2591,521.0,14.0,6.0,0.0,20.108066383635663,0.5403319181783096,0.23157082207641835,0.0
2025-09-01,H4I8B,NUFFIELD HEALTH THE HOLLY HOSPITAL,2774,481.0,15.0,9.0,1.0,17.339581831290555,0.5407354001441961,0.32444124008651765,0.03604902667627974
2025-10-01,H4I8B,NUFFIELD HEALTH THE HOLLY HOSPITAL,2835,462.0,18.0,8.0,1.0,16.296296296296298,0.6349206349206349,0.28218694885361556,0.035273368606701945
2025-11-01,H4I8B,NUFFIELD HEALTH THE HOLLY HOSPITAL,3122,471.0,19.0,8.0,3.0,15.086483023702755,0.6085842408712363,0.25624599615631005,0.09609224855861628
2025-12-01,H4I8B,NUFFIELD HEALTH THE HOLLY HOSPITAL,3237,527.0,21.0,9.0,3.0,16.280506641952424,0.6487488415199258,0.27803521779425394,0.09267840593141798
2026-01-01,H4I8B,NUFFIELD HEALTH THE HOLLY HOSPITAL,3365,581.0,20.0,10.0,3.0,17.26597325408618,0.5943536404160475,0.2971768202080238,0.08915304606240713
2026-02-01,H4I8B,NUFFIELD HEALTH THE HOLLY HOSPITAL,3720,687.0,16.0,10.0,5.0,18.467741935483872,0.43010752688172044,0.2688172043010753,0.13440860215053765
2026-03-01,H4I8B,NUFFIELD HEALTH THE HOLLY HOSPITAL,4143,902.0,17.0,10.0,6.0,21.771663046101857,0.41033067825247405,0.24137098720733766,0.1448225923244026
2026-04-01,H4I8B,NUFFIELD HEALTH THE HOLLY HOSPITAL,4237,923.0,24.0,13.0,6.0,21.78428133113052,0.5664385178192117,0.3068208638187397,0.14160962945480293
2026-05-01,H4I8B,NUFFIELD HEALTH THE HOLLY HOSPITAL,4165,926.0,40.0,15.0,7.0,22.232893157262907,0.9603841536614646,0.36014405762304924,0.16806722689075632
2026-06-01,H4I8B,NUFFIELD HEALTH THE HOLLY HOSPITAL,4148,1176.0,179.0,102.0,14.0,28.351012536162006,4.31533269045323,2.459016393442623,0.33751205400192863
2025-04-01,H4J9P,NEWMEDICA AZTEC WEST,622,15.0,0.0,0.0,0.0,2.4115755627009645,0.0,0.0,0.0
2025-05-01,H4J9P,NEWMEDICA AZTEC WEST,622,22.0,0.0,0.0,0.0,3.536977491961415,0.0,0.0,0.0
2025-06-01,H4J9P,NEWMEDICA AZTEC WEST,722,43.0,0.0,0.0,0.0,5.955678670360111,0.0,0.0,0.0
2025-07-01,H4J9P,NEWMEDICA AZTEC WEST,729,69.0,0.0,0.0,0.0,9.465020576131687,0.0,0.0,0.0
2025-08-01,H4J9P,NEWMEDICA AZTEC WEST,675,93.0,0.0,0.0,0.0,13.777777777777779,0.0,0.0,0.0
2025-09-01,H4J9P,NEWMEDICA AZTEC WEST,675,121.0,0.0,0.0,0.0,17.925925925925927,0.0,0.0,0.0
2025-10-01,H4J9P,NEWMEDICA AZTEC WEST,777,164.0,0.0,0.0,0.0,21.10682110682111,0.0,0.0,0.0
2025-11-01,H4J9P,NEWMEDICA AZTEC WEST,924,198.0,0.0,0.0,0.0,21.428571428571427,0.0,0.0,0.0
2025-12-01,H4J9P,NEWMEDICA AZTEC WEST,945,146.0,0.0,0.0,0.0,15.44973544973545,0.0,0.0,0.0
2026-01-01,H4J9P,NEWMEDICA AZTEC WEST,938,182.0,3.0,0.0,0.0,19.402985074626866,0.31982942430703626,0.0,0.0
2026-02-01,H4J9P,NEWMEDICA AZTEC WEST,1017,247.0,2.0,0.0,0.0,24.287118977384463,0.19665683382497542,0.0,0.0
2026-03-01,H4J9P,NEWMEDICA AZTEC WEST,841,277.0,2.0,0.0,0.0,32.936979785969086,0.23781212841854932,0.0,0.0
2026-04-01,H4J9P,NEWMEDICA AZTEC WEST,894,313.0,2.0,0.0,0.0,35.01118568232663,0.22371364653243847,0.0,0.0
2026-05-01,H4J9P,NEWMEDICA AZTEC WEST,757,184.0,0.0,0.0,0.0,24.30647291941876,0.0,0.0,0.0
2026-06-01,H4J9P,NEWMEDICA AZTEC WEST,787,212.0,1.0,0.0,0.0,26.937738246505717,0.12706480304955528,0.0,0.0
2025-04-01,I1H7K,SPAMEDICA SALE,51,2.0,0.0,0.0,0.0,3.9215686274509802,0.0,0.0,0.0
2025-05-01,I1H7K,SPAMEDICA SALE,63,3.0,0.0,0.0,0.0,4.761904761904762,0.0,0.0,0.0
2025-06-01,I1H7K,SPAMEDICA SALE,67,2.0,0.0,0.0,0.0,2.9850746268656714,0.0,0.0,0.0
2025-07-01,I1H7K,SPAMEDICA SALE,78,3.0,0.0,0.0,0.0,3.8461538461538463,0.0,0.0,0.0
2025-08-01,I1H7K,SPAMEDICA SALE,74,3.0,0.0,0.0,0.0,4.054054054054054,0.0,0.0,0.0
2025-09-01,I1H7K,SPAMEDICA SALE,115,2.0,0.0,0.0,0.0,1.7391304347826086,0.0,0.0,0.0
2025-10-01,I1H7K,SPAMEDICA SALE,132,4.0,0.0,0.0,0.0,3.0303030303030303,0.0,0.0,0.0
2025-11-01,I1H7K,SPAMEDICA SALE,129,3.0,0.0,0.0,0.0,2.3255813953488373,0.0,0.0,0.0
2025-12-01,I1H7K,SPAMEDICA SALE,169,7.0,0.0,0.0,0.0,4.142011834319527,0.0,0.0,0.0
2026-01-01,I1H7K,SPAMEDICA SALE,155,6.0,0.0,0.0,0.0,3.870967741935484,0.0,0.0,0.0
2026-02-01,I1H7K,SPAMEDICA SALE,167,10.0,0.0,0.0,0.0,5.9880239520958085,0.0,0.0,0.0
2026-03-01,I1H7K,SPAMEDICA SALE,203,11.0,0.0,0.0,0.0,5.41871921182266,0.0,0.0,0.0
2026-04-01,I1H7K,SPAMEDICA SALE,260,15.0,0.0,0.0,0.0,5.769230769230769,0.0,0.0,0.0
2026-05-01,I1H7K,SPAMEDICA SALE,260,24.0,0.0,0.0,0.0,9.230769230769232,0.0,0.0,0.0
2026-06-01,I1H7K,SPAMEDICA SALE,246,32.0,1.0,0.0,0.0,13.008130081300814,0.40650406504065045,0.0,0.0
2025-04-01,I2C7H,SPAMEDICA BRADFORD,141,8.0,0.0,0.0,0.0,5.673758865248227,0.0,0.0,0.0
2025-05-01,I2C7H,SPAMEDICA BRADFORD,135,7.0,0.0,0.0,0.0,5.185185185185185,0.0,0.0,0.0
2025-06-01,I2C7H,SPAMEDICA BRADFORD,178,5.0,0.0,0.0,0.0,2.8089887640449436,0.0,0.0,0.0
2025-07-01,I2C7H,SPAMEDICA BRADFORD,116,8.0,0.0,0.0,0.0,6.896551724137931,0.0,0.0,0.0
2025-08-01,I2C7H,SPAMEDICA BRADFORD,143,4.0,0.0,0.0,0.0,2.797202797202797,0.0,0.0,0.0
2025-09-01,I2C7H,SPAMEDICA BRADFORD,174,1.0,0.0,0.0,0.0,0.5747126436781609,0.0,0.0,0.0
2025-10-01,I2C7H,SPAMEDICA BRADFORD,242,8.0,0.0,0.0,0.0,3.3057851239669422,0.0,0.0,0.0
2025-11-01,I2C7H,SPAMEDICA BRADFORD,214,13.0,0.0,0.0,0.0,6.074766355140187,0.0,0.0,0.0
2025-12-01,I2C7H,SPAMEDICA BRADFORD,247,22.0,0.0,0.0,0.0,8.906882591093117,0.0,0.0,0.0
2026-01-01,I2C7H,SPAMEDICA BRADFORD,179,26.0,0.0,0.0,0.0,14.52513966480447,0.0,0.0,0.0
2026-02-01,I2C7H,SPAMEDICA BRADFORD,222,28.0,0.0,0.0,0.0,12.612612612612612,0.0,0.0,0.0
2026-03-01,I2C7H,SPAMEDICA BRADFORD,179,13.0,0.0,0.0,0.0,7.262569832402235,0.0,0.0,0.0
2026-04-01,I2C7H,SPAMEDICA BRADFORD,246,12.0,0.0,0.0,0.0,4.878048780487805,0.0,0.0,0.0
2026-05-01,I2C7H,SPAMEDICA BRADFORD,319,14.0,0.0,0.0,0.0,4.38871473354232,0.0,0.0,0.0
2026-06-01,I2C7H,SPAMEDICA BRADFORD,303,12.0,0.0,0.0,0.0,3.9603960396039604,0.0,0.0,0.0
2025-04-01,I9A4A,SPAMEDICA BRIGHTON,216,8.0,0.0,0.0,0.0,3.7037037037037033,0.0,0.0,0.0
2025-05-01,I9A4A,SPAMEDICA BRIGHTON,193,9.0,0.0,0.0,0.0,4.66321243523316,0.0,0.0,0.0
2025-06-01,I9A4A,SPAMEDICA BRIGHTON,243,9.0,0.0,0.0,0.0,3.7037037037037033,0.0,0.0,0.0
2025-07-01,I9A4A,SPAMEDICA BRIGHTON,331,18.0,0.0,0.0,0.0,5.438066465256798,0.0,0.0,0.0
2025-08-01,I9A4A,SPAMEDICA BRIGHTON,244,11.0,0.0,0.0,0.0,4.508196721311475,0.0,0.0,0.0
2025-09-01,I9A4A,SPAMEDICA BRIGHTON,262,18.0,0.0,0.0,0.0,6.870229007633588,0.0,0.0,0.0
2025-10-01,I9A4A,SPAMEDICA BRIGHTON,209,27.0,0.0,0.0,0.0,12.918660287081341,0.0,0.0,0.0
2025-11-01,I9A4A,SPAMEDICA BRIGHTON,224,28.0,0.0,0.0,0.0,12.5,0.0,0.0,0.0
2025-12-01,I9A4A,SPAMEDICA BRIGHTON,286,31.0,1.0,0.0,0.0,10.839160839160838,0.34965034965034963,0.0,0.0
2026-01-01,I9A4A,SPAMEDICA BRIGHTON,274,28.0,0.0,0.0,0.0,10.218978102189782,0.0,0.0,0.0
2026-02-01,I9A4A,SPAMEDICA BRIGHTON,287,24.0,0.0,0.0,0.0,8.362369337979095,0.0,0.0,0.0
2026-03-01,I9A4A,SPAMEDICA BRIGHTON,215,20.0,0.0,0.0,0.0,9.30232558139535,0.0,0.0,0.0
2026-04-01,I9A4A,SPAMEDICA BRIGHTON,276,28.0,0.0,0.0,0.0,10.144927536231885,0.0,0.0,0.0
2026-05-01,I9A4A,SPAMEDICA BRIGHTON,254,28.0,0.0,0.0,0.0,11.023622047244094,0.0,0.0,0.0
2026-06-01,I9A4A,SPAMEDICA BRIGHTON,213,25.0,0.0,0.0,0.0,11.737089201877934,0.0,0.0,0.0
2025-04-01,J2H6H,SPAMEDICA COLCHESTER,99,3.0,0.0,0.0,0.0,3.0303030303030303,0.0,0.0,0.0
2025-05-01,J2H6H,SPAMEDICA COLCHESTER,89,2.0,0.0,0.0,0.0,2.247191011235955,0.0,0.0,0.0
2025-06-01,J2H6H,SPAMEDICA COLCHESTER,92,2.0,0.0,0.0,0.0,2.1739130434782608,0.0,0.0,0.0
2025-07-01,J2H6H,SPAMEDICA COLCHESTER,86,3.0,0.0,0.0,0.0,3.488372093023256,0.0,0.0,0.0
2025-08-01,J2H6H,SPAMEDICA COLCHESTER,82,2.0,0.0,0.0,0.0,2.4390243902439024,0.0,0.0,0.0
2025-09-01,J2H6H,SPAMEDICA COLCHESTER,74,2.0,0.0,0.0,0.0,2.7027027027027026,0.0,0.0,0.0
2025-10-01,J2H6H,SPAMEDICA COLCHESTER,87,2.0,0.0,0.0,0.0,2.2988505747126435,0.0,0.0,0.0
2025-11-01,J2H6H,SPAMEDICA COLCHESTER,105,4.0,0.0,0.0,0.0,3.8095238095238098,0.0,0.0,0.0
2025-12-01,J2H6H,SPAMEDICA COLCHESTER,138,7.0,0.0,0.0,0.0,5.072463768115942,0.0,0.0,0.0
2026-01-01,J2H6H,SPAMEDICA COLCHESTER,146,11.0,0.0,0.0,0.0,7.534246575342466,0.0,0.0,0.0
2026-02-01,J2H6H,SPAMEDICA COLCHESTER,184,11.0,0.0,0.0,0.0,5.978260869565218,0.0,0.0,0.0
2026-03-01,J2H6H,SPAMEDICA COLCHESTER,150,15.0,0.0,0.0,0.0,10.0,0.0,0.0,0.0
2026-04-01,J2H6H,SPAMEDICA COLCHESTER,184,12.0,0.0,0.0,0.0,6.521739130434782,0.0,0.0,0.0
2026-05-01,J2H6H,SPAMEDICA COLCHESTER,203,8.0,0.0,0.0,0.0,3.9408866995073892,0.0,0.0,0.0
2026-06-01,J2H6H,SPAMEDICA COLCHESTER,151,11.0,0.0,0.0,0.0,7.28476821192053,0.0,0.0,0.0
2025-04-01,J3J8Z,NEWMEDICA - OXFORDSHIRE,467,7.0,0.0,0.0,0.0,1.4989293361884368,0.0,0.0,0.0
2025-05-01,J3J8Z,NEWMEDICA - OXFORDSHIRE,530,9.0,0.0,0.0,0.0,1.6981132075471699,0.0,0.0,0.0
2025-06-01,J3J8Z,NEWMEDICA - OXFORDSHIRE,545,15.0,0.0,0.0,0.0,2.7522935779816518,0.0,0.0,0.0
2025-07-01,J3J8Z,NEWMEDICA - OXFORDSHIRE,497,16.0,0.0,0.0,0.0,3.2193158953722336,0.0,0.0,0.0
2025-08-01,J3J8Z,NEWMEDICA - OXFORDSHIRE,561,13.0,0.0,0.0,0.0,2.3172905525846703,0.0,0.0,0.0
2025-09-01,J3J8Z,NEWMEDICA - OXFORDSHIRE,510,22.0,0.0,0.0,0.0,4.313725490196078,0.0,0.0,0.0
2025-10-01,J3J8Z,NEWMEDICA - OXFORDSHIRE,544,16.0,0.0,0.0,0.0,2.941176470588235,0.0,0.0,0.0
2025-11-01,J3J8Z,NEWMEDICA - OXFORDSHIRE,641,15.0,0.0,0.0,0.0,2.3400936037441498,0.0,0.0,0.0
2025-12-01,J3J8Z,NEWMEDICA - OXFORDSHIRE,654,26.0,0.0,0.0,0.0,3.9755351681957185,0.0,0.0,0.0
2026-01-01,J3J8Z,NEWMEDICA - OXFORDSHIRE,639,29.0,0.0,0.0,0.0,4.538341158059469,0.0,0.0,0.0
2026-02-01,J3J8Z,NEWMEDICA - OXFORDSHIRE,726,41.0,0.0,0.0,0.0,5.647382920110193,0.0,0.0,0.0
2026-03-01,J3J8Z,NEWMEDICA - OXFORDSHIRE,815,38.0,0.0,0.0,0.0,4.662576687116564,0.0,0.0,0.0
2026-04-01,J3J8Z,NEWMEDICA - OXFORDSHIRE,958,58.0,0.0,0.0,0.0,6.05427974947808,0.0,0.0,0.0
2026-05-01,J3J8Z,NEWMEDICA - OXFORDSHIRE,1035,91.0,1.0,0.0,0.0,8.792270531400966,0.0966183574879227,0.0,0.0
2026-06-01,J3J8Z,NEWMEDICA - OXFORDSHIRE,1032,190.0,1.0,0.0,0.0,18.410852713178294,0.09689922480620156,0.0,0.0
2025-04-01,J3X4C,SPAMEDICA WORCESTER,108,2.0,0.0,0.0,0.0,1.8518518518518516,0.0,0.0,0.0
2025-05-01,J3X4C,SPAMEDICA WORCESTER,119,3.0,0.0,0.0,0.0,2.5210084033613445,0.0,0.0,0.0
2025-06-01,J3X4C,SPAMEDICA WORCESTER,154,6.0,0.0,0.0,0.0,3.896103896103896,0.0,0.0,0.0
2025-07-01,J3X4C,SPAMEDICA WORCESTER,113,4.0,0.0,0.0,0.0,3.5398230088495577,0.0,0.0,0.0
2025-08-01,J3X4C,SPAMEDICA WORCESTER,187,4.0,0.0,0.0,0.0,2.13903743315508,0.0,0.0,0.0
2025-09-01,J3X4C,SPAMEDICA WORCESTER,229,5.0,0.0,0.0,0.0,2.1834061135371177,0.0,0.0,0.0
2025-10-01,J3X4C,SPAMEDICA WORCESTER,316,10.0,0.0,0.0,0.0,3.1645569620253164,0.0,0.0,0.0
2025-11-01,J3X4C,SPAMEDICA WORCESTER,375,21.0,0.0,0.0,0.0,5.6000000000000005,0.0,0.0,0.0
2025-12-01,J3X4C,SPAMEDICA WORCESTER,380,34.0,0.0,0.0,0.0,8.947368421052632,0.0,0.0,0.0
2026-01-01,J3X4C,SPAMEDICA WORCESTER,347,46.0,0.0,0.0,0.0,13.256484149855908,0.0,0.0,0.0
2026-02-01,J3X4C,SPAMEDICA WORCESTER,368,61.0,0.0,0.0,0.0,16.57608695652174,0.0,0.0,0.0
2026-03-01,J3X4C,SPAMEDICA WORCESTER,370,52.0,0.0,0.0,0.0,14.054054054054054,0.0,0.0,0.0
2026-04-01,J3X4C,SPAMEDICA WORCESTER,433,58.0,0.0,0.0,0.0,13.394919168591224,0.0,0.0,0.0
2026-05-01,J3X4C,SPAMEDICA WORCESTER,448,49.0,0.0,0.0,0.0,10.9375,0.0,0.0,0.0
2026-06-01,J3X4C,SPAMEDICA WORCESTER,422,42.0,0.0,0.0,0.0,9.95260663507109,0.0,0.0,0.0
2025-04-01,J7V1N,SPAMEDICA SOLIHULL,183,3.0,0.0,0.0,0.0,1.639344262295082,0.0,0.0,0.0
2025-05-01,J7V1N,SPAMEDICA SOLIHULL,169,7.0,0.0,0.0,0.0,4.142011834319527,0.0,0.0,0.0
2025-06-01,J7V1N,SPAMEDICA SOLIHULL,187,12.0,0.0,0.0,0.0,6.417112299465241,0.0,0.0,0.0
2025-07-01,J7V1N,SPAMEDICA SOLIHULL,141,8.0,0.0,0.0,0.0,5.673758865248227,0.0,0.0,0.0
2025-08-01,J7V1N,SPAMEDICA SOLIHULL,236,13.0,0.0,0.0,0.0,5.508474576271186,0.0,0.0,0.0
2025-09-01,J7V1N,SPAMEDICA SOLIHULL,324,17.0,0.0,0.0,0.0,5.246913580246913,0.0,0.0,0.0
2025-10-01,J7V1N,SPAMEDICA SOLIHULL,261,19.0,0.0,0.0,0.0,7.2796934865900385,0.0,0.0,0.0
2025-11-01,J7V1N,SPAMEDICA SOLIHULL,261,21.0,0.0,0.0,0.0,8.045977011494253,0.0,0.0,0.0
2025-12-01,J7V1N,SPAMEDICA SOLIHULL,329,33.0,0.0,0.0,0.0,10.030395136778116,0.0,0.0,0.0
2026-01-01,J7V1N,SPAMEDICA SOLIHULL,385,41.0,0.0,0.0,0.0,10.649350649350648,0.0,0.0,0.0
2026-02-01,J7V1N,SPAMEDICA SOLIHULL,460,62.0,0.0,0.0,0.0,13.478260869565217,0.0,0.0,0.0
2026-03-01,J7V1N,SPAMEDICA SOLIHULL,466,77.0,1.0,0.0,0.0,16.523605150214593,0.2145922746781116,0.0,0.0
2026-04-01,J7V1N,SPAMEDICA SOLIHULL,467,79.0,1.0,0.0,0.0,16.916488222698074,0.21413276231263384,0.0,0.0
2026-05-01,J7V1N,SPAMEDICA SOLIHULL,488,86.0,1.0,0.0,0.0,17.62295081967213,0.20491803278688525,0.0,0.0
2026-06-01,J7V1N,SPAMEDICA SOLIHULL,419,55.0,0.0,0.0,0.0,13.126491646778044,0.0,0.0,0.0
2025-04-01,K8I4X,GLENDON WOOD HOSPITAL,1553,408.0,12.0,0.0,0.0,26.27173213135866,0.7726980038634901,0.0,0.0
2025-05-01,K8I4X,GLENDON WOOD HOSPITAL,1357,292.0,9.0,0.0,0.0,21.518054532056006,0.6632277081798084,0.0,0.0
2025-06-01,K8I4X,GLENDON WOOD HOSPITAL,1322,254.0,4.0,0.0,0.0,19.213313161875945,0.30257186081694404,0.0,0.0
2025-07-01,K8I4X,GLENDON WOOD HOSPITAL,1244,224.0,4.0,0.0,0.0,18.006430868167204,0.3215434083601286,0.0,0.0
2025-08-01,K8I4X,GLENDON WOOD HOSPITAL,1317,231.0,1.0,0.0,0.0,17.539863325740317,0.07593014426727411,0.0,0.0
2025-09-01,K8I4X,GLENDON WOOD HOSPITAL,1407,227.0,2.0,0.0,0.0,16.13361762615494,0.14214641080312723,0.0,0.0
2025-10-01,K8I4X,GLENDON WOOD HOSPITAL,1486,265.0,5.0,0.0,0.0,17.833109017496636,0.3364737550471063,0.0,0.0
2025-11-01,K8I4X,GLENDON WOOD HOSPITAL,1412,240.0,3.0,0.0,0.0,16.997167138810198,0.2124645892351275,0.0,0.0
2025-12-01,K8I4X,GLENDON WOOD HOSPITAL,1432,305.0,2.0,0.0,0.0,21.298882681564248,0.13966480446927373,0.0,0.0
2026-01-01,K8I4X,GLENDON WOOD HOSPITAL,1342,340.0,1.0,0.0,0.0,25.335320417287633,0.07451564828614009,0.0,0.0
2026-02-01,K8I4X,GLENDON WOOD HOSPITAL,1299,316.0,1.0,0.0,0.0,24.32640492686682,0.07698229407236336,0.0,0.0
2026-03-01,K8I4X,GLENDON WOOD HOSPITAL,1341,319.0,0.0,0.0,0.0,23.788217747949293,0.0,0.0,0.0
2026-04-01,K8I4X,GLENDON WOOD HOSPITAL,1327,294.0,0.0,0.0,0.0,22.15523737754333,0.0,0.0,0.0
2026-05-01,K8I4X,GLENDON WOOD HOSPITAL,1534,348.0,1.0,0.0,0.0,22.685788787483702,0.0651890482398957,0.0,0.0
2026-06-01,K8I4X,GLENDON WOOD HOSPITAL,1591,379.0,0.0,0.0,0.0,23.82149591451917,0.0,0.0,0.0
2025-04-01,K9J3O,SPAMEDICA LUTON,152,7.0,0.0,0.0,0.0,4.605263157894736,0.0,0.0,0.0
2025-05-01,K9J3O,SPAMEDICA LUTON,172,9.0,0.0,0.0,0.0,5.232558139534884,0.0,0.0,0.0
2025-06-01,K9J3O,SPAMEDICA LUTON,171,7.0,0.0,0.0,0.0,4.093567251461988,0.0,0.0,0.0
2025-07-01,K9J3O,SPAMEDICA LUTON,144,9.0,0.0,0.0,0.0,6.25,0.0,0.0,0.0
2025-08-01,K9J3O,SPAMEDICA LUTON,178,14.0,0.0,0.0,0.0,7.865168539325842,0.0,0.0,0.0
2025-09-01,K9J3O,SPAMEDICA LUTON,226,11.0,0.0,0.0,0.0,4.867256637168142,0.0,0.0,0.0
2025-10-01,K9J3O,SPAMEDICA LUTON,196,10.0,0.0,0.0,0.0,5.1020408163265305,0.0,0.0,0.0
2025-11-01,K9J3O,SPAMEDICA LUTON,174,13.0,0.0,0.0,0.0,7.471264367816093,0.0,0.0,0.0
2025-12-01,K9J3O,SPAMEDICA LUTON,267,16.0,0.0,0.0,0.0,5.992509363295881,0.0,0.0,0.0
2026-01-01,K9J3O,SPAMEDICA LUTON,236,24.0,0.0,0.0,0.0,10.16949152542373,0.0,0.0,0.0
2026-02-01,K9J3O,SPAMEDICA LUTON,221,29.0,0.0,0.0,0.0,13.122171945701359,0.0,0.0,0.0
2026-03-01,K9J3O,SPAMEDICA LUTON,158,20.0,0.0,0.0,0.0,12.658227848101266,0.0,0.0,0.0
2026-04-01,K9J3O,SPAMEDICA LUTON,203,27.0,0.0,0.0,0.0,13.30049261083744,0.0,0.0,0.0
2026-05-01,K9J3O,SPAMEDICA LUTON,263,32.0,0.0,0.0,0.0,12.167300380228136,0.0,0.0,0.0
2026-06-01,K9J3O,SPAMEDICA LUTON,262,34.0,0.0,0.0,0.0,12.977099236641221,0.0,0.0,0.0
2025-04-01,L0D9W,NEWMEDICA - GLOUCESTER (BRIGHOUSE COURT),884,48.0,0.0,0.0,0.0,5.429864253393665,0.0,0.0,0.0
2025-05-01,L0D9W,NEWMEDICA - GLOUCESTER (BRIGHOUSE COURT),848,61.0,0.0,0.0,0.0,7.193396226415095,0.0,0.0,0.0
2025-06-01,L0D9W,NEWMEDICA - GLOUCESTER (BRIGHOUSE COURT),985,69.0,0.0,0.0,0.0,7.00507614213198,0.0,0.0,0.0
2025-07-01,L0D9W,NEWMEDICA - GLOUCESTER (BRIGHOUSE COURT),885,58.0,0.0,0.0,0.0,6.553672316384181,0.0,0.0,0.0
2025-08-01,L0D9W,NEWMEDICA - GLOUCESTER (BRIGHOUSE COURT),836,67.0,1.0,0.0,0.0,8.014354066985646,0.11961722488038277,0.0,0.0
2025-09-01,L0D9W,NEWMEDICA - GLOUCESTER (BRIGHOUSE COURT),1022,76.0,2.0,0.0,0.0,7.436399217221135,0.19569471624266144,0.0,0.0
2025-10-01,L0D9W,NEWMEDICA - GLOUCESTER (BRIGHOUSE COURT),1049,70.0,2.0,0.0,0.0,6.67302192564347,0.19065776930409914,0.0,0.0
2025-11-01,L0D9W,NEWMEDICA - GLOUCESTER (BRIGHOUSE COURT),1167,90.0,2.0,0.0,0.0,7.712082262210797,0.17137960582690662,0.0,0.0
2025-12-01,L0D9W,NEWMEDICA - GLOUCESTER (BRIGHOUSE COURT),1257,149.0,2.0,0.0,0.0,11.853619729514717,0.15910898965791567,0.0,0.0
2026-01-01,L0D9W,NEWMEDICA - GLOUCESTER (BRIGHOUSE COURT),1319,236.0,1.0,1.0,0.0,17.892342683851403,0.0758150113722517,0.0758150113722517,0.0
2026-02-01,L0D9W,NEWMEDICA - GLOUCESTER (BRIGHOUSE COURT),1264,217.0,2.0,0.0,0.0,17.167721518987342,0.15822784810126583,0.0,0.0
2026-03-01,L0D9W,NEWMEDICA - GLOUCESTER (BRIGHOUSE COURT),1386,307.0,3.0,0.0,0.0,22.150072150072152,0.21645021645021645,0.0,0.0
2026-04-01,L0D9W,NEWMEDICA - GLOUCESTER (BRIGHOUSE COURT),1330,239.0,0.0,0.0,0.0,17.969924812030076,0.0,0.0,0.0
2026-05-01,L0D9W,NEWMEDICA - GLOUCESTER (BRIGHOUSE COURT),1196,195.0,1.0,0.0,0.0,16.304347826086957,0.08361204013377926,0.0,0.0
2026-06-01,L0D9W,NEWMEDICA - GLOUCESTER (BRIGHOUSE COURT),1051,148.0,2.0,0.0,0.0,14.081826831588963,0.19029495718363465,0.0,0.0
2025-04-01,L4R3R,NEWMEDICA - HAMPSHIRE,843,50.0,0.0,0.0,0.0,5.931198102016608,0.0,0.0,0.0
2025-05-01,L4R3R,NEWMEDICA - HAMPSHIRE,1152,62.0,1.0,0.0,0.0,5.381944444444445,0.08680555555555555,0.0,0.0
2025-06-01,L4R3R,NEWMEDICA - HAMPSHIRE,1362,59.0,1.0,0.0,0.0,4.331864904552129,0.07342143906020558,0.0,0.0
2025-07-01,L4R3R,NEWMEDICA - HAMPSHIRE,1457,74.0,1.0,0.0,0.0,5.078929306794784,0.06863417982155114,0.0,0.0
2025-08-01,L4R3R,NEWMEDICA - HAMPSHIRE,1455,132.0,1.0,1.0,0.0,9.072164948453608,0.06872852233676977,0.06872852233676977,0.0
2025-09-01,L4R3R,NEWMEDICA - HAMPSHIRE,1678,364.0,1.0,1.0,0.0,21.69249106078665,0.05959475566150178,0.05959475566150178,0.0
2025-10-01,L4R3R,NEWMEDICA - HAMPSHIRE,1926,438.0,3.0,1.0,0.0,22.741433021806852,0.1557632398753894,0.05192107995846314,0.0
2025-11-01,L4R3R,NEWMEDICA - HAMPSHIRE,2165,534.0,7.0,1.0,0.0,24.665127020785217,0.3233256351039261,0.046189376443418015,0.0
2025-12-01,L4R3R,NEWMEDICA - HAMPSHIRE,2266,642.0,11.0,1.0,0.0,28.331862312444837,0.48543689320388345,0.0441306266548985,0.0
2026-01-01,L4R3R,NEWMEDICA - HAMPSHIRE,2533,864.0,18.0,1.0,0.0,34.10975128306356,0.7106198183971575,0.03947887879984208,0.0
2026-02-01,L4R3R,NEWMEDICA - HAMPSHIRE,2462,962.0,3.0,1.0,0.0,39.07392363931763,0.12185215272136475,0.04061738424045491,0.0
2026-03-01,L4R3R,NEWMEDICA - HAMPSHIRE,2322,890.0,6.0,1.0,0.0,38.32902670111972,0.2583979328165375,0.04306632213608958,0.0
2026-04-01,L4R3R,NEWMEDICA - HAMPSHIRE,2321,874.0,12.0,0.0,0.0,37.656182679879365,0.5170185264971995,0.0,0.0
2026-05-01,L4R3R,NEWMEDICA - HAMPSHIRE,2332,982.0,41.0,0.0,0.0,42.109777015437395,1.758147512864494,0.0,0.0
2026-06-01,L4R3R,NEWMEDICA - HAMPSHIRE,2125,927.0,43.0,3.0,0.0,43.62352941176471,2.023529411764706,0.1411764705882353,0.0
2025-04-01,L6O7H,SPAMEDICA POOLE,315,2.0,0.0,0.0,0.0,0.6349206349206349,0.0,0.0,0.0
2025-05-01,L6O7H,SPAMEDICA POOLE,398,5.0,0.0,0.0,0.0,1.256281407035176,0.0,0.0,0.0
2025-06-01,L6O7H,SPAMEDICA POOLE,491,11.0,0.0,0.0,0.0,2.240325865580448,0.0,0.0,0.0
2025-07-01,L6O7H,SPAMEDICA POOLE,388,16.0,0.0,0.0,0.0,4.123711340206185,0.0,0.0,0.0
2025-08-01,L6O7H,SPAMEDICA POOLE,424,21.0,0.0,0.0,0.0,4.952830188679245,0.0,0.0,0.0
2025-09-01,L6O7H,SPAMEDICA POOLE,497,15.0,0.0,0.0,0.0,3.0181086519114686,0.0,0.0,0.0
2025-10-01,L6O7H,SPAMEDICA POOLE,526,10.0,0.0,0.0,0.0,1.9011406844106464,0.0,0.0,0.0
2025-11-01,L6O7H,SPAMEDICA POOLE,542,12.0,0.0,0.0,0.0,2.214022140221402,0.0,0.0,0.0
2025-12-01,L6O7H,SPAMEDICA POOLE,588,29.0,0.0,0.0,0.0,4.931972789115646,0.0,0.0,0.0
2026-01-01,L6O7H,SPAMEDICA POOLE,493,34.0,0.0,0.0,0.0,6.896551724137931,0.0,0.0,0.0
2026-02-01,L6O7H,SPAMEDICA POOLE,756,45.0,0.0,0.0,0.0,5.952380952380952,0.0,0.0,0.0
2026-03-01,L6O7H,SPAMEDICA POOLE,998,52.0,0.0,0.0,0.0,5.210420841683367,0.0,0.0,0.0
2026-04-01,L6O7H,SPAMEDICA POOLE,1000,65.0,0.0,0.0,0.0,6.5,0.0,0.0,0.0
2026-05-01,L6O7H,SPAMEDICA POOLE,1018,79.0,1.0,0.0,0.0,7.760314341846758,0.09823182711198428,0.0,0.0
2026-06-01,L6O7H,SPAMEDICA POOLE,980,69.0,1.0,0.0,0.0,7.040816326530612,0.10204081632653061,0.0,0.0
2025-04-01,L9D3Z,SPAMEDICA LEICESTER,74,2.0,0.0,0.0,0.0,2.7027027027027026,0.0,0.0,0.0
2025-05-01,L9D3Z,SPAMEDICA LEICESTER,88,2.0,0.0,0.0,0.0,2.272727272727273,0.0,0.0,0.0
2025-06-01,L9D3Z,SPAMEDICA LEICESTER,106,3.0,0.0,0.0,0.0,2.8301886792452833,0.0,0.0,0.0
2025-07-01,L9D3Z,SPAMEDICA LEICESTER,107,0.0,0.0,0.0,0.0,0.0,0.0,0.0,0.0
2025-08-01,L9D3Z,SPAMEDICA LEICESTER,116,5.0,0.0,0.0,0.0,4.310344827586207,0.0,0.0,0.0
2025-09-01,L9D3Z,SPAMEDICA LEICESTER,128,6.0,0.0,0.0,0.0,4.6875,0.0,0.0,0.0
2025-10-01,L9D3Z,SPAMEDICA LEICESTER,136,6.0,0.0,0.0,0.0,4.411764705882353,0.0,0.0,0.0
2025-11-01,L9D3Z,SPAMEDICA LEICESTER,109,4.0,0.0,0.0,0.0,3.669724770642202,0.0,0.0,0.0
2025-12-01,L9D3Z,SPAMEDICA LEICESTER,146,4.0,0.0,0.0,0.0,2.73972602739726,0.0,0.0,0.0
2026-01-01,L9D3Z,SPAMEDICA LEICESTER,222,7.0,0.0,0.0,0.0,3.153153153153153,0.0,0.0,0.0
2026-02-01,L9D3Z,SPAMEDICA LEICESTER,334,16.0,0.0,0.0,0.0,4.790419161676647,0.0,0.0,0.0
2026-03-01,L9D3Z,SPAMEDICA LEICESTER,340,10.0,0.0,0.0,0.0,2.941176470588235,0.0,0.0,0.0
2026-04-01,L9D3Z,SPAMEDICA LEICESTER,362,15.0,0.0,0.0,0.0,4.143646408839778,0.0,0.0,0.0
2026-05-01,L9D3Z,SPAMEDICA LEICESTER,391,28.0,0.0,0.0,0.0,7.161125319693094,0.0,0.0,0.0
2026-06-01,L9D3Z,SPAMEDICA LEICESTER,309,32.0,0.0,0.0,0.0,10.355987055016183,0.0,0.0,0.0
2025-04-01,M0N7E,SPAMEDICA SITTINGBOURNE,130,21.0,0.0,0.0,0.0,16.153846153846153,0.0,0.0,0.0
2025-05-01,M0N7E,SPAMEDICA SITTINGBOURNE,124,12.0,0.0,0.0,0.0,9.67741935483871,0.0,0.0,0.0
2025-06-01,M0N7E,SPAMEDICA SITTINGBOURNE,124,8.0,0.0,0.0,0.0,6.451612903225806,0.0,0.0,0.0
2025-07-01,M0N7E,SPAMEDICA SITTINGBOURNE,106,5.0,0.0,0.0,0.0,4.716981132075472,0.0,0.0,0.0
2025-08-01,M0N7E,SPAMEDICA SITTINGBOURNE,129,9.0,0.0,0.0,0.0,6.976744186046512,0.0,0.0,0.0
2025-09-01,M0N7E,SPAMEDICA SITTINGBOURNE,120,7.0,0.0,0.0,0.0,5.833333333333333,0.0,0.0,0.0
2025-10-01,M0N7E,SPAMEDICA SITTINGBOURNE,106,3.0,0.0,0.0,0.0,2.8301886792452833,0.0,0.0,0.0
2025-11-01,M0N7E,SPAMEDICA SITTINGBOURNE,119,5.0,0.0,0.0,0.0,4.201680672268908,0.0,0.0,0.0
2025-12-01,M0N7E,SPAMEDICA SITTINGBOURNE,180,6.0,0.0,0.0,0.0,3.3333333333333335,0.0,0.0,0.0
2026-01-01,M0N7E,SPAMEDICA SITTINGBOURNE,156,14.0,0.0,0.0,0.0,8.974358974358974,0.0,0.0,0.0
2026-02-01,M0N7E,SPAMEDICA SITTINGBOURNE,176,13.0,0.0,0.0,0.0,7.386363636363637,0.0,0.0,0.0
2026-03-01,M0N7E,SPAMEDICA SITTINGBOURNE,189,18.0,0.0,0.0,0.0,9.523809523809524,0.0,0.0,0.0
2026-04-01,M0N7E,SPAMEDICA SITTINGBOURNE,192,17.0,0.0,0.0,0.0,8.854166666666668,0.0,0.0,0.0
2026-05-01,M0N7E,SPAMEDICA SITTINGBOURNE,208,22.0,0.0,0.0,0.0,10.576923076923077,0.0,0.0,0.0
2026-06-01,M0N7E,SPAMEDICA SITTINGBOURNE,184,20.0,0.0,0.0,0.0,10.869565217391305,0.0,0.0,0.0
2025-04-01,M2Y6D,PRACTICE PLUS GROUP HOSPITAL BIRMINGHAM,247,3.0,0.0,0.0,0.0,1.214574898785425,0.0,0.0,0.0
2025-05-01,M2Y6D,PRACTICE PLUS GROUP HOSPITAL BIRMINGHAM,325,10.0,0.0,0.0,0.0,3.076923076923077,0.0,0.0,0.0
2025-06-01,M2Y6D,PRACTICE PLUS GROUP HOSPITAL BIRMINGHAM,450,8.0,0.0,0.0,0.0,1.7777777777777777,0.0,0.0,0.0
2025-07-01,M2Y6D,PRACTICE PLUS GROUP HOSPITAL BIRMINGHAM,614,9.0,0.0,0.0,0.0,1.4657980456026058,0.0,0.0,0.0
2025-08-01,M2Y6D,PRACTICE PLUS GROUP HOSPITAL BIRMINGHAM,692,29.0,0.0,0.0,0.0,4.190751445086705,0.0,0.0,0.0
2025-09-01,M2Y6D,PRACTICE PLUS GROUP HOSPITAL BIRMINGHAM,704,41.0,0.0,0.0,0.0,5.823863636363636,0.0,0.0,0.0
2025-10-01,M2Y6D,PRACTICE PLUS GROUP HOSPITAL BIRMINGHAM,787,100.0,0.0,0.0,0.0,12.706480304955528,0.0,0.0,0.0
2025-11-01,M2Y6D,PRACTICE PLUS GROUP HOSPITAL BIRMINGHAM,831,133.0,0.0,0.0,0.0,16.004813477737663,0.0,0.0,0.0
2025-12-01,M2Y6D,PRACTICE PLUS GROUP HOSPITAL BIRMINGHAM,914,168.0,0.0,0.0,0.0,18.38074398249453,0.0,0.0,0.0
2026-01-01,M2Y6D,PRACTICE PLUS GROUP HOSPITAL BIRMINGHAM,1049,203.0,0.0,0.0,0.0,19.351763584366065,0.0,0.0,0.0
2026-02-01,M2Y6D,PRACTICE PLUS GROUP HOSPITAL BIRMINGHAM,1269,269.0,0.0,0.0,0.0,21.19779353821907,0.0,0.0,0.0
2026-03-01,M2Y6D,PRACTICE PLUS GROUP HOSPITAL BIRMINGHAM,1404,279.0,0.0,0.0,0.0,19.871794871794872,0.0,0.0,0.0
2026-04-01,M2Y6D,PRACTICE PLUS GROUP HOSPITAL BIRMINGHAM,1494,309.0,4.0,0.0,0.0,20.682730923694777,0.2677376171352075,0.0,0.0
2026-05-01,M2Y6D,PRACTICE PLUS GROUP HOSPITAL BIRMINGHAM,1634,352.0,6.0,0.0,0.0,21.542227662178703,0.36719706242350064,0.0,0.0
2026-06-01,M2Y6D,PRACTICE PLUS GROUP HOSPITAL BIRMINGHAM,1761,460.0,19.0,0.0,0.0,26.121521862578078,1.0789324247586598,0.0,0.0
2025-04-01,M3R0W,SPAMEDICA NORWICH,122,2.0,0.0,0.0,0.0,1.639344262295082,0.0,0.0,0.0
2025-05-01,M3R0W,SPAMEDICA NORWICH,126,3.0,0.0,0.0,0.0,2.380952380952381,0.0,0.0,0.0
2025-06-01,M3R0W,SPAMEDICA NORWICH,187,2.0,0.0,0.0,0.0,1.06951871657754,0.0,0.0,0.0
2025-07-01,M3R0W,SPAMEDICA NORWICH,180,2.0,0.0,0.0,0.0,1.1111111111111112,0.0,0.0,0.0
2025-08-01,M3R0W,SPAMEDICA NORWICH,186,5.0,0.0,0.0,0.0,2.6881720430107525,0.0,0.0,0.0
2025-09-01,M3R0W,SPAMEDICA NORWICH,203,10.0,0.0,0.0,0.0,4.926108374384237,0.0,0.0,0.0
2025-10-01,M3R0W,SPAMEDICA NORWICH,177,10.0,0.0,0.0,0.0,5.649717514124294,0.0,0.0,0.0
2025-11-01,M3R0W,SPAMEDICA NORWICH,172,12.0,0.0,0.0,0.0,6.976744186046512,0.0,0.0,0.0
2025-12-01,M3R0W,SPAMEDICA NORWICH,220,9.0,0.0,0.0,0.0,4.090909090909091,0.0,0.0,0.0
2026-01-01,M3R0W,SPAMEDICA NORWICH,288,11.0,0.0,0.0,0.0,3.8194444444444446,0.0,0.0,0.0
2026-02-01,M3R0W,SPAMEDICA NORWICH,393,44.0,2.0,2.0,0.0,11.195928753180661,0.5089058524173028,0.5089058524173028,0.0
2026-03-01,M3R0W,SPAMEDICA NORWICH,346,33.0,0.0,0.0,0.0,9.53757225433526,0.0,0.0,0.0
2026-04-01,M3R0W,SPAMEDICA NORWICH,351,56.0,0.0,0.0,0.0,15.954415954415953,0.0,0.0,0.0
2026-05-01,M3R0W,SPAMEDICA NORWICH,356,60.0,0.0,0.0,0.0,16.853932584269664,0.0,0.0,0.0
2026-06-01,M3R0W,SPAMEDICA NORWICH,252,34.0,0.0,0.0,0.0,13.492063492063492,0.0,0.0,0.0
2025-04-01,M4C5R,NEWMEDICA - NORTHAMPTON,825,3.0,0.0,0.0,0.0,0.36363636363636365,0.0,0.0,0.0
2025-05-01,M4C5R,NEWMEDICA - NORTHAMPTON,883,2.0,0.0,0.0,0.0,0.22650056625141565,0.0,0.0,0.0
2025-06-01,M4C5R,NEWMEDICA - NORTHAMPTON,555,5.0,0.0,0.0,0.0,0.9009009009009009,0.0,0.0,0.0
2025-07-01,M4C5R,NEWMEDICA - NORTHAMPTON,616,9.0,0.0,0.0,0.0,1.461038961038961,0.0,0.0,0.0
2025-08-01,M4C5R,NEWMEDICA - NORTHAMPTON,707,15.0,0.0,0.0,0.0,2.1216407355021216,0.0,0.0,0.0
2025-09-01,M4C5R,NEWMEDICA - NORTHAMPTON,817,29.0,0.0,0.0,0.0,3.549571603427173,0.0,0.0,0.0
2025-10-01,M4C5R,NEWMEDICA - NORTHAMPTON,988,42.0,0.0,0.0,0.0,4.251012145748987,0.0,0.0,0.0
2025-11-01,M4C5R,NEWMEDICA - NORTHAMPTON,995,63.0,0.0,0.0,0.0,6.331658291457286,0.0,0.0,0.0
2025-12-01,M4C5R,NEWMEDICA - NORTHAMPTON,943,65.0,0.0,0.0,0.0,6.892895015906681,0.0,0.0,0.0
2026-01-01,M4C5R,NEWMEDICA - NORTHAMPTON,1095,106.0,1.0,1.0,0.0,9.680365296803654,0.091324200913242,0.091324200913242,0.0
2026-02-01,M4C5R,NEWMEDICA - NORTHAMPTON,1248,146.0,0.0,0.0,0.0,11.698717948717949,0.0,0.0,0.0
2026-03-01,M4C5R,NEWMEDICA - NORTHAMPTON,1404,197.0,3.0,1.0,0.0,14.031339031339032,0.2136752136752137,0.07122507122507123,0.0
2026-04-01,M4C5R,NEWMEDICA - NORTHAMPTON,1500,248.0,1.0,0.0,0.0,16.53333333333333,0.06666666666666667,0.0,0.0
2026-05-01,M4C5R,NEWMEDICA - NORTHAMPTON,1346,183.0,1.0,0.0,0.0,13.595839524517087,0.07429420505200594,0.0,0.0
2026-06-01,M4C5R,NEWMEDICA - NORTHAMPTON,1223,175.0,0.0,0.0,0.0,14.309076042518399,0.0,0.0,0.0
2025-04-01,M5E1S,SPAMEDICA EXETER,181,7.0,0.0,0.0,0.0,3.867403314917127,0.0,0.0,0.0
2025-05-01,M5E1S,SPAMEDICA EXETER,218,9.0,0.0,0.0,0.0,4.128440366972478,0.0,0.0,0.0
2025-06-01,M5E1S,SPAMEDICA EXETER,181,4.0,0.0,0.0,0.0,2.209944751381215,0.0,0.0,0.0
2025-07-01,M5E1S,SPAMEDICA EXETER,118,3.0,0.0,0.0,0.0,2.5423728813559325,0.0,0.0,0.0
2025-08-01,M5E1S,SPAMEDICA EXETER,190,8.0,0.0,0.0,0.0,4.2105263157894735,0.0,0.0,0.0
2025-09-01,M5E1S,SPAMEDICA EXETER,249,16.0,1.0,0.0,0.0,6.425702811244979,0.4016064257028112,0.0,0.0
2025-10-01,M5E1S,SPAMEDICA EXETER,277,16.0,1.0,0.0,0.0,5.776173285198556,0.36101083032490977,0.0,0.0
2025-11-01,M5E1S,SPAMEDICA EXETER,265,18.0,1.0,0.0,0.0,6.7924528301886795,0.37735849056603776,0.0,0.0
2025-12-01,M5E1S,SPAMEDICA EXETER,279,26.0,0.0,0.0,0.0,9.31899641577061,0.0,0.0,0.0
2026-01-01,M5E1S,SPAMEDICA EXETER,303,31.0,0.0,0.0,0.0,10.231023102310232,0.0,0.0,0.0
2026-02-01,M5E1S,SPAMEDICA EXETER,336,35.0,0.0,0.0,0.0,10.416666666666668,0.0,0.0,0.0
2026-03-01,M5E1S,SPAMEDICA EXETER,328,38.0,0.0,0.0,0.0,11.585365853658537,0.0,0.0,0.0
2026-04-01,M5E1S,SPAMEDICA EXETER,347,43.0,0.0,0.0,0.0,12.39193083573487,0.0,0.0,0.0
2026-05-01,M5E1S,SPAMEDICA EXETER,392,51.0,1.0,0.0,0.0,13.010204081632654,0.25510204081632654,0.0,0.0
2026-06-01,M5E1S,SPAMEDICA EXETER,350,40.0,1.0,0.0,0.0,11.428571428571429,0.2857142857142857,0.0,0.0
2025-04-01,M7C9Q,SPAMEDICA EPSOM,229,4.0,0.0,0.0,0.0,1.7467248908296942,0.0,0.0,0.0
2025-05-01,M7C9Q,SPAMEDICA EPSOM,215,4.0,0.0,0.0,0.0,1.8604651162790697,0.0,0.0,0.0
2025-06-01,M7C9Q,SPAMEDICA EPSOM,197,8.0,0.0,0.0,0.0,4.060913705583756,0.0,0.0,0.0
2025-07-01,M7C9Q,SPAMEDICA EPSOM,155,14.0,0.0,0.0,0.0,9.032258064516128,0.0,0.0,0.0
2025-08-01,M7C9Q,SPAMEDICA EPSOM,164,15.0,0.0,0.0,0.0,9.146341463414634,0.0,0.0,0.0
2025-09-01,M7C9Q,SPAMEDICA EPSOM,168,6.0,0.0,0.0,0.0,3.571428571428571,0.0,0.0,0.0
2025-10-01,M7C9Q,SPAMEDICA EPSOM,145,7.0,0.0,0.0,0.0,4.827586206896552,0.0,0.0,0.0
2025-11-01,M7C9Q,SPAMEDICA EPSOM,168,13.0,0.0,0.0,0.0,7.738095238095238,0.0,0.0,0.0
2025-12-01,M7C9Q,SPAMEDICA EPSOM,215,4.0,0.0,0.0,0.0,1.8604651162790697,0.0,0.0,0.0
2026-01-01,M7C9Q,SPAMEDICA EPSOM,268,7.0,0.0,0.0,0.0,2.6119402985074625,0.0,0.0,0.0
2026-02-01,M7C9Q,SPAMEDICA EPSOM,345,10.0,0.0,0.0,0.0,2.898550724637681,0.0,0.0,0.0
2026-03-01,M7C9Q,SPAMEDICA EPSOM,336,11.0,0.0,0.0,0.0,3.273809523809524,0.0,0.0,0.0
2026-04-01,M7C9Q,SPAMEDICA EPSOM,423,16.0,0.0,0.0,0.0,3.7825059101654848,0.0,0.0,0.0
2026-05-01,M7C9Q,SPAMEDICA EPSOM,421,24.0,0.0,0.0,0.0,5.7007125890736345,0.0,0.0,0.0
2026-06-01,M7C9Q,SPAMEDICA EPSOM,298,26.0,0.0,0.0,0.0,8.724832214765101,0.0,0.0,0.0
2025-04-01,M9U8M,ENDOCARE DIAGNOSTICS LTD,104,0.0,0.0,0.0,0.0,0.0,0.0,0.0,0.0
2025-05-01,M9U8M,ENDOCARE DIAGNOSTICS LTD,122,0.0,0.0,0.0,0.0,0.0,0.0,0.0,0.0
2025-06-01,M9U8M,ENDOCARE DIAGNOSTICS LTD,129,0.0,0.0,0.0,0.0,0.0,0.0,0.0,0.0
2025-07-01,M9U8M,ENDOCARE DIAGNOSTICS LTD,120,0.0,0.0,0.0,0.0,0.0,0.0,0.0,0.0
2025-08-01,M9U8M,ENDOCARE DIAGNOSTICS LTD,101,0.0,0.0,0.0,0.0,0.0,0.0,0.0,0.0
2025-09-01,M9U8M,ENDOCARE DIAGNOSTICS LTD,129,0.0,0.0,0.0,0.0,0.0,0.0,0.0,0.0
2025-10-01,M9U8M,ENDOCARE DIAGNOSTICS LTD,116,0.0,0.0,0.0,0.0,0.0,0.0,0.0,0.0
2025-11-01,M9U8M,ENDOCARE DIAGNOSTICS LTD,119,0.0,0.0,0.0,0.0,0.0,0.0,0.0,0.0
2025-12-01,M9U8M,ENDOCARE DIAGNOSTICS LTD,158,0.0,0.0,0.0,0.0,0.0,0.0,0.0,0.0
2026-01-01,M9U8M,ENDOCARE DIAGNOSTICS LTD,130,0.0,0.0,0.0,0.0,0.0,0.0,0.0,0.0
2026-02-01,M9U8M,ENDOCARE DIAGNOSTICS LTD,124,0.0,0.0,0.0,0.0,0.0,0.0,0.0,0.0
2026-03-01,M9U8M,ENDOCARE DIAGNOSTICS LTD,83,0.0,0.0,0.0,0.0,0.0,0.0,0.0,0.0
2026-04-01,M9U8M,ENDOCARE DIAGNOSTICS LTD,78,0.0,0.0,0.0,0.0,0.0,0.0,0.0,0.0
2026-05-01,M9U8M,ENDOCARE DIAGNOSTICS LTD,71,0.0,0.0,0.0,0.0,0.0,0.0,0.0,0.0
2026-06-01,M9U8M,ENDOCARE DIAGNOSTICS LTD,56,0.0,0.0,0.0,0.0,0.0,0.0,0.0,0.0
2025-04-01,N6Z0R,NEWMEDICA - LINCOLN,53,0.0,0.0,0.0,0.0,0.0,0.0,0.0,0.0
2025-05-01,N6Z0R,NEWMEDICA - LINCOLN,48,0.0,0.0,0.0,0.0,0.0,0.0,0.0,0.0
2025-06-01,N6Z0R,NEWMEDICA - LINCOLN,55,2.0,0.0,0.0,0.0,3.6363636363636362,0.0,0.0,0.0
2025-07-01,N6Z0R,NEWMEDICA - LINCOLN,44,4.0,0.0,0.0,0.0,9.090909090909092,0.0,0.0,0.0
2025-08-01,N6Z0R,NEWMEDICA - LINCOLN,58,7.0,0.0,0.0,0.0,12.068965517241379,0.0,0.0,0.0
2025-09-01,N6Z0R,NEWMEDICA - LINCOLN,47,10.0,0.0,0.0,0.0,21.27659574468085,0.0,0.0,0.0
2025-10-01,N6Z0R,NEWMEDICA - LINCOLN,55,7.0,0.0,0.0,0.0,12.727272727272727,0.0,0.0,0.0
2025-11-01,N6Z0R,NEWMEDICA - LINCOLN,50,7.0,0.0,0.0,0.0,14.000000000000002,0.0,0.0,0.0
2025-12-01,N6Z0R,NEWMEDICA - LINCOLN,41,10.0,0.0,0.0,0.0,24.390243902439025,0.0,0.0,0.0
2026-01-01,N6Z0R,NEWMEDICA - LINCOLN,31,9.0,0.0,0.0,0.0,29.03225806451613,0.0,0.0,0.0
2026-02-01,N6Z0R,NEWMEDICA - LINCOLN,31,8.0,0.0,0.0,0.0,25.806451612903224,0.0,0.0,0.0
2026-03-01,N6Z0R,NEWMEDICA - LINCOLN,33,5.0,0.0,0.0,0.0,15.151515151515152,0.0,0.0,0.0
2026-04-01,N6Z0R,NEWMEDICA - LINCOLN,32,4.0,0.0,0.0,0.0,12.5,0.0,0.0,0.0
2026-05-01,N6Z0R,NEWMEDICA - LINCOLN,27,3.0,0.0,0.0,0.0,11.11111111111111,0.0,0.0,0.0
2026-06-01,N6Z0R,NEWMEDICA - LINCOLN,31,8.0,0.0,0.0,0.0,25.806451612903224,0.0,0.0,0.0
2025-04-01,N8R1N,NEWMEDICA - BERKSHIRE,588,40.0,0.0,0.0,0.0,6.802721088435375,0.0,0.0,0.0
2025-05-01,N8R1N,NEWMEDICA - BERKSHIRE,673,33.0,0.0,0.0,0.0,4.903417533432393,0.0,0.0,0.0
2025-06-01,N8R1N,NEWMEDICA - BERKSHIRE,633,63.0,0.0,0.0,0.0,9.95260663507109,0.0,0.0,0.0
2025-07-01,N8R1N,NEWMEDICA - BERKSHIRE,715,93.0,0.0,0.0,0.0,13.006993006993007,0.0,0.0,0.0
2025-08-01,N8R1N,NEWMEDICA - BERKSHIRE,837,131.0,1.0,0.0,0.0,15.651135005973716,0.11947431302270012,0.0,0.0
2025-09-01,N8R1N,NEWMEDICA - BERKSHIRE,948,164.0,4.0,0.0,0.0,17.29957805907173,0.42194092827004215,0.0,0.0
2025-10-01,N8R1N,NEWMEDICA - BERKSHIRE,1173,216.0,6.0,0.0,0.0,18.414322250639387,0.5115089514066496,0.0,0.0
2025-11-01,N8R1N,NEWMEDICA - BERKSHIRE,1222,176.0,0.0,0.0,0.0,14.402618657937808,0.0,0.0,0.0
2025-12-01,N8R1N,NEWMEDICA - BERKSHIRE,1479,282.0,1.0,0.0,0.0,19.066937119675455,0.0676132521974307,0.0,0.0
2026-01-01,N8R1N,NEWMEDICA - BERKSHIRE,1500,358.0,3.0,0.0,0.0,23.866666666666667,0.2,0.0,0.0
2026-02-01,N8R1N,NEWMEDICA - BERKSHIRE,1567,479.0,12.0,3.0,0.0,30.567964262922782,0.7657945118059988,0.1914486279514997,0.0
2026-03-01,N8R1N,NEWMEDICA - BERKSHIRE,1515,518.0,14.0,0.0,0.0,34.191419141914196,0.9240924092409241,0.0,0.0
2026-04-01,N8R1N,NEWMEDICA - BERKSHIRE,1552,578.0,14.0,1.0,0.0,37.24226804123711,0.902061855670103,0.06443298969072164,0.0
2026-05-01,N8R1N,NEWMEDICA - BERKSHIRE,1406,468.0,10.0,2.0,0.0,33.285917496443815,0.7112375533428165,0.1422475106685633,0.0
2026-06-01,N8R1N,NEWMEDICA - BERKSHIRE,1325,434.0,4.0,0.0,0.0,32.75471698113208,0.3018867924528302,0.0,0.0
2025-04-01,NAM01,PROBUS SURGICAL CENTRE,1115,65.0,1.0,1.0,0.0,5.829596412556054,0.08968609865470852,0.08968609865470852,0.0
2025-05-01,NAM01,PROBUS SURGICAL CENTRE,1192,55.0,1.0,1.0,0.0,4.614093959731544,0.08389261744966443,0.08389261744966443,0.0
2025-06-01,NAM01,PROBUS SURGICAL CENTRE,1234,77.0,0.0,0.0,0.0,6.239870340356564,0.0,0.0,0.0
2025-07-01,NAM01,PROBUS SURGICAL CENTRE,1262,89.0,0.0,0.0,0.0,7.052297939778129,0.0,0.0,0.0
2025-08-01,NAM01,PROBUS SURGICAL CENTRE,1322,109.0,1.0,1.0,0.0,8.245083207261725,0.07564296520423601,0.07564296520423601,0.0
2025-09-01,NAM01,PROBUS SURGICAL CENTRE,1336,117.0,1.0,0.0,0.0,8.757485029940119,0.07485029940119761,0.0,0.0
2025-10-01,NAM01,PROBUS SURGICAL CENTRE,1280,140.0,2.0,0.0,0.0,10.9375,0.15625,0.0,0.0
2025-11-01,NAM01,PROBUS SURGICAL CENTRE,1276,142.0,1.0,0.0,0.0,11.128526645768025,0.07836990595611285,0.0,0.0
2025-12-01,NAM01,PROBUS SURGICAL CENTRE,1108,121.0,0.0,0.0,0.0,10.920577617328519,0.0,0.0,0.0
2026-01-01,NAM01,PROBUS SURGICAL CENTRE,1019,110.0,1.0,0.0,0.0,10.794896957801766,0.09813542688910697,0.0,0.0
2026-02-01,NAM01,PROBUS SURGICAL CENTRE,883,71.0,0.0,0.0,0.0,8.040770101925254,0.0,0.0,0.0
2026-03-01,NAM01,PROBUS SURGICAL CENTRE,828,41.0,0.0,0.0,0.0,4.951690821256038,0.0,0.0,0.0
2026-04-01,NAM01,PROBUS SURGICAL CENTRE,867,30.0,0.0,0.0,0.0,3.4602076124567476,0.0,0.0,0.0
2026-05-01,NAM01,PROBUS SURGICAL CENTRE,595,19.0,0.0,0.0,0.0,3.1932773109243695,0.0,0.0,0.0
2026-06-01,NAM01,PROBUS SURGICAL CENTRE,802,25.0,0.0,0.0,0.0,3.117206982543641,0.0,0.0,0.0
2025-04-01,NCN,DMC HEALTHCARE,2226,20.0,0.0,0.0,0.0,0.8984725965858041,0.0,0.0,0.0
2025-05-01,NCN,DMC HEALTHCARE,2155,18.0,0.0,0.0,0.0,0.8352668213457077,0.0,0.0,0.0
2025-06-01,NCN,DMC HEALTHCARE,1710,11.0,0.0,0.0,0.0,0.6432748538011697,0.0,0.0,0.0
2025-07-01,NCN,DMC HEALTHCARE,1601,4.0,0.0,0.0,0.0,0.24984384759525297,0.0,0.0,0.0
2025-08-01,NCN,DMC HEALTHCARE,1551,8.0,0.0,0.0,0.0,0.5157962604771116,0.0,0.0,0.0
2025-09-01,NCN,DMC HEALTHCARE,2043,16.0,0.0,0.0,0.0,0.7831620166421929,0.0,0.0,0.0
2025-10-01,NCN,DMC HEALTHCARE,2342,40.0,1.0,1.0,0.0,1.7079419299743808,0.04269854824935952,0.04269854824935952,0.0
2025-11-01,NCN,DMC HEALTHCARE,1732,58.0,0.0,0.0,0.0,3.348729792147806,0.0,0.0,0.0
2025-12-01,NCN,DMC HEALTHCARE,1634,75.0,0.0,0.0,0.0,4.589963280293757,0.0,0.0,0.0
2026-01-01,NCN,DMC HEALTHCARE,1328,26.0,0.0,0.0,0.0,1.957831325301205,0.0,0.0,0.0
2026-02-01,NCN,DMC HEALTHCARE,1328,18.0,0.0,0.0,0.0,1.355421686746988,0.0,0.0,0.0
2026-03-01,NCN,DMC HEALTHCARE,1227,43.0,1.0,1.0,1.0,3.5044824775876124,0.08149959250203749,0.08149959250203749,0.08149959250203749
2026-04-01,NCN,DMC HEALTHCARE,2326,145.0,41.0,37.0,22.0,6.233877901977644,1.76268271711092,1.590713671539123,0.9458297506448838
2026-05-01,NCN,DMC HEALTHCARE,1886,247.0,36.0,30.0,12.0,13.096500530222693,1.9088016967126193,1.5906680805938493,0.6362672322375398
2026-06-01,NCN,DMC HEALTHCARE,2638,181.0,27.0,19.0,11.0,6.861258529188779,1.023502653525398,0.7202426080363912,0.4169825625473844
2025-04-01,NCR,ISIGHT,809,42.0,0.0,0.0,0.0,5.19159456118665,0.0,0.0,0.0
2025-05-01,NCR,ISIGHT,914,42.0,0.0,0.0,0.0,4.595185995623632,0.0,0.0,0.0
2025-06-01,NCR,ISIGHT,872,62.0,0.0,0.0,0.0,7.110091743119266,0.0,0.0,0.0
2025-07-01,NCR,ISIGHT,1018,55.0,0.0,0.0,0.0,5.402750491159136,0.0,0.0,0.0
2025-08-01,NCR,ISIGHT,1019,55.0,0.0,0.0,0.0,5.397448478900883,0.0,0.0,0.0
2025-09-01,NCR,ISIGHT,1331,78.0,0.0,0.0,0.0,5.860255447032307,0.0,0.0,0.0
2025-10-01,NCR,ISIGHT,1276,64.0,0.0,0.0,0.0,5.015673981191222,0.0,0.0,0.0
2025-11-01,NCR,ISIGHT,1172,27.0,0.0,0.0,0.0,2.303754266211604,0.0,0.0,0.0
2025-12-01,NCR,ISIGHT,1366,155.0,0.0,0.0,0.0,11.346998535871156,0.0,0.0,0.0
2026-01-01,NCR,ISIGHT,1433,219.0,0.0,0.0,0.0,15.282623866015351,0.0,0.0,0.0
2026-02-01,NCR,ISIGHT,1432,263.0,0.0,0.0,0.0,18.365921787709496,0.0,0.0,0.0
2026-03-01,NCR,ISIGHT,1411,200.0,0.0,0.0,0.0,14.174344436569807,0.0,0.0,0.0
2026-04-01,NCR,ISIGHT,1348,165.0,0.0,0.0,0.0,12.240356083086052,0.0,0.0,0.0
2026-05-01,NCR,ISIGHT,1335,156.0,1.0,0.0,0.0,11.685393258426966,0.0749063670411985,0.0,0.0
2026-06-01,NCR,ISIGHT,1285,154.0,1.0,0.0,0.0,11.98443579766537,0.07782101167315175,0.0,0.0
2025-04-01,NDJ,FIRST COMMUNITY HEALTH AND CARE CIC,749,7.0,0.0,0.0,0.0,0.9345794392523363,0.0,0.0,0.0
2025-05-01,NDJ,FIRST COMMUNITY HEALTH AND CARE CIC,792,11.0,0.0,0.0,0.0,1.3888888888888888,0.0,0.0,0.0
2025-06-01,NDJ,FIRST COMMUNITY HEALTH AND CARE CIC,812,11.0,0.0,0.0,0.0,1.354679802955665,0.0,0.0,0.0
2025-07-01,NDJ,FIRST COMMUNITY HEALTH AND CARE CIC,750,14.0,0.0,0.0,0.0,1.866666666666667,0.0,0.0,0.0
2025-08-01,NDJ,FIRST COMMUNITY HEALTH AND CARE CIC,689,18.0,0.0,0.0,0.0,2.6124818577648767,0.0,0.0,0.0
2025-09-01,NDJ,FIRST COMMUNITY HEALTH AND CARE CIC,701,9.0,0.0,0.0,0.0,1.2838801711840229,0.0,0.0,0.0
2025-10-01,NDJ,FIRST COMMUNITY HEALTH AND CARE CIC,797,14.0,0.0,0.0,0.0,1.7565872020075282,0.0,0.0,0.0
2025-11-01,NDJ,FIRST COMMUNITY HEALTH AND CARE CIC,639,9.0,0.0,0.0,0.0,1.4084507042253522,0.0,0.0,0.0
2025-12-01,NDJ,FIRST COMMUNITY HEALTH AND CARE CIC,587,14.0,0.0,0.0,0.0,2.385008517887564,0.0,0.0,0.0
2026-01-01,NDJ,FIRST COMMUNITY HEALTH AND CARE CIC,697,30.0,0.0,0.0,0.0,4.304160688665711,0.0,0.0,0.0
2026-02-01,NDJ,FIRST COMMUNITY HEALTH AND CARE CIC,729,15.0,0.0,0.0,0.0,2.05761316872428,0.0,0.0,0.0
2026-03-01,NDJ,FIRST COMMUNITY HEALTH AND CARE CIC,860,24.0,0.0,0.0,0.0,2.7906976744186047,0.0,0.0,0.0
2026-04-01,NDJ,FIRST COMMUNITY HEALTH AND CARE CIC,846,30.0,0.0,0.0,0.0,3.546099290780142,0.0,0.0,0.0
2026-05-01,NDJ,FIRST COMMUNITY HEALTH AND CARE CIC,883,85.0,0.0,0.0,0.0,9.626274065685164,0.0,0.0,0.0
2026-06-01,NDJ,FIRST COMMUNITY HEALTH AND CARE CIC,960,55.0,0.0,0.0,0.0,5.729166666666666,0.0,0.0,0.0
2025-04-01,NEQ,PHOENIX HEALTH SOLUTIONS LIMITED HQ,579,15.0,0.0,0.0,0.0,2.5906735751295336,0.0,0.0,0.0
2025-05-01,NEQ,PHOENIX HEALTH SOLUTIONS LIMITED HQ,641,24.0,0.0,0.0,0.0,3.74414976599064,0.0,0.0,0.0
2025-06-01,NEQ,PHOENIX HEALTH SOLUTIONS LIMITED HQ,647,5.0,0.0,0.0,0.0,0.7727975270479135,0.0,0.0,0.0
2025-07-01,NEQ,PHOENIX HEALTH SOLUTIONS LIMITED HQ,592,30.0,0.0,0.0,0.0,5.0675675675675675,0.0,0.0,0.0
2025-08-01,NEQ,PHOENIX HEALTH SOLUTIONS LIMITED HQ,516,4.0,0.0,0.0,0.0,0.7751937984496124,0.0,0.0,0.0
2025-09-01,NEQ,PHOENIX HEALTH SOLUTIONS LIMITED HQ,586,18.0,0.0,0.0,0.0,3.0716723549488054,0.0,0.0,0.0
2025-10-01,NEQ,PHOENIX HEALTH SOLUTIONS LIMITED HQ,509,18.0,0.0,0.0,0.0,3.536345776031434,0.0,0.0,0.0
2025-11-01,NEQ,PHOENIX HEALTH SOLUTIONS LIMITED HQ,605,16.0,0.0,0.0,0.0,2.644628099173554,0.0,0.0,0.0
2025-12-01,NEQ,PHOENIX HEALTH SOLUTIONS LIMITED HQ,614,65.0,0.0,0.0,0.0,10.586319218241043,0.0,0.0,0.0
2026-01-01,NEQ,PHOENIX HEALTH SOLUTIONS LIMITED HQ,596,92.0,0.0,0.0,0.0,15.436241610738255,0.0,0.0,0.0
2026-02-01,NEQ,PHOENIX HEALTH SOLUTIONS LIMITED HQ,613,67.0,0.0,0.0,0.0,10.929853181076671,0.0,0.0,0.0
2026-03-01,NEQ,PHOENIX HEALTH SOLUTIONS LIMITED HQ,589,21.0,0.0,0.0,0.0,3.5653650254668934,0.0,0.0,0.0
2026-04-01,NEQ,PHOENIX HEALTH SOLUTIONS LIMITED HQ,561,19.0,0.0,0.0,0.0,3.3868092691622103,0.0,0.0,0.0
2026-05-01,NEQ,PHOENIX HEALTH SOLUTIONS LIMITED HQ,568,44.0,0.0,0.0,0.0,7.746478873239436,0.0,0.0,0.0
2026-06-01,NEQ,PHOENIX HEALTH SOLUTIONS LIMITED HQ,569,30.0,0.0,0.0,0.0,5.272407732864675,0.0,0.0,0.0
2025-04-01,NEY,PIONEER HEALTHCARE LIMITED,2949,1399.0,100.0,11.0,0.0,47.43981010512038,3.39097999321804,0.3730077992539844,0.0
2025-05-01,NEY,PIONEER HEALTHCARE LIMITED,2304,1103.0,69.0,10.0,1.0,47.87326388888889,2.994791666666667,0.4340277777777778,0.043402777777777776
2025-06-01,NEY,PIONEER HEALTHCARE LIMITED,1808,1058.0,68.0,8.0,1.0,58.51769911504425,3.761061946902655,0.4424778761061947,0.05530973451327434
2025-07-01,NEY,PIONEER HEALTHCARE LIMITED,1968,1367.0,96.0,8.0,1.0,69.46138211382113,4.878048780487805,0.40650406504065045,0.05081300813008131
2025-08-01,NEY,PIONEER HEALTHCARE LIMITED,1613,1390.0,170.0,7.0,1.0,86.17482951022939,10.539367637941725,0.4339739615623063,0.06199628022318661
2025-09-01,NEY,PIONEER HEALTHCARE LIMITED,1237,1021.0,188.0,6.0,1.0,82.53839935327404,15.198059822150364,0.4850444624090542,0.08084074373484236
2025-10-01,NEY,PIONEER HEALTHCARE LIMITED,1416,1081.0,257.0,22.0,1.0,76.34180790960453,18.149717514124294,1.5536723163841808,0.07062146892655367
2025-11-01,NEY,PIONEER HEALTHCARE LIMITED,789,599.0,255.0,34.0,2.0,75.91888466413181,32.31939163498099,4.309252217997465,0.25348542458808615
2025-12-01,NEY,PIONEER HEALTHCARE LIMITED,743,612.0,313.0,54.0,1.0,82.36877523553163,42.126514131897714,7.267833109017497,0.13458950201884254
2026-01-01,NEY,PIONEER HEALTHCARE LIMITED,635,525.0,232.0,9.0,1.0,82.67716535433071,36.53543307086614,1.4173228346456692,0.15748031496062992
2026-02-01,NEY,PIONEER HEALTHCARE LIMITED,480,342.0,110.0,21.0,1.0,71.25,22.916666666666664,4.375,0.20833333333333334
2026-03-01,NEY,PIONEER HEALTHCARE LIMITED,715,635.0,209.0,33.0,2.0,88.81118881118881,29.230769230769234,4.615384615384616,0.27972027972027974
2026-04-01,NEY,PIONEER HEALTHCARE LIMITED,101,40.0,10.0,3.0,0.0,39.603960396039604,9.900990099009901,2.9702970297029703,0.0
2026-05-01,NEY,PIONEER HEALTHCARE LIMITED,106,44.0,13.0,7.0,0.0,41.509433962264154,12.264150943396226,6.60377358490566,0.0
2026-06-01,NEY,PIONEER HEALTHCARE LIMITED,106,42.0,15.0,8.0,0.0,39.62264150943396,14.150943396226415,7.547169811320755,0.0
2025-04-01,NFH,SOMERSET SURGICAL SERVICES HQ,992,92.0,0.0,0.0,0.0,9.274193548387096,0.0,0.0,0.0
2025-05-01,NFH,SOMERSET SURGICAL SERVICES HQ,958,80.0,0.0,0.0,0.0,8.350730688935283,0.0,0.0,0.0
2025-06-01,NFH,SOMERSET SURGICAL SERVICES HQ,919,53.0,1.0,0.0,0.0,5.767138193688792,0.1088139281828074,0.0,0.0
2025-07-01,NFH,SOMERSET SURGICAL SERVICES HQ,1112,75.0,1.0,1.0,0.0,6.744604316546762,0.08992805755395684,0.08992805755395684,0.0
2025-08-01,NFH,SOMERSET SURGICAL SERVICES HQ,1104,84.0,0.0,0.0,0.0,7.608695652173914,0.0,0.0,0.0
2025-09-01,NFH,SOMERSET SURGICAL SERVICES HQ,1011,90.0,3.0,1.0,0.0,8.902077151335313,0.2967359050445104,0.09891196834817012,0.0
2025-10-01,NFH,SOMERSET SURGICAL SERVICES HQ,1100,85.0,2.0,0.0,0.0,7.727272727272727,0.18181818181818182,0.0,0.0
2025-11-01,NFH,SOMERSET SURGICAL SERVICES HQ,1153,85.0,0.0,0.0,0.0,7.372072853425846,0.0,0.0,0.0
2025-12-01,NFH,SOMERSET SURGICAL SERVICES HQ,1225,136.0,2.0,0.0,0.0,11.10204081632653,0.163265306122449,0.0,0.0
2026-01-01,NFH,SOMERSET SURGICAL SERVICES HQ,1249,134.0,2.0,0.0,0.0,10.728582866293035,0.16012810248198558,0.0,0.0
2026-02-01,NFH,SOMERSET SURGICAL SERVICES HQ,1400,183.0,1.0,0.0,0.0,13.071428571428573,0.07142857142857142,0.0,0.0
2026-03-01,NFH,SOMERSET SURGICAL SERVICES HQ,1505,172.0,3.0,1.0,0.0,11.428571428571429,0.19933554817275745,0.0664451827242525,0.0
2026-04-01,NFH,SOMERSET SURGICAL SERVICES HQ,1576,284.0,2.0,1.0,0.0,18.02030456852792,0.12690355329949238,0.06345177664974619,0.0
2026-05-01,NFH,SOMERSET SURGICAL SERVICES HQ,1577,253.0,1.0,0.0,0.0,16.0431198478123,0.06341154090044387,0.0,0.0
2026-06-01,NFH,SOMERSET SURGICAL SERVICES HQ,1532,336.0,2.0,0.0,0.0,21.93211488250653,0.13054830287206268,0.0,0.0
2025-04-01,NL3,CARE PLUS GROUP,224,10.0,0.0,0.0,0.0,4.464285714285714,0.0,0.0,0.0
2025-05-01,NL3,CARE PLUS GROUP,234,11.0,0.0,0.0,0.0,4.700854700854701,0.0,0.0,0.0
2025-06-01,NL3,CARE PLUS GROUP,252,12.0,0.0,0.0,0.0,4.761904761904762,0.0,0.0,0.0
2025-07-01,NL3,CARE PLUS GROUP,222,9.0,0.0,0.0,0.0,4.054054054054054,0.0,0.0,0.0
2025-08-01,NL3,CARE PLUS GROUP,193,14.0,0.0,0.0,0.0,7.253886010362693,0.0,0.0,0.0
2025-09-01,NL3,CARE PLUS GROUP,202,20.0,0.0,0.0,0.0,9.900990099009901,0.0,0.0,0.0
2025-10-01,NL3,CARE PLUS GROUP,200,11.0,0.0,0.0,0.0,5.5,0.0,0.0,0.0
2025-11-01,NL3,CARE PLUS GROUP,209,14.0,0.0,0.0,0.0,6.698564593301436,0.0,0.0,0.0
2025-12-01,NL3,CARE PLUS GROUP,187,14.0,0.0,0.0,0.0,7.4866310160427805,0.0,0.0,0.0
2026-01-01,NL3,CARE PLUS GROUP,197,22.0,1.0,0.0,0.0,11.16751269035533,0.5076142131979695,0.0,0.0
2026-02-01,NL3,CARE PLUS GROUP,183,30.0,0.0,0.0,0.0,16.39344262295082,0.0,0.0,0.0
2026-03-01,NL3,CARE PLUS GROUP,185,30.0,0.0,0.0,0.0,16.216216216216218,0.0,0.0,0.0
2026-04-01,NL3,CARE PLUS GROUP,182,26.0,1.0,0.0,0.0,14.285714285714285,0.5494505494505495,0.0,0.0
2026-05-01,NL3,CARE PLUS GROUP,229,24.0,3.0,0.0,0.0,10.480349344978166,1.3100436681222707,0.0,0.0
2026-06-01,NL3,CARE PLUS GROUP,246,27.0,3.0,0.0,0.0,10.975609756097562,1.2195121951219512,0.0,0.0
2025-04-01,NL8,LOCALA COMMUNITY PARTNERSHIPS CIC,1189,114.0,0.0,0.0,0.0,9.5878889823381,0.0,0.0,0.0
2025-05-01,NL8,LOCALA COMMUNITY PARTNERSHIPS CIC,1099,99.0,0.0,0.0,0.0,9.008189262966333,0.0,0.0,0.0
2025-06-01,NL8,LOCALA COMMUNITY PARTNERSHIPS CIC,832,53.0,0.0,0.0,0.0,6.3701923076923075,0.0,0.0,0.0
2025-07-01,NL8,LOCALA COMMUNITY PARTNERSHIPS CIC,1091,36.0,0.0,0.0,0.0,3.2997250229147568,0.0,0.0,0.0
2025-08-01,NL8,LOCALA COMMUNITY PARTNERSHIPS CIC,1245,28.0,1.0,0.0,0.0,2.248995983935743,0.08032128514056225,0.0,0.0
2025-09-01,NL8,LOCALA COMMUNITY PARTNERSHIPS CIC,1285,38.0,1.0,0.0,0.0,2.9571984435797662,0.07782101167315175,0.0,0.0
2025-10-01,NL8,LOCALA COMMUNITY PARTNERSHIPS CIC,1277,49.0,0.0,0.0,0.0,3.837118245888802,0.0,0.0,0.0
2025-11-01,NL8,LOCALA COMMUNITY PARTNERSHIPS CIC,1160,63.0,0.0,0.0,0.0,5.43103448275862,0.0,0.0,0.0
2025-12-01,NL8,LOCALA COMMUNITY PARTNERSHIPS CIC,1141,65.0,0.0,0.0,0.0,5.696757230499562,0.0,0.0,0.0
2026-01-01,NL8,LOCALA COMMUNITY PARTNERSHIPS CIC,1290,85.0,0.0,0.0,0.0,6.5891472868217065,0.0,0.0,0.0
2026-02-01,NL8,LOCALA COMMUNITY PARTNERSHIPS CIC,1196,85.0,0.0,0.0,0.0,7.1070234113712365,0.0,0.0,0.0
2026-03-01,NL8,LOCALA COMMUNITY PARTNERSHIPS CIC,1249,161.0,1.0,0.0,0.0,12.890312249799841,0.08006405124099279,0.0,0.0
2026-04-01,NL8,LOCALA COMMUNITY PARTNERSHIPS CIC,1286,207.0,0.0,0.0,0.0,16.09642301710731,0.0,0.0,0.0
2026-05-01,NL8,LOCALA COMMUNITY PARTNERSHIPS CIC,1294,208.0,0.0,0.0,0.0,16.0741885625966,0.0,0.0,0.0
2026-06-01,NL8,LOCALA COMMUNITY PARTNERSHIPS CIC,1431,243.0,0.0,0.0,0.0,16.9811320754717,0.0,0.0,0.0
2025-04-01,NLE01,LANCASTER HOUSE CONSULTING DIAGNOSTICS SURGICAL LTD HQ,667,14.0,0.0,0.0,0.0,2.0989505247376314,0.0,0.0,0.0
2025-05-01,NLE01,LANCASTER HOUSE CONSULTING DIAGNOSTICS SURGICAL LTD HQ,633,13.0,0.0,0.0,0.0,2.0537124802527646,0.0,0.0,0.0
2025-06-01,NLE01,LANCASTER HOUSE CONSULTING DIAGNOSTICS SURGICAL LTD HQ,675,7.0,0.0,0.0,0.0,1.037037037037037,0.0,0.0,0.0
2025-07-01,NLE01,LANCASTER HOUSE CONSULTING DIAGNOSTICS SURGICAL LTD HQ,344,12.0,0.0,0.0,0.0,3.488372093023256,0.0,0.0,0.0
2025-08-01,NLE01,LANCASTER HOUSE CONSULTING DIAGNOSTICS SURGICAL LTD HQ,381,21.0,0.0,0.0,0.0,5.511811023622047,0.0,0.0,0.0
2025-09-01,NLE01,LANCASTER HOUSE CONSULTING DIAGNOSTICS SURGICAL LTD HQ,764,21.0,0.0,0.0,0.0,2.74869109947644,0.0,0.0,0.0
2025-10-01,NLE01,LANCASTER HOUSE CONSULTING DIAGNOSTICS SURGICAL LTD HQ,834,35.0,0.0,0.0,0.0,4.1966426858513195,0.0,0.0,0.0
2025-11-01,NLE01,LANCASTER HOUSE CONSULTING DIAGNOSTICS SURGICAL LTD HQ,1020,56.0,0.0,0.0,0.0,5.490196078431373,0.0,0.0,0.0
2025-12-01,NLE01,LANCASTER HOUSE CONSULTING DIAGNOSTICS SURGICAL LTD HQ,1148,95.0,0.0,0.0,0.0,8.275261324041812,0.0,0.0,0.0
2026-01-01,NLE01,LANCASTER HOUSE CONSULTING DIAGNOSTICS SURGICAL LTD HQ,1278,252.0,0.0,0.0,0.0,19.718309859154928,0.0,0.0,0.0
2026-02-01,NLE01,LANCASTER HOUSE CONSULTING DIAGNOSTICS SURGICAL LTD HQ,1285,248.0,0.0,0.0,0.0,19.299610894941637,0.0,0.0,0.0
2026-03-01,NLE01,LANCASTER HOUSE CONSULTING DIAGNOSTICS SURGICAL LTD HQ,1200,91.0,0.0,0.0,0.0,7.583333333333334,0.0,0.0,0.0
2026-04-01,NLE01,LANCASTER HOUSE CONSULTING DIAGNOSTICS SURGICAL LTD HQ,1311,202.0,0.0,0.0,0.0,15.408085430968727,0.0,0.0,0.0
2026-05-01,NLE01,LANCASTER HOUSE CONSULTING DIAGNOSTICS SURGICAL LTD HQ,1271,198.0,0.0,0.0,0.0,15.578284815106217,0.0,0.0,0.0
2026-06-01,NLE01,LANCASTER HOUSE CONSULTING DIAGNOSTICS SURGICAL LTD HQ,1263,294.0,0.0,0.0,0.0,23.27790973871734,0.0,0.0,0.0
2025-04-01,NLX,SIRONA CARE & HEALTH,7410,1859.0,0.0,0.0,0.0,25.087719298245613,0.0,0.0,0.0
2025-05-01,NLX,SIRONA CARE & HEALTH,7781,1957.0,0.0,0.0,0.0,25.151008867754786,0.0,0.0,0.0
2025-06-01,NLX,SIRONA CARE & HEALTH,7682,2010.0,0.0,0.0,0.0,26.165061181983855,0.0,0.0,0.0
2025-07-01,NLX,SIRONA CARE & HEALTH,7769,2218.0,0.0,0.0,0.0,28.549362852361952,0.0,0.0,0.0
2025-08-01,NLX,SIRONA CARE & HEALTH,7701,2331.0,0.0,0.0,0.0,30.268796260225944,0.0,0.0,0.0
2025-09-01,NLX,SIRONA CARE & HEALTH,7499,2286.0,0.0,0.0,0.0,30.484064541938928,0.0,0.0,0.0
2025-10-01,NLX,SIRONA CARE & HEALTH,7168,2114.0,0.0,0.0,0.0,29.4921875,0.0,0.0,0.0
2025-11-01,NLX,SIRONA CARE & HEALTH,6911,2126.0,0.0,0.0,0.0,30.76255245261178,0.0,0.0,0.0
2025-12-01,NLX,SIRONA CARE & HEALTH,6452,1975.0,0.0,0.0,0.0,30.610663360198387,0.0,0.0,0.0
2026-01-01,NLX,SIRONA CARE & HEALTH,6168,1893.0,0.0,0.0,0.0,30.690661478599225,0.0,0.0,0.0
2026-02-01,NLX,SIRONA CARE & HEALTH,6108,1877.0,0.0,0.0,0.0,30.73018991486575,0.0,0.0,0.0
2026-03-01,NLX,SIRONA CARE & HEALTH,5776,1591.0,0.0,0.0,0.0,27.54501385041551,0.0,0.0,0.0
2026-04-01,NLX,SIRONA CARE & HEALTH,5230,996.0,0.0,0.0,0.0,19.043977055449332,0.0,0.0,0.0
2026-05-01,NLX,SIRONA CARE & HEALTH,4533,338.0,0.0,0.0,0.0,7.456430619898521,0.0,0.0,0.0
2026-06-01,NLX,SIRONA CARE & HEALTH,3861,96.0,0.0,0.0,0.0,2.4864024864024863,0.0,0.0,0.0
2025-04-01,NN4,TYNESIDE SURGICAL SERVICES LTD,1330,176.0,2.0,1.0,0.0,13.233082706766917,0.15037593984962408,0.07518796992481204,0.0
2025-05-01,NN4,TYNESIDE SURGICAL SERVICES LTD,1388,200.0,2.0,0.0,0.0,14.409221902017292,0.1440922190201729,0.0,0.0
2025-06-01,NN4,TYNESIDE SURGICAL SERVICES LTD,1336,183.0,2.0,0.0,0.0,13.697604790419163,0.14970059880239522,0.0,0.0
2025-07-01,NN4,TYNESIDE SURGICAL SERVICES LTD,1327,193.0,3.0,0.0,0.0,14.544084400904294,0.22607385079125847,0.0,0.0
2025-08-01,NN4,TYNESIDE SURGICAL SERVICES LTD,1338,224.0,3.0,0.0,0.0,16.741405082212257,0.2242152466367713,0.0,0.0
2025-09-01,NN4,TYNESIDE SURGICAL SERVICES LTD,1397,226.0,1.0,0.0,0.0,16.177523264137434,0.07158196134574087,0.0,0.0
2025-10-01,NN4,TYNESIDE SURGICAL SERVICES LTD,1440,249.0,2.0,0.0,0.0,17.291666666666668,0.1388888888888889,0.0,0.0
2025-11-01,NN4,TYNESIDE SURGICAL SERVICES LTD,1420,263.0,1.0,0.0,0.0,18.52112676056338,0.07042253521126761,0.0,0.0
2025-12-01,NN4,TYNESIDE SURGICAL SERVICES LTD,1433,310.0,1.0,0.0,0.0,21.632937892533146,0.06978367062107467,0.0,0.0
2026-01-01,NN4,TYNESIDE SURGICAL SERVICES LTD,1476,317.0,0.0,0.0,0.0,21.476964769647697,0.0,0.0,0.0
2026-02-01,NN4,TYNESIDE SURGICAL SERVICES LTD,1388,294.0,1.0,0.0,0.0,21.181556195965417,0.07204610951008646,0.0,0.0
2026-03-01,NN4,TYNESIDE SURGICAL SERVICES LTD,1417,287.0,1.0,0.0,0.0,20.25405786873677,0.07057163020465773,0.0,0.0
2026-04-01,NN4,TYNESIDE SURGICAL SERVICES LTD,1391,236.0,2.0,0.0,0.0,16.96621135873472,0.14378145219266716,0.0,0.0
2026-05-01,NN4,TYNESIDE SURGICAL SERVICES LTD,1443,243.0,4.0,0.0,0.0,16.839916839916842,0.2772002772002772,0.0,0.0
2026-06-01,NN4,TYNESIDE SURGICAL SERVICES LTD,1508,239.0,5.0,1.0,0.0,15.848806366047747,0.33156498673740054,0.0663129973474801,0.0
2025-04-01,NN5,MANCHESTER SURGICAL SERVICES LTD,282,16.0,0.0,0.0,0.0,5.673758865248227,0.0,0.0,0.0
2025-05-01,NN5,MANCHESTER SURGICAL SERVICES LTD,339,30.0,0.0,0.0,0.0,8.849557522123893,0.0,0.0,0.0
2025-06-01,NN5,MANCHESTER SURGICAL SERVICES LTD,352,44.0,0.0,0.0,0.0,12.5,0.0,0.0,0.0
2025-07-01,NN5,MANCHESTER SURGICAL SERVICES LTD,359,54.0,0.0,0.0,0.0,15.041782729805014,0.0,0.0,0.0
2025-08-01,NN5,MANCHESTER SURGICAL SERVICES LTD,375,55.0,0.0,0.0,0.0,14.666666666666666,0.0,0.0,0.0
2025-09-01,NN5,MANCHESTER SURGICAL SERVICES LTD,338,44.0,0.0,0.0,0.0,13.017751479289942,0.0,0.0,0.0
2025-10-01,NN5,MANCHESTER SURGICAL SERVICES LTD,339,26.0,0.0,0.0,0.0,7.669616519174041,0.0,0.0,0.0
2025-11-01,NN5,MANCHESTER SURGICAL SERVICES LTD,320,35.0,0.0,0.0,0.0,10.9375,0.0,0.0,0.0
2025-12-01,NN5,MANCHESTER SURGICAL SERVICES LTD,329,32.0,0.0,0.0,0.0,9.72644376899696,0.0,0.0,0.0
2026-01-01,NN5,MANCHESTER SURGICAL SERVICES LTD,343,38.0,0.0,0.0,0.0,11.078717201166182,0.0,0.0,0.0
2026-02-01,NN5,MANCHESTER SURGICAL SERVICES LTD,326,44.0,0.0,0.0,0.0,13.496932515337424,0.0,0.0,0.0
2026-03-01,NN5,MANCHESTER SURGICAL SERVICES LTD,380,66.0,0.0,0.0,0.0,17.36842105263158,0.0,0.0,0.0
2026-04-01,NN5,MANCHESTER SURGICAL SERVICES LTD,367,38.0,0.0,0.0,0.0,10.354223433242508,0.0,0.0,0.0
2026-05-01,NN5,MANCHESTER SURGICAL SERVICES LTD,388,30.0,0.0,0.0,0.0,7.731958762886598,0.0,0.0,0.0
2026-06-01,NN5,MANCHESTER SURGICAL SERVICES LTD,417,33.0,0.0,0.0,0.0,7.913669064748201,0.0,0.0,0.0
2025-04-01,NN8,SPENCER PRIVATE HOSPITALS LTD,3227,1262.0,116.0,11.0,1.0,39.10753021382089,3.594669972110319,0.34087387666563373,0.030988534242330338
2025-05-01,NN8,SPENCER PRIVATE HOSPITALS LTD,3163,1256.0,135.0,13.0,0.0,39.709136895352515,4.268099905153335,0.4110022130888397,0.0
2025-06-01,NN8,SPENCER PRIVATE HOSPITALS LTD,2971,1190.0,96.0,10.0,0.0,40.05385392123864,3.2312352743184114,0.3365870077415012,0.0
2025-07-01,NN8,SPENCER PRIVATE HOSPITALS LTD,3053,1224.0,112.0,4.0,0.0,40.09171306911235,3.66852276449394,0.13101867016049787,0.0
2025-08-01,NN8,SPENCER PRIVATE HOSPITALS LTD,3209,1254.0,120.0,10.0,0.0,39.07759426612652,3.73948270489249,0.3116235587410408,0.0
2025-09-01,NN8,SPENCER PRIVATE HOSPITALS LTD,3215,1210.0,40.0,11.0,0.0,37.636080870917574,1.244167962674961,0.34214618973561434,0.0
2025-10-01,NN8,SPENCER PRIVATE HOSPITALS LTD,3405,1340.0,47.0,17.0,0.0,39.353891336270195,1.3803230543318648,0.499265785609398,0.0
2025-11-01,NN8,SPENCER PRIVATE HOSPITALS LTD,3341,1301.0,71.0,12.0,0.0,38.94043699491171,2.1251122418437594,0.35917390002993116,0.0
2025-12-01,NN8,SPENCER PRIVATE HOSPITALS LTD,3467,1410.0,45.0,8.0,0.0,40.66916642630517,1.2979521199884627,0.23074704355350445,0.0
2026-01-01,NN8,SPENCER PRIVATE HOSPITALS LTD,3496,1441.0,73.0,3.0,0.0,41.21853546910755,2.088100686498856,0.08581235697940504,0.0
2026-02-01,NN8,SPENCER PRIVATE HOSPITALS LTD,3603,1437.0,45.0,2.0,0.0,39.883430474604495,1.2489592006661114,0.05550929780738274,0.0
2026-03-01,NN8,SPENCER PRIVATE HOSPITALS LTD,3581,1353.0,33.0,3.0,0.0,37.78274225076794,0.9215302987992181,0.08377548170901983,0.0
2026-04-01,NN8,SPENCER PRIVATE HOSPITALS LTD,3720,1481.0,30.0,3.0,0.0,39.81182795698925,0.8064516129032258,0.08064516129032258,0.0
2026-05-01,NN8,SPENCER PRIVATE HOSPITALS LTD,3799,1450.0,47.0,4.0,0.0,38.16793893129771,1.2371676757041328,0.10529086601737299,0.0
2026-06-01,NN8,SPENCER PRIVATE HOSPITALS LTD,3606,1399.0,42.0,5.0,0.0,38.796450360510256,1.1647254575707155,0.13865779256794233,0.0
2025-04-01,NNE,DORKING HEALTHCARE LIMITED (DHC),6063,714.0,1.0,0.0,0.0,11.77634834240475,0.016493485073396007,0.0,0.0
2025-05-01,NNE,DORKING HEALTHCARE LIMITED (DHC),6051,754.0,2.0,0.0,0.0,12.460750289208395,0.03305238803503553,0.0,0.0
2025-06-01,NNE,DORKING HEALTHCARE LIMITED (DHC),5965,664.0,2.0,0.0,0.0,11.13160100586756,0.03352891869237217,0.0,0.0
2025-07-01,NNE,DORKING HEALTHCARE LIMITED (DHC),6213,857.0,0.0,0.0,0.0,13.793658458071784,0.0,0.0,0.0
2025-08-01,NNE,DORKING HEALTHCARE LIMITED (DHC),6391,1043.0,1.0,0.0,0.0,16.319824753559693,0.015647003598810827,0.0,0.0
2025-09-01,NNE,DORKING HEALTHCARE LIMITED (DHC),6368,1036.0,3.0,0.0,0.0,16.268844221105528,0.04711055276381909,0.0,0.0
2025-10-01,NNE,DORKING HEALTHCARE LIMITED (DHC),6403,1014.0,2.0,0.0,0.0,15.836326721849133,0.031235358425737936,0.0,0.0
2025-11-01,NNE,DORKING HEALTHCARE LIMITED (DHC),6406,1079.0,0.0,0.0,0.0,16.843584139868874,0.0,0.0,0.0
2025-12-01,NNE,DORKING HEALTHCARE LIMITED (DHC),6336,1235.0,0.0,0.0,0.0,19.491792929292927,0.0,0.0,0.0
2026-01-01,NNE,DORKING HEALTHCARE LIMITED (DHC),6501,1448.0,1.0,0.0,0.0,22.273496385171512,0.015382248884786957,0.0,0.0
2026-02-01,NNE,DORKING HEALTHCARE LIMITED (DHC),6598,1583.0,3.0,0.0,0.0,23.992118823886027,0.04546832373446499,0.0,0.0
2026-03-01,NNE,DORKING HEALTHCARE LIMITED (DHC),6519,1545.0,1.0,0.0,0.0,23.699953980671882,0.015339776039269826,0.0,0.0
2026-04-01,NNE,DORKING HEALTHCARE LIMITED (DHC),6438,1492.0,1.0,0.0,0.0,23.174899036968004,0.015532774153463809,0.0,0.0
2026-05-01,NNE,DORKING HEALTHCARE LIMITED (DHC),6230,1371.0,0.0,0.0,0.0,22.006420545746387,0.0,0.0,0.0
2026-06-01,NNE,DORKING HEALTHCARE LIMITED (DHC),6110,1318.0,0.0,0.0,0.0,21.571194762684122,0.0,0.0,0.0
2025-04-01,NPG01,SPAMEDICA MANCHESTER,173,8.0,0.0,0.0,0.0,4.624277456647398,0.0,0.0,0.0
2025-05-01,NPG01,SPAMEDICA MANCHESTER,197,7.0,0.0,0.0,0.0,3.5532994923857872,0.0,0.0,0.0
2025-06-01,NPG01,SPAMEDICA MANCHESTER,217,9.0,0.0,0.0,0.0,4.147465437788019,0.0,0.0,0.0
2025-07-01,NPG01,SPAMEDICA MANCHESTER,170,5.0,0.0,0.0,0.0,2.941176470588235,0.0,0.0,0.0
2025-08-01,NPG01,SPAMEDICA MANCHESTER,152,5.0,0.0,0.0,0.0,3.289473684210526,0.0,0.0,0.0
2025-09-01,NPG01,SPAMEDICA MANCHESTER,179,5.0,0.0,0.0,0.0,2.793296089385475,0.0,0.0,0.0
2025-10-01,NPG01,SPAMEDICA MANCHESTER,216,11.0,0.0,0.0,0.0,5.092592592592593,0.0,0.0,0.0
2025-11-01,NPG01,SPAMEDICA MANCHESTER,243,11.0,0.0,0.0,0.0,4.526748971193416,0.0,0.0,0.0
2025-12-01,NPG01,SPAMEDICA MANCHESTER,294,17.0,0.0,0.0,0.0,5.782312925170068,0.0,0.0,0.0
2026-01-01,NPG01,SPAMEDICA MANCHESTER,300,20.0,0.0,0.0,0.0,6.666666666666667,0.0,0.0,0.0
2026-02-01,NPG01,SPAMEDICA MANCHESTER,361,27.0,0.0,0.0,0.0,7.479224376731302,0.0,0.0,0.0
2026-03-01,NPG01,SPAMEDICA MANCHESTER,357,34.0,0.0,0.0,0.0,9.523809523809524,0.0,0.0,0.0
2026-04-01,NPG01,SPAMEDICA MANCHESTER,364,46.0,0.0,0.0,0.0,12.637362637362637,0.0,0.0,0.0
2026-05-01,NPG01,SPAMEDICA MANCHESTER,375,42.0,0.0,0.0,0.0,11.200000000000001,0.0,0.0,0.0
2026-06-01,NPG01,SPAMEDICA MANCHESTER,291,40.0,0.0,0.0,0.0,13.745704467353953,0.0,0.0,0.0
2025-04-01,NPG02,SPAMEDICA WIRRAL,189,5.0,0.0,0.0,0.0,2.6455026455026456,0.0,0.0,0.0
2025-05-01,NPG02,SPAMEDICA WIRRAL,185,1.0,0.0,0.0,0.0,0.5405405405405406,0.0,0.0,0.0
2025-06-01,NPG02,SPAMEDICA WIRRAL,198,3.0,0.0,0.0,0.0,1.5151515151515151,0.0,0.0,0.0
2025-07-01,NPG02,SPAMEDICA WIRRAL,147,2.0,0.0,0.0,0.0,1.3605442176870748,0.0,0.0,0.0
2025-08-01,NPG02,SPAMEDICA WIRRAL,171,3.0,0.0,0.0,0.0,1.7543859649122806,0.0,0.0,0.0
2025-09-01,NPG02,SPAMEDICA WIRRAL,168,1.0,0.0,0.0,0.0,0.5952380952380952,0.0,0.0,0.0
2025-10-01,NPG02,SPAMEDICA WIRRAL,201,2.0,0.0,0.0,0.0,0.9950248756218906,0.0,0.0,0.0
2025-11-01,NPG02,SPAMEDICA WIRRAL,226,8.0,0.0,0.0,0.0,3.5398230088495577,0.0,0.0,0.0
2025-12-01,NPG02,SPAMEDICA WIRRAL,296,8.0,0.0,0.0,0.0,2.7027027027027026,0.0,0.0,0.0
2026-01-01,NPG02,SPAMEDICA WIRRAL,275,9.0,0.0,0.0,0.0,3.272727272727273,0.0,0.0,0.0
2026-02-01,NPG02,SPAMEDICA WIRRAL,341,9.0,0.0,0.0,0.0,2.6392961876832843,0.0,0.0,0.0
2026-03-01,NPG02,SPAMEDICA WIRRAL,358,18.0,0.0,0.0,0.0,5.027932960893855,0.0,0.0,0.0
2026-04-01,NPG02,SPAMEDICA WIRRAL,392,22.0,0.0,0.0,0.0,5.612244897959184,0.0,0.0,0.0
2026-05-01,NPG02,SPAMEDICA WIRRAL,482,20.0,0.0,0.0,0.0,4.149377593360995,0.0,0.0,0.0
2026-06-01,NPG02,SPAMEDICA WIRRAL,417,15.0,0.0,0.0,0.0,3.597122302158273,0.0,0.0,0.0
2025-04-01,NPG06,SPAMEDICA LIVERPOOL,315,10.0,0.0,0.0,0.0,3.1746031746031744,0.0,0.0,0.0
2025-05-01,NPG06,SPAMEDICA LIVERPOOL,290,10.0,0.0,0.0,0.0,3.4482758620689653,0.0,0.0,0.0
2025-06-01,NPG06,SPAMEDICA LIVERPOOL,297,11.0,0.0,0.0,0.0,3.7037037037037033,0.0,0.0,0.0
2025-07-01,NPG06,SPAMEDICA LIVERPOOL,287,8.0,0.0,0.0,0.0,2.7874564459930316,0.0,0.0,0.0
2025-08-01,NPG06,SPAMEDICA LIVERPOOL,327,10.0,0.0,0.0,0.0,3.058103975535168,0.0,0.0,0.0
2025-09-01,NPG06,SPAMEDICA LIVERPOOL,379,3.0,0.0,0.0,0.0,0.79155672823219,0.0,0.0,0.0
2025-10-01,NPG06,SPAMEDICA LIVERPOOL,419,7.0,0.0,0.0,0.0,1.6706443914081146,0.0,0.0,0.0
2025-11-01,NPG06,SPAMEDICA LIVERPOOL,388,21.0,0.0,0.0,0.0,5.412371134020619,0.0,0.0,0.0
2025-12-01,NPG06,SPAMEDICA LIVERPOOL,407,36.0,0.0,0.0,0.0,8.845208845208845,0.0,0.0,0.0
2026-01-01,NPG06,SPAMEDICA LIVERPOOL,276,39.0,0.0,0.0,0.0,14.130434782608695,0.0,0.0,0.0
2026-02-01,NPG06,SPAMEDICA LIVERPOOL,454,43.0,0.0,0.0,0.0,9.47136563876652,0.0,0.0,0.0
2026-03-01,NPG06,SPAMEDICA LIVERPOOL,393,35.0,0.0,0.0,0.0,8.9058524173028,0.0,0.0,0.0
2026-04-01,NPG06,SPAMEDICA LIVERPOOL,418,37.0,0.0,0.0,0.0,8.851674641148326,0.0,0.0,0.0
2026-05-01,NPG06,SPAMEDICA LIVERPOOL,470,26.0,0.0,0.0,0.0,5.531914893617021,0.0,0.0,0.0
2026-06-01,NPG06,SPAMEDICA LIVERPOOL,490,33.0,0.0,0.0,0.0,6.73469387755102,0.0,0.0,0.0
2025-04-01,NPG07,SPAMEDICA EYE HOSPITAL (WAKEFIELD),360,205.0,198.0,196.0,0.0,56.94444444444444,55.00000000000001,54.44444444444444,0.0
2025-05-01,NPG07,SPAMEDICA EYE HOSPITAL (WAKEFIELD),236,4.0,0.0,0.0,0.0,1.694915254237288,0.0,0.0,0.0
2025-06-01,NPG07,SPAMEDICA EYE HOSPITAL (WAKEFIELD),242,6.0,0.0,0.0,0.0,2.479338842975207,0.0,0.0,0.0
2025-07-01,NPG07,SPAMEDICA EYE HOSPITAL (WAKEFIELD),230,8.0,0.0,0.0,0.0,3.4782608695652173,0.0,0.0,0.0
2025-08-01,NPG07,SPAMEDICA EYE HOSPITAL (WAKEFIELD),214,9.0,0.0,0.0,0.0,4.205607476635514,0.0,0.0,0.0
2025-09-01,NPG07,SPAMEDICA EYE HOSPITAL (WAKEFIELD),311,5.0,0.0,0.0,0.0,1.607717041800643,0.0,0.0,0.0
2025-10-01,NPG07,SPAMEDICA EYE HOSPITAL (WAKEFIELD),374,7.0,0.0,0.0,0.0,1.8716577540106951,0.0,0.0,0.0
2025-11-01,NPG07,SPAMEDICA EYE HOSPITAL (WAKEFIELD),421,10.0,0.0,0.0,0.0,2.375296912114014,0.0,0.0,0.0
2025-12-01,NPG07,SPAMEDICA EYE HOSPITAL (WAKEFIELD),514,18.0,1.0,1.0,1.0,3.501945525291829,0.19455252918287938,0.19455252918287938,0.19455252918287938
2026-01-01,NPG07,SPAMEDICA EYE HOSPITAL (WAKEFIELD),568,35.0,1.0,1.0,0.0,6.161971830985916,0.17605633802816903,0.17605633802816903,0.0
2026-02-01,NPG07,SPAMEDICA EYE HOSPITAL (WAKEFIELD),639,39.0,1.0,1.0,0.0,6.103286384976526,0.1564945226917058,0.1564945226917058,0.0
2026-03-01,NPG07,SPAMEDICA EYE HOSPITAL (WAKEFIELD),561,35.0,0.0,0.0,0.0,6.23885918003565,0.0,0.0,0.0
2026-04-01,NPG07,SPAMEDICA EYE HOSPITAL (WAKEFIELD),660,38.0,0.0,0.0,0.0,5.757575757575758,0.0,0.0,0.0
2026-05-01,NPG07,SPAMEDICA EYE HOSPITAL (WAKEFIELD),781,41.0,0.0,0.0,0.0,5.249679897567221,0.0,0.0,0.0
2026-06-01,NPG07,SPAMEDICA EYE HOSPITAL (WAKEFIELD),783,54.0,0.0,0.0,0.0,6.896551724137931,0.0,0.0,0.0
2025-04-01,NPG08,SPAMEDICA BOLTON,203,9.0,0.0,0.0,0.0,4.433497536945813,0.0,0.0,0.0
2025-05-01,NPG08,SPAMEDICA BOLTON,235,6.0,0.0,0.0,0.0,2.553191489361702,0.0,0.0,0.0
2025-06-01,NPG08,SPAMEDICA BOLTON,275,5.0,0.0,0.0,0.0,1.8181818181818181,0.0,0.0,0.0
2025-07-01,NPG08,SPAMEDICA BOLTON,158,3.0,0.0,0.0,0.0,1.89873417721519,0.0,0.0,0.0
2025-08-01,NPG08,SPAMEDICA BOLTON,153,9.0,0.0,0.0,0.0,5.88235294117647,0.0,0.0,0.0
2025-09-01,NPG08,SPAMEDICA BOLTON,255,3.0,0.0,0.0,0.0,1.1764705882352942,0.0,0.0,0.0
2025-10-01,NPG08,SPAMEDICA BOLTON,371,6.0,0.0,0.0,0.0,1.6172506738544474,0.0,0.0,0.0
2025-11-01,NPG08,SPAMEDICA BOLTON,475,9.0,0.0,0.0,0.0,1.8947368421052633,0.0,0.0,0.0
2025-12-01,NPG08,SPAMEDICA BOLTON,613,13.0,0.0,0.0,0.0,2.1207177814029365,0.0,0.0,0.0
2026-01-01,NPG08,SPAMEDICA BOLTON,573,14.0,0.0,0.0,0.0,2.4432809773123907,0.0,0.0,0.0
2026-02-01,NPG08,SPAMEDICA BOLTON,685,23.0,0.0,0.0,0.0,3.3576642335766427,0.0,0.0,0.0
2026-03-01,NPG08,SPAMEDICA BOLTON,698,28.0,1.0,0.0,0.0,4.011461318051576,0.14326647564469913,0.0,0.0
2026-04-01,NPG08,SPAMEDICA BOLTON,782,34.0,0.0,0.0,0.0,4.3478260869565215,0.0,0.0,0.0
2026-05-01,NPG08,SPAMEDICA BOLTON,756,35.0,1.0,0.0,0.0,4.62962962962963,0.13227513227513227,0.0,0.0
2026-06-01,NPG08,SPAMEDICA BOLTON,620,35.0,0.0,0.0,0.0,5.64516129032258,0.0,0.0,0.0
2025-04-01,NPG10,SPAMEDICA SHEFFIELD,116,5.0,0.0,0.0,0.0,4.310344827586207,0.0,0.0,0.0
2025-05-01,NPG10,SPAMEDICA SHEFFIELD,137,2.0,0.0,0.0,0.0,1.4598540145985401,0.0,0.0,0.0
2025-06-01,NPG10,SPAMEDICA SHEFFIELD,148,3.0,0.0,0.0,0.0,2.027027027027027,0.0,0.0,0.0
2025-07-01,NPG10,SPAMEDICA SHEFFIELD,111,2.0,0.0,0.0,0.0,1.8018018018018018,0.0,0.0,0.0
2025-08-01,NPG10,SPAMEDICA SHEFFIELD,162,5.0,0.0,0.0,0.0,3.0864197530864197,0.0,0.0,0.0
2025-09-01,NPG10,SPAMEDICA SHEFFIELD,239,6.0,0.0,0.0,0.0,2.510460251046025,0.0,0.0,0.0
2025-10-01,NPG10,SPAMEDICA SHEFFIELD,264,3.0,0.0,0.0,0.0,1.1363636363636365,0.0,0.0,0.0
2025-11-01,NPG10,SPAMEDICA SHEFFIELD,308,2.0,0.0,0.0,0.0,0.6493506493506493,0.0,0.0,0.0
2025-12-01,NPG10,SPAMEDICA SHEFFIELD,393,17.0,0.0,0.0,0.0,4.325699745547073,0.0,0.0,0.0
2026-01-01,NPG10,SPAMEDICA SHEFFIELD,371,23.0,0.0,0.0,0.0,6.199460916442049,0.0,0.0,0.0
2026-02-01,NPG10,SPAMEDICA SHEFFIELD,425,25.0,0.0,0.0,0.0,5.88235294117647,0.0,0.0,0.0
2026-03-01,NPG10,SPAMEDICA SHEFFIELD,379,19.0,0.0,0.0,0.0,5.013192612137203,0.0,0.0,0.0
2026-04-01,NPG10,SPAMEDICA SHEFFIELD,448,30.0,0.0,0.0,0.0,6.696428571428571,0.0,0.0,0.0
2026-05-01,NPG10,SPAMEDICA SHEFFIELD,485,32.0,0.0,0.0,0.0,6.5979381443298974,0.0,0.0,0.0
2026-06-01,NPG10,SPAMEDICA SHEFFIELD,465,45.0,0.0,0.0,0.0,9.67741935483871,0.0,0.0,0.0
2025-04-01,NPG11,SPAMEDICA BIRMINGHAM,243,11.0,0.0,0.0,0.0,4.526748971193416,0.0,0.0,0.0
2025-05-01,NPG11,SPAMEDICA BIRMINGHAM,278,17.0,0.0,0.0,0.0,6.115107913669065,0.0,0.0,0.0
2025-06-01,NPG11,SPAMEDICA BIRMINGHAM,284,18.0,0.0,0.0,0.0,6.338028169014084,0.0,0.0,0.0
2025-07-01,NPG11,SPAMEDICA BIRMINGHAM,260,7.0,0.0,0.0,0.0,2.6923076923076925,0.0,0.0,0.0
2025-08-01,NPG11,SPAMEDICA BIRMINGHAM,325,10.0,0.0,0.0,0.0,3.076923076923077,0.0,0.0,0.0
2025-09-01,NPG11,SPAMEDICA BIRMINGHAM,523,14.0,0.0,0.0,0.0,2.676864244741874,0.0,0.0,0.0
2025-10-01,NPG11,SPAMEDICA BIRMINGHAM,474,13.0,0.0,0.0,0.0,2.7426160337552745,0.0,0.0,0.0
2025-11-01,NPG11,SPAMEDICA BIRMINGHAM,555,16.0,0.0,0.0,0.0,2.8828828828828827,0.0,0.0,0.0
2025-12-01,NPG11,SPAMEDICA BIRMINGHAM,603,26.0,0.0,0.0,0.0,4.311774461028192,0.0,0.0,0.0
2026-01-01,NPG11,SPAMEDICA BIRMINGHAM,693,50.0,0.0,0.0,0.0,7.215007215007215,0.0,0.0,0.0
2026-02-01,NPG11,SPAMEDICA BIRMINGHAM,864,89.0,0.0,0.0,0.0,10.300925925925926,0.0,0.0,0.0
2026-03-01,NPG11,SPAMEDICA BIRMINGHAM,785,103.0,0.0,0.0,0.0,13.121019108280255,0.0,0.0,0.0
2026-04-01,NPG11,SPAMEDICA BIRMINGHAM,793,112.0,0.0,0.0,0.0,14.123581336696093,0.0,0.0,0.0
2026-05-01,NPG11,SPAMEDICA BIRMINGHAM,805,99.0,0.0,0.0,0.0,12.298136645962733,0.0,0.0,0.0
2026-06-01,NPG11,SPAMEDICA BIRMINGHAM,795,69.0,0.0,0.0,0.0,8.679245283018867,0.0,0.0,0.0
2025-04-01,NPG13,SPAMEDICA SKELMERSDALE,190,7.0,0.0,0.0,0.0,3.684210526315789,0.0,0.0,0.0
2025-05-01,NPG13,SPAMEDICA SKELMERSDALE,189,9.0,0.0,0.0,0.0,4.761904761904762,0.0,0.0,0.0
2025-06-01,NPG13,SPAMEDICA SKELMERSDALE,130,5.0,0.0,0.0,0.0,3.8461538461538463,0.0,0.0,0.0
2025-07-01,NPG13,SPAMEDICA SKELMERSDALE,77,3.0,0.0,0.0,0.0,3.896103896103896,0.0,0.0,0.0
2025-08-01,NPG13,SPAMEDICA SKELMERSDALE,88,4.0,0.0,0.0,0.0,4.545454545454546,0.0,0.0,0.0
2025-09-01,NPG13,SPAMEDICA SKELMERSDALE,89,1.0,0.0,0.0,0.0,1.1235955056179776,0.0,0.0,0.0
2025-10-01,NPG13,SPAMEDICA SKELMERSDALE,98,2.0,0.0,0.0,0.0,2.0408163265306123,0.0,0.0,0.0
2025-11-01,NPG13,SPAMEDICA SKELMERSDALE,99,1.0,0.0,0.0,0.0,1.0101010101010102,0.0,0.0,0.0
2025-12-01,NPG13,SPAMEDICA SKELMERSDALE,85,6.0,0.0,0.0,0.0,7.0588235294117645,0.0,0.0,0.0
2026-01-01,NPG13,SPAMEDICA SKELMERSDALE,56,9.0,0.0,0.0,0.0,16.071428571428573,0.0,0.0,0.0
2026-02-01,NPG13,SPAMEDICA SKELMERSDALE,78,9.0,0.0,0.0,0.0,11.538461538461538,0.0,0.0,0.0
2026-03-01,NPG13,SPAMEDICA SKELMERSDALE,86,9.0,0.0,0.0,0.0,10.465116279069768,0.0,0.0,0.0
2026-04-01,NPG13,SPAMEDICA SKELMERSDALE,118,11.0,0.0,0.0,0.0,9.322033898305085,0.0,0.0,0.0
2026-05-01,NPG13,SPAMEDICA SKELMERSDALE,154,9.0,0.0,0.0,0.0,5.844155844155844,0.0,0.0,0.0
2026-06-01,NPG13,SPAMEDICA SKELMERSDALE,130,9.0,0.0,0.0,0.0,6.923076923076923,0.0,0.0,0.0
2025-04-01,NPG14,SPAMEDICA WIDNES,99,4.0,0.0,0.0,0.0,4.040404040404041,0.0,0.0,0.0
2025-05-01,NPG14,SPAMEDICA WIDNES,130,4.0,0.0,0.0,0.0,3.076923076923077,0.0,0.0,0.0
2025-06-01,NPG14,SPAMEDICA WIDNES,146,3.0,0.0,0.0,0.0,2.054794520547945,0.0,0.0,0.0
2025-07-01,NPG14,SPAMEDICA WIDNES,116,3.0,0.0,0.0,0.0,2.586206896551724,0.0,0.0,0.0
2025-08-01,NPG14,SPAMEDICA WIDNES,135,4.0,0.0,0.0,0.0,2.9629629629629632,0.0,0.0,0.0
2025-09-01,NPG14,SPAMEDICA WIDNES,187,3.0,0.0,0.0,0.0,1.6042780748663104,0.0,0.0,0.0
2025-10-01,NPG14,SPAMEDICA WIDNES,229,0.0,0.0,0.0,0.0,0.0,0.0,0.0,0.0
2025-11-01,NPG14,SPAMEDICA WIDNES,188,2.0,0.0,0.0,0.0,1.0638297872340425,0.0,0.0,0.0
2025-12-01,NPG14,SPAMEDICA WIDNES,251,12.0,0.0,0.0,0.0,4.780876494023905,0.0,0.0,0.0
2026-01-01,NPG14,SPAMEDICA WIDNES,212,20.0,0.0,0.0,0.0,9.433962264150944,0.0,0.0,0.0
2026-02-01,NPG14,SPAMEDICA WIDNES,254,16.0,0.0,0.0,0.0,6.299212598425196,0.0,0.0,0.0
2026-03-01,NPG14,SPAMEDICA WIDNES,283,13.0,0.0,0.0,0.0,4.593639575971731,0.0,0.0,0.0
2026-04-01,NPG14,SPAMEDICA WIDNES,290,21.0,0.0,0.0,0.0,7.241379310344828,0.0,0.0,0.0
2026-05-01,NPG14,SPAMEDICA WIDNES,326,17.0,0.0,0.0,0.0,5.214723926380368,0.0,0.0,0.0
2026-06-01,NPG14,SPAMEDICA WIDNES,344,26.0,0.0,0.0,0.0,7.55813953488372,0.0,0.0,0.0
2025-04-01,NPG15,SPAMEDICA NEWCASTLE-UNDER-LYME,201,4.0,0.0,0.0,0.0,1.9900497512437811,0.0,0.0,0.0
2025-05-01,NPG15,SPAMEDICA NEWCASTLE-UNDER-LYME,182,0.0,0.0,0.0,0.0,0.0,0.0,0.0,0.0
2025-06-01,NPG15,SPAMEDICA NEWCASTLE-UNDER-LYME,214,2.0,0.0,0.0,0.0,0.9345794392523363,0.0,0.0,0.0
2025-07-01,NPG15,SPAMEDICA NEWCASTLE-UNDER-LYME,134,4.0,0.0,0.0,0.0,2.9850746268656714,0.0,0.0,0.0
2025-08-01,NPG15,SPAMEDICA NEWCASTLE-UNDER-LYME,153,6.0,0.0,0.0,0.0,3.9215686274509802,0.0,0.0,0.0
2025-09-01,NPG15,SPAMEDICA NEWCASTLE-UNDER-LYME,150,7.0,0.0,0.0,0.0,4.666666666666667,0.0,0.0,0.0
2025-10-01,NPG15,SPAMEDICA NEWCASTLE-UNDER-LYME,95,3.0,0.0,0.0,0.0,3.1578947368421053,0.0,0.0,0.0
2025-11-01,NPG15,SPAMEDICA NEWCASTLE-UNDER-LYME,124,2.0,0.0,0.0,0.0,1.6129032258064515,0.0,0.0,0.0
2025-12-01,NPG15,SPAMEDICA NEWCASTLE-UNDER-LYME,188,9.0,0.0,0.0,0.0,4.787234042553192,0.0,0.0,0.0
2026-01-01,NPG15,SPAMEDICA NEWCASTLE-UNDER-LYME,215,7.0,0.0,0.0,0.0,3.255813953488372,0.0,0.0,0.0
2026-02-01,NPG15,SPAMEDICA NEWCASTLE-UNDER-LYME,289,5.0,0.0,0.0,0.0,1.7301038062283738,0.0,0.0,0.0
2026-03-01,NPG15,SPAMEDICA NEWCASTLE-UNDER-LYME,315,7.0,0.0,0.0,0.0,2.2222222222222223,0.0,0.0,0.0
2026-04-01,NPG15,SPAMEDICA NEWCASTLE-UNDER-LYME,390,7.0,0.0,0.0,0.0,1.7948717948717947,0.0,0.0,0.0
2026-05-01,NPG15,SPAMEDICA NEWCASTLE-UNDER-LYME,329,9.0,0.0,0.0,0.0,2.735562310030395,0.0,0.0,0.0
2026-06-01,NPG15,SPAMEDICA NEWCASTLE-UNDER-LYME,209,7.0,0.0,0.0,0.0,3.349282296650718,0.0,0.0,0.0
2025-04-01,NPG16,SPAMEDICA CHELMSFORD,194,3.0,0.0,0.0,0.0,1.5463917525773196,0.0,0.0,0.0
2025-05-01,NPG16,SPAMEDICA CHELMSFORD,208,2.0,0.0,0.0,0.0,0.9615384615384616,0.0,0.0,0.0
2025-06-01,NPG16,SPAMEDICA CHELMSFORD,228,6.0,0.0,0.0,0.0,2.631578947368421,0.0,0.0,0.0
2025-07-01,NPG16,SPAMEDICA CHELMSFORD,236,6.0,0.0,0.0,0.0,2.5423728813559325,0.0,0.0,0.0
2025-08-01,NPG16,SPAMEDICA CHELMSFORD,249,15.0,0.0,0.0,0.0,6.024096385542169,0.0,0.0,0.0
2025-09-01,NPG16,SPAMEDICA CHELMSFORD,345,17.0,0.0,0.0,0.0,4.9275362318840585,0.0,0.0,0.0
2025-10-01,NPG16,SPAMEDICA CHELMSFORD,449,25.0,0.0,0.0,0.0,5.56792873051225,0.0,0.0,0.0
2025-11-01,NPG16,SPAMEDICA CHELMSFORD,499,26.0,0.0,0.0,0.0,5.210420841683367,0.0,0.0,0.0
2025-12-01,NPG16,SPAMEDICA CHELMSFORD,562,37.0,0.0,0.0,0.0,6.583629893238434,0.0,0.0,0.0
2026-01-01,NPG16,SPAMEDICA CHELMSFORD,530,53.0,0.0,0.0,0.0,10.0,0.0,0.0,0.0
2026-02-01,NPG16,SPAMEDICA CHELMSFORD,673,56.0,0.0,0.0,0.0,8.320950965824665,0.0,0.0,0.0
2026-03-01,NPG16,SPAMEDICA CHELMSFORD,801,66.0,0.0,0.0,0.0,8.239700374531834,0.0,0.0,0.0
2026-04-01,NPG16,SPAMEDICA CHELMSFORD,931,67.0,0.0,0.0,0.0,7.196562835660581,0.0,0.0,0.0
2026-05-01,NPG16,SPAMEDICA CHELMSFORD,800,61.0,0.0,0.0,0.0,7.625,0.0,0.0,0.0
2026-06-01,NPG16,SPAMEDICA CHELMSFORD,669,68.0,1.0,0.0,0.0,10.164424514200299,0.14947683109118087,0.0,0.0
2025-04-01,NPG17,SPAMEDICA PRESTON,134,1.0,0.0,0.0,0.0,0.7462686567164178,0.0,0.0,0.0
2025-05-01,NPG17,SPAMEDICA PRESTON,158,1.0,0.0,0.0,0.0,0.6329113924050633,0.0,0.0,0.0
2025-06-01,NPG17,SPAMEDICA PRESTON,184,5.0,0.0,0.0,0.0,2.717391304347826,0.0,0.0,0.0
2025-07-01,NPG17,SPAMEDICA PRESTON,156,8.0,0.0,0.0,0.0,5.128205128205128,0.0,0.0,0.0
2025-08-01,NPG17,SPAMEDICA PRESTON,212,4.0,0.0,0.0,0.0,1.8867924528301887,0.0,0.0,0.0
2025-09-01,NPG17,SPAMEDICA PRESTON,182,2.0,1.0,1.0,0.0,1.098901098901099,0.5494505494505495,0.5494505494505495,0.0
2025-10-01,NPG17,SPAMEDICA PRESTON,208,4.0,0.0,0.0,0.0,1.9230769230769231,0.0,0.0,0.0
2025-11-01,NPG17,SPAMEDICA PRESTON,219,5.0,0.0,0.0,0.0,2.28310502283105,0.0,0.0,0.0
2025-12-01,NPG17,SPAMEDICA PRESTON,227,11.0,0.0,0.0,0.0,4.845814977973569,0.0,0.0,0.0
2026-01-01,NPG17,SPAMEDICA PRESTON,173,12.0,0.0,0.0,0.0,6.9364161849710975,0.0,0.0,0.0
2026-02-01,NPG17,SPAMEDICA PRESTON,273,18.0,0.0,0.0,0.0,6.593406593406594,0.0,0.0,0.0
2026-03-01,NPG17,SPAMEDICA PRESTON,299,20.0,0.0,0.0,0.0,6.688963210702341,0.0,0.0,0.0
2026-04-01,NPG17,SPAMEDICA PRESTON,365,21.0,0.0,0.0,0.0,5.7534246575342465,0.0,0.0,0.0
2026-05-01,NPG17,SPAMEDICA PRESTON,397,17.0,0.0,0.0,0.0,4.282115869017632,0.0,0.0,0.0
2026-06-01,NPG17,SPAMEDICA PRESTON,349,13.0,0.0,0.0,0.0,3.7249283667621778,0.0,0.0,0.0
2025-04-01,NPG18,SPAMEDICA HULL,198,0.0,0.0,0.0,0.0,0.0,0.0,0.0,0.0
2025-05-01,NPG18,SPAMEDICA HULL,262,0.0,0.0,0.0,0.0,0.0,0.0,0.0,0.0
2025-06-01,NPG18,SPAMEDICA HULL,241,1.0,0.0,0.0,0.0,0.4149377593360996,0.0,0.0,0.0
2025-07-01,NPG18,SPAMEDICA HULL,166,0.0,0.0,0.0,0.0,0.0,0.0,0.0,0.0
2025-08-01,NPG18,SPAMEDICA HULL,169,2.0,0.0,0.0,0.0,1.183431952662722,0.0,0.0,0.0
2025-09-01,NPG18,SPAMEDICA HULL,232,4.0,0.0,0.0,0.0,1.7241379310344827,0.0,0.0,0.0
2025-10-01,NPG18,SPAMEDICA HULL,333,1.0,0.0,0.0,0.0,0.3003003003003003,0.0,0.0,0.0
2025-11-01,NPG18,SPAMEDICA HULL,382,3.0,0.0,0.0,0.0,0.7853403141361256,0.0,0.0,0.0
2025-12-01,NPG18,SPAMEDICA HULL,465,8.0,0.0,0.0,0.0,1.7204301075268817,0.0,0.0,0.0
2026-01-01,NPG18,SPAMEDICA HULL,393,5.0,0.0,0.0,0.0,1.2722646310432568,0.0,0.0,0.0
2026-02-01,NPG18,SPAMEDICA HULL,384,14.0,0.0,0.0,0.0,3.6458333333333335,0.0,0.0,0.0
2026-03-01,NPG18,SPAMEDICA HULL,327,21.0,0.0,0.0,0.0,6.422018348623854,0.0,0.0,0.0
2026-04-01,NPG18,SPAMEDICA HULL,493,19.0,0.0,0.0,0.0,3.8539553752535496,0.0,0.0,0.0
2026-05-01,NPG18,SPAMEDICA HULL,571,23.0,0.0,0.0,0.0,4.028021015761821,0.0,0.0,0.0
2026-06-01,NPG18,SPAMEDICA HULL,521,17.0,0.0,0.0,0.0,3.262955854126679,0.0,0.0,0.0
2025-04-01,NPG19,SPAMEDICA BEDFORD,190,4.0,0.0,0.0,0.0,2.1052631578947367,0.0,0.0,0.0
2025-05-01,NPG19,SPAMEDICA BEDFORD,161,3.0,0.0,0.0,0.0,1.8633540372670807,0.0,0.0,0.0
2025-06-01,NPG19,SPAMEDICA BEDFORD,180,7.0,0.0,0.0,0.0,3.888888888888889,0.0,0.0,0.0
2025-07-01,NPG19,SPAMEDICA BEDFORD,152,6.0,0.0,0.0,0.0,3.9473684210526314,0.0,0.0,0.0
2025-08-01,NPG19,SPAMEDICA BEDFORD,212,11.0,0.0,0.0,0.0,5.188679245283019,0.0,0.0,0.0
2025-09-01,NPG19,SPAMEDICA BEDFORD,255,5.0,0.0,0.0,0.0,1.9607843137254901,0.0,0.0,0.0
2025-10-01,NPG19,SPAMEDICA BEDFORD,217,7.0,0.0,0.0,0.0,3.225806451612903,0.0,0.0,0.0
2025-11-01,NPG19,SPAMEDICA BEDFORD,209,7.0,0.0,0.0,0.0,3.349282296650718,0.0,0.0,0.0
2025-12-01,NPG19,SPAMEDICA BEDFORD,245,10.0,0.0,0.0,0.0,4.081632653061225,0.0,0.0,0.0
2026-01-01,NPG19,SPAMEDICA BEDFORD,260,18.0,0.0,0.0,0.0,6.923076923076923,0.0,0.0,0.0
2026-02-01,NPG19,SPAMEDICA BEDFORD,319,19.0,0.0,0.0,0.0,5.956112852664576,0.0,0.0,0.0
2026-03-01,NPG19,SPAMEDICA BEDFORD,251,14.0,0.0,0.0,0.0,5.577689243027888,0.0,0.0,0.0
2026-04-01,NPG19,SPAMEDICA BEDFORD,325,13.0,0.0,0.0,0.0,4.0,0.0,0.0,0.0
2026-05-01,NPG19,SPAMEDICA BEDFORD,368,20.0,0.0,0.0,0.0,5.434782608695652,0.0,0.0,0.0
2026-06-01,NPG19,SPAMEDICA BEDFORD,290,24.0,0.0,0.0,0.0,8.275862068965518,0.0,0.0,0.0
2025-04-01,NPG20,SPAMEDICA WOLVERHAMPTON,243,10.0,0.0,0.0,0.0,4.11522633744856,0.0,0.0,0.0
2025-05-01,NPG20,SPAMEDICA WOLVERHAMPTON,261,14.0,0.0,0.0,0.0,5.363984674329502,0.0,0.0,0.0
2025-06-01,NPG20,SPAMEDICA WOLVERHAMPTON,320,18.0,0.0,0.0,0.0,5.625,0.0,0.0,0.0
2025-07-01,NPG20,SPAMEDICA WOLVERHAMPTON,290,26.0,0.0,0.0,0.0,8.96551724137931,0.0,0.0,0.0
2025-08-01,NPG20,SPAMEDICA WOLVERHAMPTON,324,28.0,0.0,0.0,0.0,8.641975308641975,0.0,0.0,0.0
2025-09-01,NPG20,SPAMEDICA WOLVERHAMPTON,351,22.0,0.0,0.0,0.0,6.267806267806268,0.0,0.0,0.0
2025-10-01,NPG20,SPAMEDICA WOLVERHAMPTON,418,22.0,0.0,0.0,0.0,5.263157894736842,0.0,0.0,0.0
2025-11-01,NPG20,SPAMEDICA WOLVERHAMPTON,482,23.0,0.0,0.0,0.0,4.771784232365145,0.0,0.0,0.0
2025-12-01,NPG20,SPAMEDICA WOLVERHAMPTON,602,28.0,0.0,0.0,0.0,4.651162790697675,0.0,0.0,0.0
2026-01-01,NPG20,SPAMEDICA WOLVERHAMPTON,509,44.0,0.0,0.0,0.0,8.644400785854616,0.0,0.0,0.0
2026-02-01,NPG20,SPAMEDICA WOLVERHAMPTON,575,53.0,0.0,0.0,0.0,9.217391304347826,0.0,0.0,0.0
2026-03-01,NPG20,SPAMEDICA WOLVERHAMPTON,661,49.0,0.0,0.0,0.0,7.413010590015129,0.0,0.0,0.0
2026-04-01,NPG20,SPAMEDICA WOLVERHAMPTON,831,62.0,0.0,0.0,0.0,7.460890493381468,0.0,0.0,0.0
2026-05-01,NPG20,SPAMEDICA WOLVERHAMPTON,898,63.0,0.0,0.0,0.0,7.015590200445435,0.0,0.0,0.0
2026-06-01,NPG20,SPAMEDICA WOLVERHAMPTON,781,76.0,0.0,0.0,0.0,9.73111395646607,0.0,0.0,0.0
2025-04-01,NPG21,SPAMEDICA COVENTRY,182,4.0,0.0,0.0,0.0,2.197802197802198,0.0,0.0,0.0
2025-05-01,NPG21,SPAMEDICA COVENTRY,206,1.0,0.0,0.0,0.0,0.48543689320388345,0.0,0.0,0.0
2025-06-01,NPG21,SPAMEDICA COVENTRY,255,5.0,0.0,0.0,0.0,1.9607843137254901,0.0,0.0,0.0
2025-07-01,NPG21,SPAMEDICA COVENTRY,232,13.0,0.0,0.0,0.0,5.603448275862069,0.0,0.0,0.0
2025-08-01,NPG21,SPAMEDICA COVENTRY,278,14.0,0.0,0.0,0.0,5.0359712230215825,0.0,0.0,0.0
2025-09-01,NPG21,SPAMEDICA COVENTRY,303,18.0,0.0,0.0,0.0,5.9405940594059405,0.0,0.0,0.0
2025-10-01,NPG21,SPAMEDICA COVENTRY,333,16.0,0.0,0.0,0.0,4.804804804804805,0.0,0.0,0.0
2025-11-01,NPG21,SPAMEDICA COVENTRY,374,22.0,0.0,0.0,0.0,5.88235294117647,0.0,0.0,0.0
2025-12-01,NPG21,SPAMEDICA COVENTRY,440,33.0,0.0,0.0,0.0,7.5,0.0,0.0,0.0
2026-01-01,NPG21,SPAMEDICA COVENTRY,405,38.0,0.0,0.0,0.0,9.382716049382717,0.0,0.0,0.0
2026-02-01,NPG21,SPAMEDICA COVENTRY,536,48.0,0.0,0.0,0.0,8.955223880597014,0.0,0.0,0.0
2026-03-01,NPG21,SPAMEDICA COVENTRY,507,41.0,0.0,0.0,0.0,8.086785009861932,0.0,0.0,0.0
2026-04-01,NPG21,SPAMEDICA COVENTRY,662,50.0,0.0,0.0,0.0,7.552870090634441,0.0,0.0,0.0
2026-05-01,NPG21,SPAMEDICA COVENTRY,815,58.0,0.0,0.0,0.0,7.116564417177915,0.0,0.0,0.0
2026-06-01,NPG21,SPAMEDICA COVENTRY,799,59.0,1.0,1.0,0.0,7.3842302878598245,0.1251564455569462,0.1251564455569462,0.0
2025-04-01,NPG22,SPAMEDICA STOCKTON-ON-TEES,152,3.0,0.0,0.0,0.0,1.9736842105263157,0.0,0.0,0.0
2025-05-01,NPG22,SPAMEDICA STOCKTON-ON-TEES,211,3.0,0.0,0.0,0.0,1.4218009478672986,0.0,0.0,0.0
2025-06-01,NPG22,SPAMEDICA STOCKTON-ON-TEES,263,5.0,0.0,0.0,0.0,1.9011406844106464,0.0,0.0,0.0
2025-07-01,NPG22,SPAMEDICA STOCKTON-ON-TEES,226,4.0,0.0,0.0,0.0,1.7699115044247788,0.0,0.0,0.0
2025-08-01,NPG22,SPAMEDICA STOCKTON-ON-TEES,210,5.0,0.0,0.0,0.0,2.380952380952381,0.0,0.0,0.0
2025-09-01,NPG22,SPAMEDICA STOCKTON-ON-TEES,231,3.0,0.0,0.0,0.0,1.2987012987012987,0.0,0.0,0.0
2025-10-01,NPG22,SPAMEDICA STOCKTON-ON-TEES,290,5.0,0.0,0.0,0.0,1.7241379310344827,0.0,0.0,0.0
2025-11-01,NPG22,SPAMEDICA STOCKTON-ON-TEES,315,8.0,0.0,0.0,0.0,2.5396825396825395,0.0,0.0,0.0
2025-12-01,NPG22,SPAMEDICA STOCKTON-ON-TEES,394,15.0,0.0,0.0,0.0,3.807106598984772,0.0,0.0,0.0
2026-01-01,NPG22,SPAMEDICA STOCKTON-ON-TEES,342,13.0,0.0,0.0,0.0,3.8011695906432745,0.0,0.0,0.0
2026-02-01,NPG22,SPAMEDICA STOCKTON-ON-TEES,431,29.0,0.0,0.0,0.0,6.728538283062645,0.0,0.0,0.0
2026-03-01,NPG22,SPAMEDICA STOCKTON-ON-TEES,462,35.0,0.0,0.0,0.0,7.575757575757576,0.0,0.0,0.0
2026-04-01,NPG22,SPAMEDICA STOCKTON-ON-TEES,499,35.0,0.0,0.0,0.0,7.014028056112225,0.0,0.0,0.0
2026-05-01,NPG22,SPAMEDICA STOCKTON-ON-TEES,509,43.0,0.0,0.0,0.0,8.447937131630647,0.0,0.0,0.0
2026-06-01,NPG22,SPAMEDICA STOCKTON-ON-TEES,492,54.0,0.0,0.0,0.0,10.975609756097562,0.0,0.0,0.0
2025-04-01,NPG23,SPAMEDICA DERBY,178,6.0,0.0,0.0,0.0,3.3707865168539324,0.0,0.0,0.0
2025-05-01,NPG23,SPAMEDICA DERBY,205,3.0,0.0,0.0,0.0,1.4634146341463417,0.0,0.0,0.0
2025-06-01,NPG23,SPAMEDICA DERBY,226,3.0,0.0,0.0,0.0,1.3274336283185841,0.0,0.0,0.0
2025-07-01,NPG23,SPAMEDICA DERBY,154,3.0,0.0,0.0,0.0,1.948051948051948,0.0,0.0,0.0
2025-08-01,NPG23,SPAMEDICA DERBY,189,5.0,0.0,0.0,0.0,2.6455026455026456,0.0,0.0,0.0
2025-09-01,NPG23,SPAMEDICA DERBY,220,10.0,0.0,0.0,0.0,4.545454545454546,0.0,0.0,0.0
2025-10-01,NPG23,SPAMEDICA DERBY,208,11.0,0.0,0.0,0.0,5.288461538461538,0.0,0.0,0.0
2025-11-01,NPG23,SPAMEDICA DERBY,185,13.0,0.0,0.0,0.0,7.027027027027027,0.0,0.0,0.0
2025-12-01,NPG23,SPAMEDICA DERBY,213,22.0,0.0,0.0,0.0,10.328638497652582,0.0,0.0,0.0
2026-01-01,NPG23,SPAMEDICA DERBY,215,28.0,0.0,0.0,0.0,13.023255813953488,0.0,0.0,0.0
2026-02-01,NPG23,SPAMEDICA DERBY,395,26.0,0.0,0.0,0.0,6.582278481012659,0.0,0.0,0.0
2026-03-01,NPG23,SPAMEDICA DERBY,476,23.0,0.0,0.0,0.0,4.831932773109244,0.0,0.0,0.0
2026-04-01,NPG23,SPAMEDICA DERBY,540,28.0,0.0,0.0,0.0,5.185185185185185,0.0,0.0,0.0
2026-05-01,NPG23,SPAMEDICA DERBY,607,27.0,0.0,0.0,0.0,4.448105436573312,0.0,0.0,0.0
2026-06-01,NPG23,SPAMEDICA DERBY,436,20.0,0.0,0.0,0.0,4.587155963302752,0.0,0.0,0.0
2025-04-01,NPR01,ABOUT HEALTH HQ,1652,56.0,0.0,0.0,0.0,3.389830508474576,0.0,0.0,0.0
2025-05-01,NPR01,ABOUT HEALTH HQ,1678,72.0,0.0,0.0,0.0,4.290822407628129,0.0,0.0,0.0
2025-06-01,NPR01,ABOUT HEALTH HQ,1453,44.0,1.0,0.0,0.0,3.0282174810736406,0.06882312456985547,0.0,0.0
2025-07-01,NPR01,ABOUT HEALTH HQ,1252,43.0,0.0,0.0,0.0,3.4345047923322687,0.0,0.0,0.0
2025-08-01,NPR01,ABOUT HEALTH HQ,1147,56.0,0.0,0.0,0.0,4.882301656495205,0.0,0.0,0.0
2025-09-01,NPR01,ABOUT HEALTH HQ,1122,36.0,0.0,0.0,0.0,3.2085561497326207,0.0,0.0,0.0
2025-10-01,NPR01,ABOUT HEALTH HQ,1108,64.0,0.0,0.0,0.0,5.776173285198556,0.0,0.0,0.0
2025-11-01,NPR01,ABOUT HEALTH HQ,1133,75.0,1.0,0.0,0.0,6.619593998234776,0.088261253309797,0.0,0.0
2025-12-01,NPR01,ABOUT HEALTH HQ,1349,84.0,0.0,0.0,0.0,6.226834692364715,0.0,0.0,0.0
2026-01-01,NPR01,ABOUT HEALTH HQ,1522,124.0,0.0,0.0,0.0,8.14717477003942,0.0,0.0,0.0
2026-02-01,NPR01,ABOUT HEALTH HQ,1347,1.0,0.0,0.0,0.0,0.07423904974016332,0.0,0.0,0.0
2026-03-01,NPR01,ABOUT HEALTH HQ,1635,0.0,0.0,0.0,0.0,0.0,0.0,0.0,0.0
2026-04-01,NPR01,ABOUT HEALTH HQ,1396,0.0,0.0,0.0,0.0,0.0,0.0,0.0,0.0
2026-05-01,NPR01,ABOUT HEALTH HQ,1341,3.0,2.0,0.0,0.0,0.22371364653243847,0.14914243102162564,0.0,0.0
2026-06-01,NPR01,ABOUT HEALTH HQ,1588,0.0,0.0,0.0,0.0,0.0,0.0,0.0,0.0
2025-04-01,NQH,NOVUS HEALTH LTD,738,22.0,0.0,0.0,0.0,2.9810298102981028,0.0,0.0,0.0
2025-05-01,NQH,NOVUS HEALTH LTD,671,19.0,0.0,0.0,0.0,2.8315946348733236,0.0,0.0,0.0
2025-06-01,NQH,NOVUS HEALTH LTD,378,9.0,0.0,0.0,0.0,2.380952380952381,0.0,0.0,0.0
2025-07-01,NQH,NOVUS HEALTH LTD,727,5.0,0.0,0.0,0.0,0.6877579092159559,0.0,0.0,0.0
2025-08-01,NQH,NOVUS HEALTH LTD,904,19.0,0.0,0.0,0.0,2.101769911504425,0.0,0.0,0.0
2025-09-01,NQH,NOVUS HEALTH LTD,1263,32.0,0.0,0.0,0.0,2.5336500395882817,0.0,0.0,0.0
2025-10-01,NQH,NOVUS HEALTH LTD,1321,14.0,0.0,0.0,0.0,1.0598031794095382,0.0,0.0,0.0
2025-11-01,NQH,NOVUS HEALTH LTD,1199,45.0,0.0,0.0,0.0,3.7531276063386154,0.0,0.0,0.0
2025-12-01,NQH,NOVUS HEALTH LTD,1100,76.0,0.0,0.0,0.0,6.909090909090909,0.0,0.0,0.0
2026-01-01,NQH,NOVUS HEALTH LTD,1003,81.0,0.0,0.0,0.0,8.075772681954138,0.0,0.0,0.0
2026-02-01,NQH,NOVUS HEALTH LTD,824,67.0,0.0,0.0,0.0,8.13106796116505,0.0,0.0,0.0
2026-03-01,NQH,NOVUS HEALTH LTD,765,33.0,0.0,0.0,0.0,4.313725490196078,0.0,0.0,0.0
2026-04-01,NQH,NOVUS HEALTH LTD,883,23.0,0.0,0.0,0.0,2.6047565118912797,0.0,0.0,0.0
2026-05-01,NQH,NOVUS HEALTH LTD,853,20.0,0.0,0.0,0.0,2.3446658851113718,0.0,0.0,0.0
2026-06-01,NQH,NOVUS HEALTH LTD,916,11.0,0.0,0.0,0.0,1.2008733624454149,0.0,0.0,0.0
2025-04-01,NQM01,ORTHOPAEDICS & SPINE SPECIALIST HOSPITAL SITE,161,15.0,0.0,0.0,0.0,9.316770186335404,0.0,0.0,0.0
2025-05-01,NQM01,ORTHOPAEDICS & SPINE SPECIALIST HOSPITAL SITE,207,40.0,0.0,0.0,0.0,19.32367149758454,0.0,0.0,0.0
2025-06-01,NQM01,ORTHOPAEDICS & SPINE SPECIALIST HOSPITAL SITE,159,26.0,0.0,0.0,0.0,16.352201257861633,0.0,0.0,0.0
2025-07-01,NQM01,ORTHOPAEDICS & SPINE SPECIALIST HOSPITAL SITE,169,29.0,0.0,0.0,0.0,17.159763313609467,0.0,0.0,0.0
2025-08-01,NQM01,ORTHOPAEDICS & SPINE SPECIALIST HOSPITAL SITE,170,31.0,0.0,0.0,0.0,18.235294117647058,0.0,0.0,0.0
2025-09-01,NQM01,ORTHOPAEDICS & SPINE SPECIALIST HOSPITAL SITE,128,7.0,0.0,0.0,0.0,5.46875,0.0,0.0,0.0
2025-10-01,NQM01,ORTHOPAEDICS & SPINE SPECIALIST HOSPITAL SITE,145,29.0,0.0,0.0,0.0,20.0,0.0,0.0,0.0
2025-11-01,NQM01,ORTHOPAEDICS & SPINE SPECIALIST HOSPITAL SITE,156,16.0,0.0,0.0,0.0,10.256410256410255,0.0,0.0,0.0
2025-12-01,NQM01,ORTHOPAEDICS & SPINE SPECIALIST HOSPITAL SITE,157,22.0,0.0,0.0,0.0,14.012738853503185,0.0,0.0,0.0
2026-01-01,NQM01,ORTHOPAEDICS & SPINE SPECIALIST HOSPITAL SITE,165,15.0,0.0,0.0,0.0,9.090909090909092,0.0,0.0,0.0
2026-02-01,NQM01,ORTHOPAEDICS & SPINE SPECIALIST HOSPITAL SITE,153,24.0,0.0,0.0,0.0,15.686274509803921,0.0,0.0,0.0
2026-03-01,NQM01,ORTHOPAEDICS & SPINE SPECIALIST HOSPITAL SITE,237,61.0,0.0,0.0,0.0,25.738396624472575,0.0,0.0,0.0
2026-04-01,NQM01,ORTHOPAEDICS & SPINE SPECIALIST HOSPITAL SITE,152,28.0,0.0,0.0,0.0,18.421052631578945,0.0,0.0,0.0
2026-05-01,NQM01,ORTHOPAEDICS & SPINE SPECIALIST HOSPITAL SITE,153,26.0,0.0,0.0,0.0,16.99346405228758,0.0,0.0,0.0
2026-06-01,NQM01,ORTHOPAEDICS & SPINE SPECIALIST HOSPITAL SITE,174,14.0,0.0,0.0,0.0,8.045977011494253,0.0,0.0,0.0
2025-04-01,NQX,PROVIDE ENTERPRISES,54,0.0,0.0,0.0,0.0,0.0,0.0,0.0,0.0
2025-05-01,NQX,PROVIDE ENTERPRISES,98,0.0,0.0,0.0,0.0,0.0,0.0,0.0,0.0
2025-06-01,NQX,PROVIDE ENTERPRISES,103,0.0,0.0,0.0,0.0,0.0,0.0,0.0,0.0
2025-07-01,NQX,PROVIDE ENTERPRISES,111,0.0,0.0,0.0,0.0,0.0,0.0,0.0,0.0
2025-08-01,NQX,PROVIDE ENTERPRISES,105,0.0,0.0,0.0,0.0,0.0,0.0,0.0,0.0
2025-09-01,NQX,PROVIDE ENTERPRISES,87,0.0,0.0,0.0,0.0,0.0,0.0,0.0,0.0
2025-10-01,NQX,PROVIDE ENTERPRISES,103,0.0,0.0,0.0,0.0,0.0,0.0,0.0,0.0
2025-11-01,NQX,PROVIDE ENTERPRISES,107,0.0,0.0,0.0,0.0,0.0,0.0,0.0,0.0
2025-12-01,NQX,PROVIDE ENTERPRISES,79,0.0,0.0,0.0,0.0,0.0,0.0,0.0,0.0
2026-01-01,NQX,PROVIDE ENTERPRISES,94,0.0,0.0,0.0,0.0,0.0,0.0,0.0,0.0
2026-02-01,NQX,PROVIDE ENTERPRISES,144,0.0,0.0,0.0,0.0,0.0,0.0,0.0,0.0
2026-03-01,NQX,PROVIDE ENTERPRISES,152,0.0,0.0,0.0,0.0,0.0,0.0,0.0,0.0
2026-04-01,NQX,PROVIDE ENTERPRISES,190,0.0,0.0,0.0,0.0,0.0,0.0,0.0,0.0
2026-05-01,NQX,PROVIDE ENTERPRISES,239,0.0,0.0,0.0,0.0,0.0,0.0,0.0,0.0
2026-06-01,NQX,PROVIDE ENTERPRISES,251,0.0,0.0,0.0,0.0,0.0,0.0,0.0,0.0
2025-04-01,NR5,LIVEWELL SOUTHWEST,55,4.0,0.0,0.0,0.0,7.2727272727272725,0.0,0.0,0.0
2025-05-01,NR5,LIVEWELL SOUTHWEST,69,3.0,0.0,0.0,0.0,4.3478260869565215,0.0,0.0,0.0
2025-06-01,NR5,LIVEWELL SOUTHWEST,75,2.0,0.0,0.0,0.0,2.666666666666667,0.0,0.0,0.0
2025-07-01,NR5,LIVEWELL SOUTHWEST,75,4.0,0.0,0.0,0.0,5.333333333333334,0.0,0.0,0.0
2025-08-01,NR5,LIVEWELL SOUTHWEST,62,3.0,0.0,0.0,0.0,4.838709677419355,0.0,0.0,0.0
2025-09-01,NR5,LIVEWELL SOUTHWEST,62,2.0,0.0,0.0,0.0,3.225806451612903,0.0,0.0,0.0
2025-10-01,NR5,LIVEWELL SOUTHWEST,60,1.0,0.0,0.0,0.0,1.6666666666666667,0.0,0.0,0.0
2025-11-01,NR5,LIVEWELL SOUTHWEST,77,3.0,0.0,0.0,0.0,3.896103896103896,0.0,0.0,0.0
2025-12-01,NR5,LIVEWELL SOUTHWEST,64,3.0,0.0,0.0,0.0,4.6875,0.0,0.0,0.0
2026-01-01,NR5,LIVEWELL SOUTHWEST,81,4.0,0.0,0.0,0.0,4.938271604938271,0.0,0.0,0.0
2026-02-01,NR5,LIVEWELL SOUTHWEST,85,5.0,0.0,0.0,0.0,5.88235294117647,0.0,0.0,0.0
2026-03-01,NR5,LIVEWELL SOUTHWEST,68,4.0,0.0,0.0,0.0,5.88235294117647,0.0,0.0,0.0
2026-04-01,NR5,LIVEWELL SOUTHWEST,64,2.0,0.0,0.0,0.0,3.125,0.0,0.0,0.0
2026-05-01,NR5,LIVEWELL SOUTHWEST,63,1.0,0.0,0.0,0.0,1.5873015873015872,0.0,0.0,0.0
2026-06-01,NR5,LIVEWELL SOUTHWEST,64,2.0,0.0,0.0,0.0,3.125,0.0,0.0,0.0
2025-04-01,NRF,UNIVERSITY OF SOUTHAMPTON AUDITORY IMPLANT SERVICE,203,83.0,17.0,8.0,0.0,40.88669950738916,8.374384236453201,3.9408866995073892,0.0
2025-05-01,NRF,UNIVERSITY OF SOUTHAMPTON AUDITORY IMPLANT SERVICE,189,89.0,11.0,5.0,0.0,47.08994708994709,5.82010582010582,2.6455026455026456,0.0
2025-06-01,NRF,UNIVERSITY OF SOUTHAMPTON AUDITORY IMPLANT SERVICE,180,97.0,16.0,5.0,0.0,53.888888888888886,8.88888888888889,2.7777777777777777,0.0
2025-07-01,NRF,UNIVERSITY OF SOUTHAMPTON AUDITORY IMPLANT SERVICE,179,89.0,15.0,3.0,0.0,49.72067039106145,8.379888268156424,1.675977653631285,0.0
2025-08-01,NRF,UNIVERSITY OF SOUTHAMPTON AUDITORY IMPLANT SERVICE,184,82.0,13.0,3.0,0.0,44.565217391304344,7.065217391304348,1.6304347826086956,0.0
2025-09-01,NRF,UNIVERSITY OF SOUTHAMPTON AUDITORY IMPLANT SERVICE,205,79.0,11.0,6.0,0.0,38.53658536585366,5.365853658536586,2.9268292682926833,0.0
2025-10-01,NRF,UNIVERSITY OF SOUTHAMPTON AUDITORY IMPLANT SERVICE,205,73.0,8.0,5.0,0.0,35.609756097560975,3.902439024390244,2.4390243902439024,0.0
2025-11-01,NRF,UNIVERSITY OF SOUTHAMPTON AUDITORY IMPLANT SERVICE,187,71.0,8.0,5.0,0.0,37.967914438502675,4.27807486631016,2.6737967914438503,0.0
2025-12-01,NRF,UNIVERSITY OF SOUTHAMPTON AUDITORY IMPLANT SERVICE,193,67.0,9.0,3.0,0.0,34.715025906735754,4.66321243523316,1.5544041450777202,0.0
2026-01-01,NRF,UNIVERSITY OF SOUTHAMPTON AUDITORY IMPLANT SERVICE,138,57.0,8.0,0.0,0.0,41.30434782608695,5.797101449275362,0.0,0.0
2026-02-01,NRF,UNIVERSITY OF SOUTHAMPTON AUDITORY IMPLANT SERVICE,197,57.0,7.0,0.0,0.0,28.934010152284262,3.5532994923857872,0.0,0.0
2026-03-01,NRF,UNIVERSITY OF SOUTHAMPTON AUDITORY IMPLANT SERVICE,191,63.0,7.0,1.0,0.0,32.98429319371728,3.664921465968586,0.5235602094240838,0.0
2026-04-01,NRF,UNIVERSITY OF SOUTHAMPTON AUDITORY IMPLANT SERVICE,180,63.0,7.0,1.0,0.0,35.0,3.888888888888889,0.5555555555555556,0.0
2026-05-01,NRF,UNIVERSITY OF SOUTHAMPTON AUDITORY IMPLANT SERVICE,172,63.0,5.0,2.0,0.0,36.627906976744185,2.9069767441860463,1.1627906976744187,0.0
2026-06-01,NRF,UNIVERSITY OF SOUTHAMPTON AUDITORY IMPLANT SERVICE,189,56.0,7.0,3.0,0.0,29.629629629629626,3.7037037037037033,1.5873015873015872,0.0
2025-04-01,NRL,HEART NETWORKS,364,0.0,0.0,0.0,0.0,0.0,0.0,0.0,0.0
2025-05-01,NRL,HEART NETWORKS,323,0.0,0.0,0.0,0.0,0.0,0.0,0.0,0.0
2025-06-01,NRL,HEART NETWORKS,540,2.0,0.0,0.0,0.0,0.3703703703703704,0.0,0.0,0.0
2025-07-01,NRL,HEART NETWORKS,391,0.0,0.0,0.0,0.0,0.0,0.0,0.0,0.0
2025-08-01,NRL,HEART NETWORKS,415,1.0,0.0,0.0,0.0,0.24096385542168677,0.0,0.0,0.0
2025-09-01,NRL,HEART NETWORKS,398,1.0,0.0,0.0,0.0,0.25125628140703515,0.0,0.0,0.0
2025-10-01,NRL,HEART NETWORKS,555,8.0,0.0,0.0,0.0,1.4414414414414414,0.0,0.0,0.0
2025-11-01,NRL,HEART NETWORKS,535,10.0,0.0,0.0,0.0,1.8691588785046727,0.0,0.0,0.0
2025-12-01,NRL,HEART NETWORKS,859,19.0,0.0,0.0,0.0,2.211874272409779,0.0,0.0,0.0
2026-01-01,NRL,HEART NETWORKS,981,39.0,0.0,0.0,0.0,3.9755351681957185,0.0,0.0,0.0
2026-02-01,NRL,HEART NETWORKS,880,28.0,0.0,0.0,0.0,3.1818181818181817,0.0,0.0,0.0
2026-03-01,NRL,HEART NETWORKS,993,27.0,0.0,0.0,0.0,2.719033232628399,0.0,0.0,0.0
2026-04-01,NRL,HEART NETWORKS,932,19.0,0.0,0.0,0.0,2.03862660944206,0.0,0.0,0.0
2026-05-01,NRL,HEART NETWORKS,569,12.0,0.0,0.0,0.0,2.10896309314587,0.0,0.0,0.0
2026-06-01,NRL,HEART NETWORKS,591,32.0,0.0,0.0,0.0,5.414551607445008,0.0,0.0,0.0
2025-04-01,NRP,BEACON MEDICAL SERVICES GROUP LIMITED,348,1.0,0.0,0.0,0.0,0.28735632183908044,0.0,0.0,0.0
2025-05-01,NRP,BEACON MEDICAL SERVICES GROUP LIMITED,352,8.0,0.0,0.0,0.0,2.272727272727273,0.0,0.0,0.0
2025-06-01,NRP,BEACON MEDICAL SERVICES GROUP LIMITED,728,18.0,0.0,0.0,0.0,2.4725274725274726,0.0,0.0,0.0
2025-07-01,NRP,BEACON MEDICAL SERVICES GROUP LIMITED,849,23.0,0.0,0.0,0.0,2.7090694935217905,0.0,0.0,0.0
2025-08-01,NRP,BEACON MEDICAL SERVICES GROUP LIMITED,921,78.0,1.0,0.0,0.0,8.469055374592834,0.10857763300760044,0.0,0.0
2025-09-01,NRP,BEACON MEDICAL SERVICES GROUP LIMITED,993,27.0,0.0,0.0,0.0,2.719033232628399,0.0,0.0,0.0
2025-10-01,NRP,BEACON MEDICAL SERVICES GROUP LIMITED,1053,34.0,0.0,0.0,0.0,3.2288698955365627,0.0,0.0,0.0
2025-11-01,NRP,BEACON MEDICAL SERVICES GROUP LIMITED,1032,31.0,0.0,0.0,0.0,3.003875968992248,0.0,0.0,0.0
2025-12-01,NRP,BEACON MEDICAL SERVICES GROUP LIMITED,969,41.0,0.0,0.0,0.0,4.231166150670795,0.0,0.0,0.0
2026-01-01,NRP,BEACON MEDICAL SERVICES GROUP LIMITED,2999,57.0,0.0,0.0,0.0,1.9006335445148383,0.0,0.0,0.0
2026-02-01,NRP,BEACON MEDICAL SERVICES GROUP LIMITED,4158,158.0,0.0,0.0,0.0,3.7999037999037997,0.0,0.0,0.0
2026-03-01,NRP,BEACON MEDICAL SERVICES GROUP LIMITED,4433,212.0,0.0,0.0,0.0,4.782314459733815,0.0,0.0,0.0
2026-04-01,NRP,BEACON MEDICAL SERVICES GROUP LIMITED,4686,280.0,0.0,0.0,0.0,5.97524541186513,0.0,0.0,0.0
2026-05-01,NRP,BEACON MEDICAL SERVICES GROUP LIMITED,4103,377.0,0.0,0.0,0.0,9.188398732634658,0.0,0.0,0.0
2026-06-01,NRP,BEACON MEDICAL SERVICES GROUP LIMITED,4392,287.0,0.0,0.0,0.0,6.534608378870674,0.0,0.0,0.0
2025-04-01,NT202,"NUFFIELD HEALTH, BOURNEMOUTH HOSPITAL",522,196.0,6.0,2.0,0.0,37.547892720306514,1.1494252873563218,0.38314176245210724,0.0
2025-05-01,NT202,"NUFFIELD HEALTH, BOURNEMOUTH HOSPITAL",534,207.0,10.0,2.0,0.0,38.764044943820224,1.8726591760299627,0.37453183520599254,0.0
2025-06-01,NT202,"NUFFIELD HEALTH, BOURNEMOUTH HOSPITAL",577,281.0,13.0,4.0,0.0,48.7001733102253,2.2530329289428077,0.6932409012131715,0.0
2025-07-01,NT202,"NUFFIELD HEALTH, BOURNEMOUTH HOSPITAL",551,220.0,5.0,0.0,0.0,39.92740471869328,0.9074410163339384,0.0,0.0
2025-08-01,NT202,"NUFFIELD HEALTH, BOURNEMOUTH HOSPITAL",264,82.0,6.0,3.0,0.0,31.060606060606062,2.272727272727273,1.1363636363636365,0.0
2025-09-01,NT202,"NUFFIELD HEALTH, BOURNEMOUTH HOSPITAL",275,91.0,6.0,1.0,0.0,33.09090909090909,2.181818181818182,0.36363636363636365,0.0
2025-10-01,NT202,"NUFFIELD HEALTH, BOURNEMOUTH HOSPITAL",266,65.0,3.0,0.0,0.0,24.43609022556391,1.1278195488721803,0.0,0.0
2025-11-01,NT202,"NUFFIELD HEALTH, BOURNEMOUTH HOSPITAL",331,80.0,2.0,1.0,0.0,24.169184290030213,0.6042296072507553,0.3021148036253776,0.0
2025-12-01,NT202,"NUFFIELD HEALTH, BOURNEMOUTH HOSPITAL",396,91.0,1.0,1.0,0.0,22.97979797979798,0.25252525252525254,0.25252525252525254,0.0
2026-01-01,NT202,"NUFFIELD HEALTH, BOURNEMOUTH HOSPITAL",417,120.0,0.0,0.0,0.0,28.776978417266186,0.0,0.0,0.0
2026-02-01,NT202,"NUFFIELD HEALTH, BOURNEMOUTH HOSPITAL",471,151.0,0.0,0.0,0.0,32.05944798301486,0.0,0.0,0.0
2026-03-01,NT202,"NUFFIELD HEALTH, BOURNEMOUTH HOSPITAL",560,247.0,2.0,0.0,0.0,44.107142857142854,0.35714285714285715,0.0,0.0
2026-04-01,NT202,"NUFFIELD HEALTH, BOURNEMOUTH HOSPITAL",487,167.0,0.0,0.0,0.0,34.29158110882957,0.0,0.0,0.0
2026-05-01,NT202,"NUFFIELD HEALTH, BOURNEMOUTH HOSPITAL",463,146.0,0.0,0.0,0.0,31.533477321814257,0.0,0.0,0.0
2026-06-01,NT202,"NUFFIELD HEALTH, BOURNEMOUTH HOSPITAL",420,180.0,0.0,0.0,0.0,42.857142857142854,0.0,0.0,0.0
2025-04-01,NT205,"NUFFIELD HEALTH, BRIGHTON HOSPITAL",724,432.0,36.0,22.0,4.0,59.66850828729282,4.972375690607735,3.0386740331491713,0.5524861878453038
2025-05-01,NT205,"NUFFIELD HEALTH, BRIGHTON HOSPITAL",755,439.0,40.0,20.0,4.0,58.145695364238414,5.298013245033113,2.6490066225165565,0.5298013245033113
2025-06-01,NT205,"NUFFIELD HEALTH, BRIGHTON HOSPITAL",893,467.0,41.0,17.0,2.0,52.2956326987682,4.591265397536394,1.9036954087346025,0.22396416573348266
2025-07-01,NT205,"NUFFIELD HEALTH, BRIGHTON HOSPITAL",910,464.0,58.0,10.0,2.0,50.989010989010985,6.373626373626373,1.098901098901099,0.21978021978021978
2025-08-01,NT205,"NUFFIELD HEALTH, BRIGHTON HOSPITAL",864,469.0,73.0,14.0,2.0,54.282407407407405,8.449074074074074,1.6203703703703702,0.23148148148148145
2025-09-01,NT205,"NUFFIELD HEALTH, BRIGHTON HOSPITAL",869,480.0,77.0,14.0,1.0,55.235903337169155,8.860759493670885,1.611047180667434,0.11507479861910241
2025-10-01,NT205,"NUFFIELD HEALTH, BRIGHTON HOSPITAL",808,443.0,74.0,20.0,1.0,54.82673267326733,9.158415841584159,2.4752475247524752,0.12376237623762376
2025-11-01,NT205,"NUFFIELD HEALTH, BRIGHTON HOSPITAL",761,430.0,67.0,25.0,2.0,56.504599211563736,8.804204993429698,3.28515111695138,0.2628120893561104
2025-12-01,NT205,"NUFFIELD HEALTH, BRIGHTON HOSPITAL",762,432.0,65.0,35.0,2.0,56.69291338582677,8.530183727034121,4.593175853018373,0.26246719160104987
2026-01-01,NT205,"NUFFIELD HEALTH, BRIGHTON HOSPITAL",869,438.0,70.0,37.0,1.0,50.40276179516686,8.05523590333717,4.25776754890679,0.11507479861910241
2026-02-01,NT205,"NUFFIELD HEALTH, BRIGHTON HOSPITAL",826,433.0,82.0,34.0,1.0,52.421307506053274,9.927360774818402,4.116222760290557,0.12106537530266344
2026-03-01,NT205,"NUFFIELD HEALTH, BRIGHTON HOSPITAL",827,448.0,92.0,34.0,2.0,54.17170495767836,11.124546553808948,4.111245465538089,0.24183796856106407
2026-04-01,NT205,"NUFFIELD HEALTH, BRIGHTON HOSPITAL",810,398.0,95.0,42.0,3.0,49.135802469135804,11.728395061728394,5.185185185185185,0.3703703703703704
2026-05-01,NT205,"NUFFIELD HEALTH, BRIGHTON HOSPITAL",759,420.0,102.0,47.0,1.0,55.33596837944664,13.438735177865613,6.192358366271409,0.13175230566534915
2026-06-01,NT205,"NUFFIELD HEALTH, BRIGHTON HOSPITAL",781,424.0,107.0,53.0,0.0,54.289372599231754,13.700384122919335,6.786171574903969,0.0
2025-04-01,NT206,"NUFFIELD HEALTH, BRISTOL HOSPITAL (CHESTERFIELD)",389,76.0,1.0,1.0,0.0,19.53727506426735,0.2570694087403599,0.2570694087403599,0.0
2025-05-01,NT206,"NUFFIELD HEALTH, BRISTOL HOSPITAL (CHESTERFIELD)",479,100.0,0.0,0.0,0.0,20.876826722338205,0.0,0.0,0.0
2025-06-01,NT206,"NUFFIELD HEALTH, BRISTOL HOSPITAL (CHESTERFIELD)",552,113.0,0.0,0.0,0.0,20.47101449275362,0.0,0.0,0.0
2025-07-01,NT206,"NUFFIELD HEALTH, BRISTOL HOSPITAL (CHESTERFIELD)",662,177.0,0.0,0.0,0.0,26.73716012084592,0.0,0.0,0.0
2025-08-01,NT206,"NUFFIELD HEALTH, BRISTOL HOSPITAL (CHESTERFIELD)",646,144.0,0.0,0.0,0.0,22.291021671826623,0.0,0.0,0.0
2025-09-01,NT206,"NUFFIELD HEALTH, BRISTOL HOSPITAL (CHESTERFIELD)",579,124.0,0.0,0.0,0.0,21.416234887737478,0.0,0.0,0.0
2025-10-01,NT206,"NUFFIELD HEALTH, BRISTOL HOSPITAL (CHESTERFIELD)",625,172.0,0.0,0.0,0.0,27.52,0.0,0.0,0.0
2025-11-01,NT206,"NUFFIELD HEALTH, BRISTOL HOSPITAL (CHESTERFIELD)",710,231.0,3.0,0.0,0.0,32.53521126760563,0.42253521126760557,0.0,0.0
2025-12-01,NT206,"NUFFIELD HEALTH, BRISTOL HOSPITAL (CHESTERFIELD)",834,308.0,2.0,0.0,0.0,36.930455635491604,0.2398081534772182,0.0,0.0
2026-01-01,NT206,"NUFFIELD HEALTH, BRISTOL HOSPITAL (CHESTERFIELD)",754,256.0,5.0,0.0,0.0,33.95225464190981,0.6631299734748011,0.0,0.0
2026-02-01,NT206,"NUFFIELD HEALTH, BRISTOL HOSPITAL (CHESTERFIELD)",744,213.0,1.0,0.0,0.0,28.62903225806452,0.13440860215053765,0.0,0.0
2026-03-01,NT206,"NUFFIELD HEALTH, BRISTOL HOSPITAL (CHESTERFIELD)",758,295.0,4.0,1.0,0.0,38.91820580474934,0.5277044854881267,0.13192612137203166,0.0
2026-04-01,NT206,"NUFFIELD HEALTH, BRISTOL HOSPITAL (CHESTERFIELD)",683,298.0,1.0,1.0,0.0,43.63103953147877,0.14641288433382138,0.14641288433382138,0.0
2026-05-01,NT206,"NUFFIELD HEALTH, BRISTOL HOSPITAL (CHESTERFIELD)",621,252.0,0.0,0.0,0.0,40.57971014492754,0.0,0.0,0.0
2026-06-01,NT206,"NUFFIELD HEALTH, BRISTOL HOSPITAL (CHESTERFIELD)",571,188.0,0.0,0.0,0.0,32.9246935201401,0.0,0.0,0.0
2025-04-01,NT209,"NUFFIELD HEALTH, CAMBRIDGE HOSPITAL",388,148.0,7.0,1.0,0.0,38.144329896907216,1.804123711340206,0.25773195876288657,0.0
2025-05-01,NT209,"NUFFIELD HEALTH, CAMBRIDGE HOSPITAL",373,136.0,6.0,1.0,0.0,36.46112600536193,1.6085790884718498,0.2680965147453083,0.0
2025-06-01,NT209,"NUFFIELD HEALTH, CAMBRIDGE HOSPITAL",343,104.0,3.0,1.0,0.0,30.32069970845481,0.8746355685131195,0.2915451895043732,0.0
2025-07-01,NT209,"NUFFIELD HEALTH, CAMBRIDGE HOSPITAL",339,99.0,5.0,2.0,0.0,29.20353982300885,1.4749262536873156,0.5899705014749262,0.0
2025-08-01,NT209,"NUFFIELD HEALTH, CAMBRIDGE HOSPITAL",324,98.0,3.0,1.0,0.0,30.246913580246915,0.9259259259259258,0.30864197530864196,0.0
2025-09-01,NT209,"NUFFIELD HEALTH, CAMBRIDGE HOSPITAL",291,90.0,2.0,0.0,0.0,30.927835051546392,0.6872852233676976,0.0,0.0
2025-10-01,NT209,"NUFFIELD HEALTH, CAMBRIDGE HOSPITAL",309,96.0,2.0,0.0,0.0,31.06796116504854,0.6472491909385114,0.0,0.0
2025-11-01,NT209,"NUFFIELD HEALTH, CAMBRIDGE HOSPITAL",299,100.0,1.0,0.0,0.0,33.44481605351171,0.33444816053511706,0.0,0.0
2025-12-01,NT209,"NUFFIELD HEALTH, CAMBRIDGE HOSPITAL",280,104.0,1.0,0.0,0.0,37.142857142857146,0.35714285714285715,0.0,0.0
2026-01-01,NT209,"NUFFIELD HEALTH, CAMBRIDGE HOSPITAL",288,112.0,1.0,0.0,0.0,38.88888888888889,0.3472222222222222,0.0,0.0
2026-02-01,NT209,"NUFFIELD HEALTH, CAMBRIDGE HOSPITAL",243,103.0,2.0,1.0,0.0,42.38683127572017,0.823045267489712,0.411522633744856,0.0
2026-03-01,NT209,"NUFFIELD HEALTH, CAMBRIDGE HOSPITAL",207,100.0,0.0,0.0,0.0,48.309178743961354,0.0,0.0,0.0
2026-04-01,NT209,"NUFFIELD HEALTH, CAMBRIDGE HOSPITAL",192,95.0,1.0,0.0,0.0,49.47916666666667,0.5208333333333333,0.0,0.0
2026-05-01,NT209,"NUFFIELD HEALTH, CAMBRIDGE HOSPITAL",206,84.0,1.0,0.0,0.0,40.77669902912621,0.48543689320388345,0.0,0.0
2026-06-01,NT209,"NUFFIELD HEALTH, CAMBRIDGE HOSPITAL",205,80.0,3.0,0.0,0.0,39.02439024390244,1.4634146341463417,0.0,0.0
2025-04-01,NT210,"NUFFIELD HEALTH, THE GROSVENOR HOSPITAL, CHESTER",316,67.0,2.0,1.0,0.0,21.202531645569618,0.6329113924050633,0.31645569620253167,0.0
2025-05-01,NT210,"NUFFIELD HEALTH, THE GROSVENOR HOSPITAL, CHESTER",340,73.0,2.0,2.0,0.0,21.470588235294116,0.5882352941176471,0.5882352941176471,0.0
2025-06-01,NT210,"NUFFIELD HEALTH, THE GROSVENOR HOSPITAL, CHESTER",341,90.0,2.0,1.0,0.0,26.392961876832842,0.5865102639296188,0.2932551319648094,0.0
2025-07-01,NT210,"NUFFIELD HEALTH, THE GROSVENOR HOSPITAL, CHESTER",384,64.0,3.0,1.0,0.0,16.666666666666664,0.78125,0.26041666666666663,0.0
2025-08-01,NT210,"NUFFIELD HEALTH, THE GROSVENOR HOSPITAL, CHESTER",422,89.0,1.0,0.0,0.0,21.09004739336493,0.23696682464454977,0.0,0.0
2025-09-01,NT210,"NUFFIELD HEALTH, THE GROSVENOR HOSPITAL, CHESTER",428,98.0,0.0,0.0,0.0,22.897196261682243,0.0,0.0,0.0
2025-10-01,NT210,"NUFFIELD HEALTH, THE GROSVENOR HOSPITAL, CHESTER",469,148.0,0.0,0.0,0.0,31.556503198294244,0.0,0.0,0.0
2025-11-01,NT210,"NUFFIELD HEALTH, THE GROSVENOR HOSPITAL, CHESTER",537,187.0,0.0,0.0,0.0,34.82309124767225,0.0,0.0,0.0
2025-12-01,NT210,"NUFFIELD HEALTH, THE GROSVENOR HOSPITAL, CHESTER",580,207.0,0.0,0.0,0.0,35.689655172413794,0.0,0.0,0.0
2026-01-01,NT210,"NUFFIELD HEALTH, THE GROSVENOR HOSPITAL, CHESTER",493,150.0,0.0,0.0,0.0,30.425963488843816,0.0,0.0,0.0
2026-02-01,NT210,"NUFFIELD HEALTH, THE GROSVENOR HOSPITAL, CHESTER",502,183.0,0.0,0.0,0.0,36.45418326693227,0.0,0.0,0.0
2026-03-01,NT210,"NUFFIELD HEALTH, THE GROSVENOR HOSPITAL, CHESTER",409,150.0,0.0,0.0,0.0,36.674816625916876,0.0,0.0,0.0
2026-04-01,NT210,"NUFFIELD HEALTH, THE GROSVENOR HOSPITAL, CHESTER",444,158.0,0.0,0.0,0.0,35.585585585585584,0.0,0.0,0.0
2026-05-01,NT210,"NUFFIELD HEALTH, THE GROSVENOR HOSPITAL, CHESTER",479,147.0,1.0,0.0,0.0,30.68893528183716,0.20876826722338201,0.0,0.0
2026-06-01,NT210,"NUFFIELD HEALTH, THE GROSVENOR HOSPITAL, CHESTER",468,133.0,2.0,0.0,0.0,28.418803418803417,0.4273504273504274,0.0,0.0
2025-04-01,NT212,"NUFFIELD HEALTH, CHICHESTER HOSPITAL",1272,834.0,94.0,38.0,10.0,65.56603773584906,7.3899371069182385,2.9874213836477987,0.7861635220125787
2025-05-01,NT212,"NUFFIELD HEALTH, CHICHESTER HOSPITAL",1395,893.0,139.0,49.0,13.0,64.01433691756272,9.96415770609319,3.512544802867384,0.9318996415770611
2025-06-01,NT212,"NUFFIELD HEALTH, CHICHESTER HOSPITAL",1363,850.0,163.0,45.0,11.0,62.36243580337491,11.958914159941306,3.301540719002201,0.8070432868672046
2025-07-01,NT212,"NUFFIELD HEALTH, CHICHESTER HOSPITAL",1367,851.0,200.0,60.0,9.0,62.25310899780542,14.630577907827359,4.389173372348208,0.6583760058522311
2025-08-01,NT212,"NUFFIELD HEALTH, CHICHESTER HOSPITAL",1158,634.0,112.0,28.0,0.0,54.74956822107081,9.671848013816927,2.4179620034542317,0.0
2025-09-01,NT212,"NUFFIELD HEALTH, CHICHESTER HOSPITAL",875,361.0,72.0,20.0,0.0,41.25714285714286,8.228571428571428,2.2857142857142856,0.0
2025-10-01,NT212,"NUFFIELD HEALTH, CHICHESTER HOSPITAL",862,286.0,69.0,18.0,1.0,33.17865429234338,8.004640371229698,2.088167053364269,0.11600928074245939
2025-11-01,NT212,"NUFFIELD HEALTH, CHICHESTER HOSPITAL",791,221.0,12.0,5.0,0.0,27.939317319848296,1.5170670037926675,0.6321112515802781,0.0
2025-12-01,NT212,"NUFFIELD HEALTH, CHICHESTER HOSPITAL",624,144.0,3.0,1.0,0.0,23.076923076923077,0.4807692307692308,0.16025641025641024,0.0
2026-01-01,NT212,"NUFFIELD HEALTH, CHICHESTER HOSPITAL",549,106.0,3.0,1.0,0.0,19.30783242258652,0.546448087431694,0.18214936247723132,0.0
2026-02-01,NT212,"NUFFIELD HEALTH, CHICHESTER HOSPITAL",479,109.0,2.0,1.0,0.0,22.755741127348646,0.41753653444676403,0.20876826722338201,0.0
2026-03-01,NT212,"NUFFIELD HEALTH, CHICHESTER HOSPITAL",427,97.0,1.0,0.0,0.0,22.716627634660423,0.234192037470726,0.0,0.0
2026-04-01,NT212,"NUFFIELD HEALTH, CHICHESTER HOSPITAL",436,107.0,2.0,1.0,0.0,24.541284403669724,0.45871559633027525,0.22935779816513763,0.0
2026-05-01,NT212,"NUFFIELD HEALTH, CHICHESTER HOSPITAL",461,105.0,0.0,0.0,0.0,22.7765726681128,0.0,0.0,0.0
2026-06-01,NT212,"NUFFIELD HEALTH, CHICHESTER HOSPITAL",470,114.0,2.0,1.0,1.0,24.25531914893617,0.425531914893617,0.2127659574468085,0.2127659574468085
2025-04-01,NT213,"NUFFIELD HEALTH, DERBY HOSPITAL",1283,719.0,35.0,1.0,0.0,56.04053000779423,2.7279812938425563,0.0779423226812159,0.0
2025-05-01,NT213,"NUFFIELD HEALTH, DERBY HOSPITAL",1139,644.0,26.0,0.0,0.0,56.540825285338016,2.28270412642669,0.0,0.0
2025-06-01,NT213,"NUFFIELD HEALTH, DERBY HOSPITAL",1095,626.0,36.0,1.0,0.0,57.16894977168949,3.287671232876712,0.091324200913242,0.0
2025-07-01,NT213,"NUFFIELD HEALTH, DERBY HOSPITAL",1058,566.0,37.0,0.0,0.0,53.497164461247635,3.497164461247637,0.0,0.0
2025-08-01,NT213,"NUFFIELD HEALTH, DERBY HOSPITAL",1066,534.0,49.0,0.0,0.0,50.093808630394,4.596622889305816,0.0,0.0
2025-09-01,NT213,"NUFFIELD HEALTH, DERBY HOSPITAL",1033,485.0,49.0,0.0,0.0,46.95062923523717,4.743465634075508,0.0,0.0
2025-10-01,NT213,"NUFFIELD HEALTH, DERBY HOSPITAL",1063,457.0,32.0,3.0,0.0,42.99153339604892,3.0103480714957667,0.28222013170272814,0.0
2025-11-01,NT213,"NUFFIELD HEALTH, DERBY HOSPITAL",1028,438.0,38.0,2.0,0.0,42.60700389105058,3.6964980544747084,0.19455252918287938,0.0
2025-12-01,NT213,"NUFFIELD HEALTH, DERBY HOSPITAL",1047,442.0,37.0,1.0,0.0,42.21585482330468,3.5339063992359123,0.09551098376313276,0.0
2026-01-01,NT213,"NUFFIELD HEALTH, DERBY HOSPITAL",1096,450.0,27.0,0.0,0.0,41.058394160583944,2.4635036496350367,0.0,0.0
2026-02-01,NT213,"NUFFIELD HEALTH, DERBY HOSPITAL",1157,511.0,42.0,3.0,0.0,44.165946413137426,3.6300777873811585,0.25929127052722556,0.0
2026-03-01,NT213,"NUFFIELD HEALTH, DERBY HOSPITAL",1162,531.0,24.0,0.0,0.0,45.69707401032702,2.0654044750430294,0.0,0.0
2026-04-01,NT213,"NUFFIELD HEALTH, DERBY HOSPITAL",1193,518.0,16.0,0.0,0.0,43.41994970662196,1.341156747694887,0.0,0.0
2026-05-01,NT213,"NUFFIELD HEALTH, DERBY HOSPITAL",1138,476.0,6.0,0.0,0.0,41.82776801405975,0.5272407732864675,0.0,0.0
2026-06-01,NT213,"NUFFIELD HEALTH, DERBY HOSPITAL",1104,491.0,2.0,1.0,0.0,44.474637681159415,0.18115942028985507,0.09057971014492754,0.0
2025-04-01,NT214,"NUFFIELD HEALTH, WESSEX HOSPITAL",555,197.0,4.0,0.0,0.0,35.4954954954955,0.7207207207207207,0.0,0.0
2025-05-01,NT214,"NUFFIELD HEALTH, WESSEX HOSPITAL",572,198.0,19.0,1.0,0.0,34.61538461538461,3.3216783216783217,0.17482517482517482,0.0
2025-06-01,NT214,"NUFFIELD HEALTH, WESSEX HOSPITAL",590,220.0,37.0,0.0,0.0,37.28813559322034,6.271186440677965,0.0,0.0
2025-07-01,NT214,"NUFFIELD HEALTH, WESSEX HOSPITAL",650,237.0,42.0,0.0,0.0,36.46153846153846,6.461538461538462,0.0,0.0
2025-08-01,NT214,"NUFFIELD HEALTH, WESSEX HOSPITAL",678,264.0,45.0,16.0,0.0,38.93805309734513,6.637168141592921,2.359882005899705,0.0
2025-09-01,NT214,"NUFFIELD HEALTH, WESSEX HOSPITAL",683,272.0,52.0,35.0,0.0,39.82430453879942,7.613469985358712,5.124450951683748,0.0
2025-10-01,NT214,"NUFFIELD HEALTH, WESSEX HOSPITAL",588,188.0,0.0,0.0,0.0,31.97278911564626,0.0,0.0,0.0
2025-11-01,NT214,"NUFFIELD HEALTH, WESSEX HOSPITAL",621,218.0,2.0,0.0,0.0,35.10466988727858,0.322061191626409,0.0,0.0
2025-12-01,NT214,"NUFFIELD HEALTH, WESSEX HOSPITAL",587,247.0,0.0,0.0,0.0,42.078364565587734,0.0,0.0,0.0
2026-01-01,NT214,"NUFFIELD HEALTH, WESSEX HOSPITAL",574,304.0,1.0,0.0,0.0,52.961672473867594,0.17421602787456447,0.0,0.0
2026-02-01,NT214,"NUFFIELD HEALTH, WESSEX HOSPITAL",553,350.0,4.0,0.0,0.0,63.29113924050633,0.7233273056057866,0.0,0.0
2026-03-01,NT214,"NUFFIELD HEALTH, WESSEX HOSPITAL",610,438.0,3.0,0.0,0.0,71.80327868852459,0.49180327868852464,0.0,0.0
2026-04-01,NT214,"NUFFIELD HEALTH, WESSEX HOSPITAL",583,410.0,2.0,0.0,0.0,70.32590051457976,0.34305317324185247,0.0,0.0
2026-05-01,NT214,"NUFFIELD HEALTH, WESSEX HOSPITAL",556,306.0,10.0,0.0,0.0,55.03597122302158,1.7985611510791366,0.0,0.0
2026-06-01,NT214,"NUFFIELD HEALTH, WESSEX HOSPITAL",561,236.0,3.0,0.0,0.0,42.06773618538324,0.53475935828877,0.0,0.0
2025-04-01,NT215,"NUFFIELD HEALTH, EXETER HOSPITAL",473,280.0,124.0,52.0,4.0,59.19661733615222,26.215644820295985,10.993657505285412,0.8456659619450317
2025-05-01,NT215,"NUFFIELD HEALTH, EXETER HOSPITAL",520,311.0,143.0,57.0,5.0,59.80769230769231,27.500000000000004,10.961538461538462,0.9615384615384616
2025-06-01,NT215,"NUFFIELD HEALTH, EXETER HOSPITAL",585,322.0,156.0,96.0,0.0,55.042735042735046,26.666666666666668,16.41025641025641,0.0
2025-07-01,NT215,"NUFFIELD HEALTH, EXETER HOSPITAL",584,339.0,155.0,117.0,3.0,58.04794520547946,26.541095890410958,20.034246575342465,0.5136986301369862
2025-08-01,NT215,"NUFFIELD HEALTH, EXETER HOSPITAL",521,301.0,116.0,86.0,4.0,57.77351247600768,22.264875239923224,16.50671785028791,0.7677543186180422
2025-09-01,NT215,"NUFFIELD HEALTH, EXETER HOSPITAL",518,375.0,123.0,93.0,4.0,72.39382239382239,23.745173745173744,17.953667953667953,0.7722007722007722
2025-10-01,NT215,"NUFFIELD HEALTH, EXETER HOSPITAL",434,312.0,107.0,71.0,1.0,71.88940092165899,24.65437788018433,16.359447004608295,0.2304147465437788
2025-11-01,NT215,"NUFFIELD HEALTH, EXETER HOSPITAL",431,291.0,100.0,75.0,1.0,67.51740139211137,23.201856148491878,17.40139211136891,0.23201856148491878
2025-12-01,NT215,"NUFFIELD HEALTH, EXETER HOSPITAL",466,278.0,99.0,76.0,21.0,59.65665236051502,21.244635193133046,16.30901287553648,4.506437768240343
2026-01-01,NT215,"NUFFIELD HEALTH, EXETER HOSPITAL",468,268.0,109.0,88.0,24.0,57.26495726495726,23.29059829059829,18.803418803418804,5.128205128205128
2026-02-01,NT215,"NUFFIELD HEALTH, EXETER HOSPITAL",499,285.0,130.0,89.0,27.0,57.11422845691383,26.052104208416832,17.835671342685373,5.410821643286573
2026-03-01,NT215,"NUFFIELD HEALTH, EXETER HOSPITAL",416,222.0,60.0,26.0,14.0,53.36538461538461,14.423076923076922,6.25,3.3653846153846154
2026-04-01,NT215,"NUFFIELD HEALTH, EXETER HOSPITAL",381,194.0,30.0,25.0,14.0,50.91863517060368,7.874015748031496,6.561679790026247,3.674540682414698
2026-05-01,NT215,"NUFFIELD HEALTH, EXETER HOSPITAL",390,197.0,20.0,6.0,1.0,50.51282051282051,5.128205128205128,1.5384615384615385,0.2564102564102564
2026-06-01,NT215,"NUFFIELD HEALTH, EXETER HOSPITAL",363,194.0,16.0,6.0,1.0,53.4435261707989,4.40771349862259,1.6528925619834711,0.27548209366391185
2025-04-01,NT218,"NUFFIELD HEALTH, HAYWARDS HEATH HOSPITAL",378,139.0,2.0,2.0,1.0,36.77248677248677,0.5291005291005291,0.5291005291005291,0.26455026455026454
2025-05-01,NT218,"NUFFIELD HEALTH, HAYWARDS HEATH HOSPITAL",392,121.0,3.0,3.0,0.0,30.86734693877551,0.7653061224489796,0.7653061224489796,0.0
2025-06-01,NT218,"NUFFIELD HEALTH, HAYWARDS HEATH HOSPITAL",382,107.0,4.0,4.0,0.0,28.01047120418848,1.0471204188481675,1.0471204188481675,0.0
2025-07-01,NT218,"NUFFIELD HEALTH, HAYWARDS HEATH HOSPITAL",397,124.0,4.0,3.0,1.0,31.234256926952142,1.0075566750629723,0.7556675062972292,0.2518891687657431
2025-08-01,NT218,"NUFFIELD HEALTH, HAYWARDS HEATH HOSPITAL",422,147.0,5.0,2.0,1.0,34.834123222748815,1.1848341232227488,0.47393364928909953,0.23696682464454977
2025-09-01,NT218,"NUFFIELD HEALTH, HAYWARDS HEATH HOSPITAL",454,157.0,8.0,1.0,1.0,34.58149779735683,1.762114537444934,0.22026431718061676,0.22026431718061676
2025-10-01,NT218,"NUFFIELD HEALTH, HAYWARDS HEATH HOSPITAL",444,156.0,7.0,1.0,1.0,35.13513513513514,1.5765765765765765,0.22522522522522523,0.22522522522522523
2025-11-01,NT218,"NUFFIELD HEALTH, HAYWARDS HEATH HOSPITAL",445,173.0,2.0,0.0,0.0,38.87640449438202,0.44943820224719105,0.0,0.0
2025-12-01,NT218,"NUFFIELD HEALTH, HAYWARDS HEATH HOSPITAL",432,238.0,5.0,3.0,1.0,55.092592592592595,1.1574074074074074,0.6944444444444444,0.23148148148148145
2026-01-01,NT218,"NUFFIELD HEALTH, HAYWARDS HEATH HOSPITAL",455,194.0,3.0,2.0,1.0,42.637362637362635,0.6593406593406593,0.43956043956043955,0.21978021978021978
2026-02-01,NT218,"NUFFIELD HEALTH, HAYWARDS HEATH HOSPITAL",447,198.0,5.0,2.0,1.0,44.29530201342282,1.1185682326621924,0.44742729306487694,0.22371364653243847
2026-03-01,NT218,"NUFFIELD HEALTH, HAYWARDS HEATH HOSPITAL",432,198.0,6.0,2.0,1.0,45.83333333333333,1.3888888888888888,0.4629629629629629,0.23148148148148145
2026-04-01,NT218,"NUFFIELD HEALTH, HAYWARDS HEATH HOSPITAL",444,193.0,11.0,2.0,1.0,43.468468468468465,2.4774774774774775,0.45045045045045046,0.22522522522522523
2026-05-01,NT218,"NUFFIELD HEALTH, HAYWARDS HEATH HOSPITAL",476,223.0,11.0,3.0,0.0,46.84873949579832,2.3109243697478994,0.6302521008403361,0.0
2026-06-01,NT218,"NUFFIELD HEALTH, HAYWARDS HEATH HOSPITAL",430,206.0,13.0,4.0,0.0,47.906976744186046,3.0232558139534884,0.9302325581395349,0.0
2025-04-01,NT219,"NUFFIELD HEALTH, HEREFORD HOSPITAL",206,13.0,0.0,0.0,0.0,6.310679611650485,0.0,0.0,0.0
2025-05-01,NT219,"NUFFIELD HEALTH, HEREFORD HOSPITAL",212,12.0,0.0,0.0,0.0,5.660377358490567,0.0,0.0,0.0
2025-06-01,NT219,"NUFFIELD HEALTH, HEREFORD HOSPITAL",266,15.0,0.0,0.0,0.0,5.639097744360902,0.0,0.0,0.0
2025-07-01,NT219,"NUFFIELD HEALTH, HEREFORD HOSPITAL",297,15.0,0.0,0.0,0.0,5.05050505050505,0.0,0.0,0.0
2025-08-01,NT219,"NUFFIELD HEALTH, HEREFORD HOSPITAL",322,13.0,0.0,0.0,0.0,4.037267080745342,0.0,0.0,0.0
2025-09-01,NT219,"NUFFIELD HEALTH, HEREFORD HOSPITAL",336,16.0,0.0,0.0,0.0,4.761904761904762,0.0,0.0,0.0
2025-10-01,NT219,"NUFFIELD HEALTH, HEREFORD HOSPITAL",345,39.0,0.0,0.0,0.0,11.304347826086957,0.0,0.0,0.0
2025-11-01,NT219,"NUFFIELD HEALTH, HEREFORD HOSPITAL",348,42.0,0.0,0.0,0.0,12.068965517241379,0.0,0.0,0.0
2025-12-01,NT219,"NUFFIELD HEALTH, HEREFORD HOSPITAL",401,55.0,0.0,0.0,0.0,13.715710723192021,0.0,0.0,0.0
2026-01-01,NT219,"NUFFIELD HEALTH, HEREFORD HOSPITAL",408,72.0,0.0,0.0,0.0,17.647058823529413,0.0,0.0,0.0
2026-02-01,NT219,"NUFFIELD HEALTH, HEREFORD HOSPITAL",458,122.0,0.0,0.0,0.0,26.637554585152838,0.0,0.0,0.0
2026-03-01,NT219,"NUFFIELD HEALTH, HEREFORD HOSPITAL",488,143.0,0.0,0.0,0.0,29.303278688524593,0.0,0.0,0.0
2026-04-01,NT219,"NUFFIELD HEALTH, HEREFORD HOSPITAL",462,137.0,0.0,0.0,0.0,29.653679653679653,0.0,0.0,0.0
2026-05-01,NT219,"NUFFIELD HEALTH, HEREFORD HOSPITAL",398,92.0,0.0,0.0,0.0,23.115577889447238,0.0,0.0,0.0
2026-06-01,NT219,"NUFFIELD HEALTH, HEREFORD HOSPITAL",386,81.0,0.0,0.0,0.0,20.984455958549223,0.0,0.0,0.0
2025-04-01,NT224,"NUFFIELD HEALTH, WARWICKSHIRE HOSPITAL",269,53.0,3.0,1.0,0.0,19.702602230483272,1.1152416356877324,0.37174721189591076,0.0
2025-05-01,NT224,"NUFFIELD HEALTH, WARWICKSHIRE HOSPITAL",310,56.0,1.0,0.0,0.0,18.064516129032256,0.3225806451612903,0.0,0.0
2025-06-01,NT224,"NUFFIELD HEALTH, WARWICKSHIRE HOSPITAL",341,68.0,1.0,0.0,0.0,19.941348973607038,0.2932551319648094,0.0,0.0
2025-07-01,NT224,"NUFFIELD HEALTH, WARWICKSHIRE HOSPITAL",343,74.0,4.0,0.0,0.0,21.574344023323615,1.1661807580174928,0.0,0.0
2025-08-01,NT224,"NUFFIELD HEALTH, WARWICKSHIRE HOSPITAL",383,93.0,5.0,1.0,0.0,24.281984334203656,1.3054830287206265,0.26109660574412535,0.0
2025-09-01,NT224,"NUFFIELD HEALTH, WARWICKSHIRE HOSPITAL",431,121.0,3.0,1.0,0.0,28.074245939675173,0.6960556844547563,0.23201856148491878,0.0
2025-10-01,NT224,"NUFFIELD HEALTH, WARWICKSHIRE HOSPITAL",430,115.0,5.0,2.0,0.0,26.744186046511626,1.1627906976744187,0.46511627906976744,0.0
2025-11-01,NT224,"NUFFIELD HEALTH, WARWICKSHIRE HOSPITAL",452,134.0,15.0,4.0,0.0,29.646017699115045,3.3185840707964607,0.8849557522123894,0.0
2025-12-01,NT224,"NUFFIELD HEALTH, WARWICKSHIRE HOSPITAL",472,143.0,20.0,1.0,0.0,30.29661016949153,4.23728813559322,0.211864406779661,0.0
2026-01-01,NT224,"NUFFIELD HEALTH, WARWICKSHIRE HOSPITAL",449,150.0,23.0,3.0,0.0,33.4075723830735,5.122494432071269,0.6681514476614699,0.0
2026-02-01,NT224,"NUFFIELD HEALTH, WARWICKSHIRE HOSPITAL",349,74.0,4.0,0.0,0.0,21.20343839541547,1.146131805157593,0.0,0.0
2026-03-01,NT224,"NUFFIELD HEALTH, WARWICKSHIRE HOSPITAL",399,91.0,4.0,2.0,0.0,22.807017543859647,1.0025062656641603,0.5012531328320802,0.0
2026-04-01,NT224,"NUFFIELD HEALTH, WARWICKSHIRE HOSPITAL",403,92.0,7.0,3.0,0.0,22.8287841191067,1.7369727047146404,0.7444168734491315,0.0
2026-05-01,NT224,"NUFFIELD HEALTH, WARWICKSHIRE HOSPITAL",427,108.0,12.0,4.0,0.0,25.292740046838407,2.810304449648712,0.936768149882904,0.0
2026-06-01,NT224,"NUFFIELD HEALTH, WARWICKSHIRE HOSPITAL",435,111.0,3.0,0.0,0.0,25.517241379310345,0.6896551724137931,0.0,0.0
2025-04-01,NT226,"NUFFIELD HEALTH, LEICESTER HOSPITAL",533,81.0,7.0,0.0,0.0,15.196998123827393,1.3133208255159476,0.0,0.0
2025-05-01,NT226,"NUFFIELD HEALTH, LEICESTER HOSPITAL",516,63.0,11.0,2.0,0.0,12.209302325581394,2.131782945736434,0.3875968992248062,0.0
2025-06-01,NT226,"NUFFIELD HEALTH, LEICESTER HOSPITAL",455,50.0,10.0,3.0,0.0,10.989010989010989,2.197802197802198,0.6593406593406593,0.0
2025-07-01,NT226,"NUFFIELD HEALTH, LEICESTER HOSPITAL",462,55.0,3.0,0.0,0.0,11.904761904761903,0.6493506493506493,0.0,0.0
2025-08-01,NT226,"NUFFIELD HEALTH, LEICESTER HOSPITAL",413,38.0,2.0,0.0,0.0,9.200968523002421,0.48426150121065376,0.0,0.0
2025-09-01,NT226,"NUFFIELD HEALTH, LEICESTER HOSPITAL",392,51.0,6.0,2.0,0.0,13.010204081632654,1.530612244897959,0.5102040816326531,0.0
2025-10-01,NT226,"NUFFIELD HEALTH, LEICESTER HOSPITAL",388,63.0,12.0,7.0,0.0,16.237113402061855,3.0927835051546393,1.804123711340206,0.0
2025-11-01,NT226,"NUFFIELD HEALTH, LEICESTER HOSPITAL",368,54.0,9.0,5.0,0.0,14.673913043478262,2.4456521739130435,1.358695652173913,0.0
2025-12-01,NT226,"NUFFIELD HEALTH, LEICESTER HOSPITAL",374,51.0,11.0,2.0,0.0,13.636363636363635,2.941176470588235,0.53475935828877,0.0
2026-01-01,NT226,"NUFFIELD HEALTH, LEICESTER HOSPITAL",436,80.0,14.0,5.0,1.0,18.34862385321101,3.211009174311927,1.146788990825688,0.22935779816513763
2026-02-01,NT226,"NUFFIELD HEALTH, LEICESTER HOSPITAL",448,90.0,15.0,5.0,3.0,20.089285714285715,3.3482142857142856,1.1160714285714286,0.6696428571428571
2026-03-01,NT226,"NUFFIELD HEALTH, LEICESTER HOSPITAL",465,93.0,12.0,7.0,2.0,20.0,2.5806451612903225,1.5053763440860215,0.43010752688172044
2026-04-01,NT226,"NUFFIELD HEALTH, LEICESTER HOSPITAL",469,90.0,15.0,8.0,1.0,19.189765458422176,3.1982942430703627,1.7057569296375266,0.21321961620469082
2026-05-01,NT226,"NUFFIELD HEALTH, LEICESTER HOSPITAL",452,54.0,6.0,3.0,1.0,11.946902654867257,1.3274336283185841,0.6637168141592921,0.22123893805309736
2026-06-01,NT226,"NUFFIELD HEALTH, LEICESTER HOSPITAL",450,42.0,2.0,0.0,0.0,9.333333333333334,0.4444444444444444,0.0,0.0
2025-04-01,NT229,"NUFFIELD HEALTH, NEWCASTLE UPON TYNE HOSPITAL",578,228.0,8.0,4.0,1.0,39.44636678200692,1.384083044982699,0.6920415224913495,0.17301038062283738
2025-05-01,NT229,"NUFFIELD HEALTH, NEWCASTLE UPON TYNE HOSPITAL",596,258.0,5.0,0.0,0.0,43.288590604026844,0.8389261744966443,0.0,0.0
2025-06-01,NT229,"NUFFIELD HEALTH, NEWCASTLE UPON TYNE HOSPITAL",584,275.0,5.0,0.0,0.0,47.08904109589041,0.8561643835616438,0.0,0.0
2025-07-01,NT229,"NUFFIELD HEALTH, NEWCASTLE UPON TYNE HOSPITAL",575,290.0,6.0,0.0,0.0,50.43478260869565,1.0434782608695654,0.0,0.0
2025-08-01,NT229,"NUFFIELD HEALTH, NEWCASTLE UPON TYNE HOSPITAL",632,273.0,8.0,2.0,0.0,43.196202531645575,1.2658227848101267,0.31645569620253167,0.0
2025-09-01,NT229,"NUFFIELD HEALTH, NEWCASTLE UPON TYNE HOSPITAL",570,259.0,7.0,2.0,0.0,45.438596491228076,1.2280701754385965,0.3508771929824561,0.0
2025-10-01,NT229,"NUFFIELD HEALTH, NEWCASTLE UPON TYNE HOSPITAL",533,252.0,8.0,0.0,0.0,47.27954971857411,1.5009380863039399,0.0,0.0
2025-11-01,NT229,"NUFFIELD HEALTH, NEWCASTLE UPON TYNE HOSPITAL",562,268.0,8.0,1.0,0.0,47.686832740213525,1.4234875444839856,0.1779359430604982,0.0
2025-12-01,NT229,"NUFFIELD HEALTH, NEWCASTLE UPON TYNE HOSPITAL",580,287.0,8.0,2.0,0.0,49.48275862068965,1.3793103448275863,0.3448275862068966,0.0
2026-01-01,NT229,"NUFFIELD HEALTH, NEWCASTLE UPON TYNE HOSPITAL",554,297.0,18.0,2.0,0.0,53.61010830324909,3.2490974729241873,0.36101083032490977,0.0
2026-02-01,NT229,"NUFFIELD HEALTH, NEWCASTLE UPON TYNE HOSPITAL",546,315.0,27.0,4.0,1.0,57.692307692307686,4.945054945054945,0.7326007326007326,0.18315018315018314
2026-03-01,NT229,"NUFFIELD HEALTH, NEWCASTLE UPON TYNE HOSPITAL",518,298.0,27.0,5.0,1.0,57.52895752895753,5.212355212355212,0.9652509652509652,0.19305019305019305
2026-04-01,NT229,"NUFFIELD HEALTH, NEWCASTLE UPON TYNE HOSPITAL",507,269.0,27.0,8.0,1.0,53.05719921104537,5.325443786982249,1.5779092702169626,0.19723865877712032
2026-05-01,NT229,"NUFFIELD HEALTH, NEWCASTLE UPON TYNE HOSPITAL",464,233.0,19.0,3.0,0.0,50.21551724137932,4.094827586206897,0.646551724137931,0.0
2026-06-01,NT229,"NUFFIELD HEALTH, NEWCASTLE UPON TYNE HOSPITAL",425,201.0,11.0,1.0,0.0,47.294117647058826,2.588235294117647,0.2352941176470588,0.0
2025-04-01,NT230,"NUFFIELD HEALTH, NORTH STAFFORDSHIRE HOSPITAL",1471,485.0,14.0,2.0,0.0,32.97076818490823,0.9517335146159076,0.13596193065941536,0.0
2025-05-01,NT230,"NUFFIELD HEALTH, NORTH STAFFORDSHIRE HOSPITAL",1527,381.0,3.0,0.0,0.0,24.95088408644401,0.19646365422396855,0.0,0.0
2025-06-01,NT230,"NUFFIELD HEALTH, NORTH STAFFORDSHIRE HOSPITAL",1614,369.0,1.0,0.0,0.0,22.86245353159851,0.061957868649318466,0.0,0.0
2025-07-01,NT230,"NUFFIELD HEALTH, NORTH STAFFORDSHIRE HOSPITAL",1528,348.0,1.0,0.0,0.0,22.774869109947645,0.06544502617801047,0.0,0.0
2025-08-01,NT230,"NUFFIELD HEALTH, NORTH STAFFORDSHIRE HOSPITAL",1479,335.0,3.0,0.0,0.0,22.650439486139284,0.2028397565922921,0.0,0.0
2025-09-01,NT230,"NUFFIELD HEALTH, NORTH STAFFORDSHIRE HOSPITAL",1379,347.0,1.0,0.0,0.0,25.16316171138506,0.0725163161711385,0.0,0.0
2025-10-01,NT230,"NUFFIELD HEALTH, NORTH STAFFORDSHIRE HOSPITAL",1136,290.0,1.0,0.0,0.0,25.528169014084508,0.08802816901408451,0.0,0.0
2025-11-01,NT230,"NUFFIELD HEALTH, NORTH STAFFORDSHIRE HOSPITAL",1108,256.0,4.0,1.0,0.0,23.104693140794225,0.36101083032490977,0.09025270758122744,0.0
2025-12-01,NT230,"NUFFIELD HEALTH, NORTH STAFFORDSHIRE HOSPITAL",1097,294.0,4.0,2.0,0.0,26.800364630811302,0.3646308113035551,0.18231540565177756,0.0
2026-01-01,NT230,"NUFFIELD HEALTH, NORTH STAFFORDSHIRE HOSPITAL",1076,407.0,1.0,0.0,0.0,37.825278810408925,0.09293680297397769,0.0,0.0
2026-02-01,NT230,"NUFFIELD HEALTH, NORTH STAFFORDSHIRE HOSPITAL",1145,501.0,8.0,0.0,0.0,43.75545851528384,0.6986899563318777,0.0,0.0
2026-03-01,NT230,"NUFFIELD HEALTH, NORTH STAFFORDSHIRE HOSPITAL",1328,682.0,10.0,0.0,0.0,51.35542168674698,0.7530120481927711,0.0,0.0
2026-04-01,NT230,"NUFFIELD HEALTH, NORTH STAFFORDSHIRE HOSPITAL",1228,487.0,13.0,3.0,0.0,39.65798045602606,1.0586319218241043,0.24429967426710095,0.0
2026-05-01,NT230,"NUFFIELD HEALTH, NORTH STAFFORDSHIRE HOSPITAL",1167,337.0,10.0,3.0,0.0,28.877463581833762,0.8568980291345331,0.2570694087403599,0.0
2026-06-01,NT230,"NUFFIELD HEALTH, NORTH STAFFORDSHIRE HOSPITAL",1071,335.0,8.0,1.0,0.0,31.279178338001866,0.7469654528478058,0.09337068160597572,0.0
2025-04-01,NT233,"NUFFIELD HEALTH, PLYMOUTH HOSPITAL",1022,448.0,5.0,0.0,0.0,43.83561643835616,0.4892367906066536,0.0,0.0
2025-05-01,NT233,"NUFFIELD HEALTH, PLYMOUTH HOSPITAL",996,487.0,6.0,0.0,0.0,48.895582329317264,0.6024096385542169,0.0,0.0
2025-06-01,NT233,"NUFFIELD HEALTH, PLYMOUTH HOSPITAL",902,407.0,16.0,0.0,0.0,45.1219512195122,1.7738359201773837,0.0,0.0
2025-07-01,NT233,"NUFFIELD HEALTH, PLYMOUTH HOSPITAL",979,351.0,9.0,0.0,0.0,35.85291113381001,0.9193054136874361,0.0,0.0
2025-08-01,NT233,"NUFFIELD HEALTH, PLYMOUTH HOSPITAL",998,326.0,14.0,0.0,0.0,32.66533066132264,1.402805611222445,0.0,0.0
2025-09-01,NT233,"NUFFIELD HEALTH, PLYMOUTH HOSPITAL",1035,349.0,12.0,1.0,0.0,33.71980676328503,1.1594202898550725,0.0966183574879227,0.0
2025-10-01,NT233,"NUFFIELD HEALTH, PLYMOUTH HOSPITAL",997,354.0,14.0,2.0,0.0,35.50651955867603,1.4042126379137412,0.20060180541624875,0.0
2025-11-01,NT233,"NUFFIELD HEALTH, PLYMOUTH HOSPITAL",981,340.0,16.0,2.0,0.0,34.6585117227319,1.6309887869520898,0.20387359836901123,0.0
2025-12-01,NT233,"NUFFIELD HEALTH, PLYMOUTH HOSPITAL",1060,372.0,16.0,3.0,0.0,35.094339622641506,1.509433962264151,0.2830188679245283,0.0
2026-01-01,NT233,"NUFFIELD HEALTH, PLYMOUTH HOSPITAL",950,341.0,13.0,1.0,0.0,35.89473684210526,1.368421052631579,0.10526315789473684,0.0
2026-02-01,NT233,"NUFFIELD HEALTH, PLYMOUTH HOSPITAL",933,340.0,7.0,1.0,0.0,36.441586280814576,0.7502679528403001,0.10718113612004287,0.0
2026-03-01,NT233,"NUFFIELD HEALTH, PLYMOUTH HOSPITAL",887,328.0,7.0,1.0,0.0,36.97857948139797,0.7891770011273956,0.11273957158962795,0.0
2026-04-01,NT233,"NUFFIELD HEALTH, PLYMOUTH HOSPITAL",946,338.0,9.0,0.0,0.0,35.72938689217759,0.9513742071881607,0.0,0.0
2026-05-01,NT233,"NUFFIELD HEALTH, PLYMOUTH HOSPITAL",1011,335.0,9.0,1.0,0.0,33.13550939663699,0.8902077151335311,0.09891196834817012,0.0
2026-06-01,NT233,"NUFFIELD HEALTH, PLYMOUTH HOSPITAL",1008,363.0,8.0,0.0,0.0,36.01190476190476,0.7936507936507936,0.0,0.0
2025-04-01,NT235,"NUFFIELD HEALTH, SHREWSBURY HOSPITAL",168,55.0,0.0,0.0,0.0,32.73809523809524,0.0,0.0,0.0
2025-05-01,NT235,"NUFFIELD HEALTH, SHREWSBURY HOSPITAL",179,63.0,0.0,0.0,0.0,35.19553072625698,0.0,0.0,0.0
2025-06-01,NT235,"NUFFIELD HEALTH, SHREWSBURY HOSPITAL",142,33.0,0.0,0.0,0.0,23.239436619718308,0.0,0.0,0.0
2025-07-01,NT235,"NUFFIELD HEALTH, SHREWSBURY HOSPITAL",158,20.0,0.0,0.0,0.0,12.658227848101266,0.0,0.0,0.0
2025-08-01,NT235,"NUFFIELD HEALTH, SHREWSBURY HOSPITAL",206,20.0,0.0,0.0,0.0,9.70873786407767,0.0,0.0,0.0
2025-09-01,NT235,"NUFFIELD HEALTH, SHREWSBURY HOSPITAL",259,16.0,0.0,0.0,0.0,6.177606177606178,0.0,0.0,0.0
2025-10-01,NT235,"NUFFIELD HEALTH, SHREWSBURY HOSPITAL",364,32.0,0.0,0.0,0.0,8.791208791208792,0.0,0.0,0.0
2025-11-01,NT235,"NUFFIELD HEALTH, SHREWSBURY HOSPITAL",482,34.0,0.0,0.0,0.0,7.053941908713693,0.0,0.0,0.0
2025-12-01,NT235,"NUFFIELD HEALTH, SHREWSBURY HOSPITAL",597,60.0,0.0,0.0,0.0,10.050251256281408,0.0,0.0,0.0
2026-01-01,NT235,"NUFFIELD HEALTH, SHREWSBURY HOSPITAL",567,80.0,0.0,0.0,0.0,14.109347442680775,0.0,0.0,0.0
2026-02-01,NT235,"NUFFIELD HEALTH, SHREWSBURY HOSPITAL",550,71.0,0.0,0.0,0.0,12.909090909090908,0.0,0.0,0.0
2026-03-01,NT235,"NUFFIELD HEALTH, SHREWSBURY HOSPITAL",462,77.0,0.0,0.0,0.0,16.666666666666664,0.0,0.0,0.0
2026-04-01,NT235,"NUFFIELD HEALTH, SHREWSBURY HOSPITAL",530,90.0,0.0,0.0,0.0,16.9811320754717,0.0,0.0,0.0
2026-05-01,NT235,"NUFFIELD HEALTH, SHREWSBURY HOSPITAL",614,90.0,0.0,0.0,0.0,14.65798045602606,0.0,0.0,0.0
2026-06-01,NT235,"NUFFIELD HEALTH, SHREWSBURY HOSPITAL",636,83.0,0.0,0.0,0.0,13.050314465408805,0.0,0.0,0.0
2025-04-01,NT237,"NUFFIELD HEALTH, TEES HOSPITAL",1436,409.0,0.0,0.0,0.0,28.481894150417826,0.0,0.0,0.0
2025-05-01,NT237,"NUFFIELD HEALTH, TEES HOSPITAL",1183,230.0,1.0,0.0,0.0,19.44209636517329,0.08453085376162299,0.0,0.0
2025-06-01,NT237,"NUFFIELD HEALTH, TEES HOSPITAL",1192,279.0,1.0,0.0,0.0,23.406040268456376,0.08389261744966443,0.0,0.0
2025-07-01,NT237,"NUFFIELD HEALTH, TEES HOSPITAL",1242,325.0,0.0,0.0,0.0,26.167471819645733,0.0,0.0,0.0
2025-08-01,NT237,"NUFFIELD HEALTH, TEES HOSPITAL",1280,372.0,0.0,0.0,0.0,29.062500000000004,0.0,0.0,0.0
2025-09-01,NT237,"NUFFIELD HEALTH, TEES HOSPITAL",1262,316.0,1.0,0.0,0.0,25.039619651347067,0.07923930269413629,0.0,0.0
2025-10-01,NT237,"NUFFIELD HEALTH, TEES HOSPITAL",1267,366.0,2.0,2.0,0.0,28.88713496448303,0.15785319652722968,0.15785319652722968,0.0
2025-11-01,NT237,"NUFFIELD HEALTH, TEES HOSPITAL",1269,295.0,0.0,0.0,0.0,23.246650906225376,0.0,0.0,0.0
2025-12-01,NT237,"NUFFIELD HEALTH, TEES HOSPITAL",1368,299.0,1.0,1.0,0.0,21.85672514619883,0.07309941520467836,0.07309941520467836,0.0
2026-01-01,NT237,"NUFFIELD HEALTH, TEES HOSPITAL",1424,358.0,2.0,0.0,0.0,25.140449438202246,0.1404494382022472,0.0,0.0
2026-02-01,NT237,"NUFFIELD HEALTH, TEES HOSPITAL",1548,414.0,1.0,0.0,0.0,26.744186046511626,0.06459948320413438,0.0,0.0
2026-03-01,NT237,"NUFFIELD HEALTH, TEES HOSPITAL",1642,491.0,2.0,1.0,0.0,29.90255785627284,0.12180267965895249,0.06090133982947624,0.0
2026-04-01,NT237,"NUFFIELD HEALTH, TEES HOSPITAL",1652,436.0,0.0,0.0,0.0,26.39225181598063,0.0,0.0,0.0
2026-05-01,NT237,"NUFFIELD HEALTH, TEES HOSPITAL",1683,374.0,0.0,0.0,0.0,22.22222222222222,0.0,0.0,0.0
2026-06-01,NT237,"NUFFIELD HEALTH, TEES HOSPITAL",1783,416.0,0.0,0.0,0.0,23.33146382501402,0.0,0.0,0.0
2025-04-01,NT238,"NUFFIELD HEALTH, TAUNTON HOSPITAL",279,123.0,16.0,2.0,0.0,44.086021505376344,5.734767025089606,0.7168458781362007,0.0
2025-05-01,NT238,"NUFFIELD HEALTH, TAUNTON HOSPITAL",279,121.0,24.0,2.0,0.0,43.36917562724014,8.60215053763441,0.7168458781362007,0.0
2025-06-01,NT238,"NUFFIELD HEALTH, TAUNTON HOSPITAL",254,101.0,21.0,5.0,0.0,39.76377952755906,8.267716535433072,1.968503937007874,0.0
2025-07-01,NT238,"NUFFIELD HEALTH, TAUNTON HOSPITAL",271,104.0,18.0,6.0,0.0,38.37638376383764,6.642066420664207,2.214022140221402,0.0
2025-08-01,NT238,"NUFFIELD HEALTH, TAUNTON HOSPITAL",273,102.0,13.0,7.0,0.0,37.362637362637365,4.761904761904762,2.564102564102564,0.0
2025-09-01,NT238,"NUFFIELD HEALTH, TAUNTON HOSPITAL",286,96.0,4.0,2.0,0.0,33.56643356643357,1.3986013986013985,0.6993006993006993,0.0
2025-10-01,NT238,"NUFFIELD HEALTH, TAUNTON HOSPITAL",306,107.0,5.0,1.0,0.0,34.967320261437905,1.6339869281045754,0.32679738562091504,0.0
2025-11-01,NT238,"NUFFIELD HEALTH, TAUNTON HOSPITAL",337,112.0,3.0,1.0,0.0,33.23442136498516,0.8902077151335311,0.2967359050445104,0.0
2025-12-01,NT238,"NUFFIELD HEALTH, TAUNTON HOSPITAL",464,197.0,25.0,15.0,0.0,42.456896551724135,5.387931034482758,3.2327586206896552,0.0
2026-01-01,NT238,"NUFFIELD HEALTH, TAUNTON HOSPITAL",472,186.0,24.0,8.0,0.0,39.40677966101695,5.084745762711865,1.694915254237288,0.0
2026-02-01,NT238,"NUFFIELD HEALTH, TAUNTON HOSPITAL",483,199.0,17.0,7.0,0.0,41.200828157349896,3.5196687370600417,1.4492753623188406,0.0
2026-03-01,NT238,"NUFFIELD HEALTH, TAUNTON HOSPITAL",467,186.0,4.0,1.0,0.0,39.82869379014989,0.8565310492505354,0.21413276231263384,0.0
2026-04-01,NT238,"NUFFIELD HEALTH, TAUNTON HOSPITAL",533,222.0,3.0,0.0,0.0,41.651031894934334,0.5628517823639775,0.0,0.0
2026-05-01,NT238,"NUFFIELD HEALTH, TAUNTON HOSPITAL",555,235.0,3.0,0.0,0.0,42.34234234234234,0.5405405405405406,0.0,0.0
2026-06-01,NT238,"NUFFIELD HEALTH, TAUNTON HOSPITAL",580,288.0,1.0,0.0,0.0,49.6551724137931,0.1724137931034483,0.0,0.0
2025-04-01,NT239,"NUFFIELD HEALTH, TUNBRIDGE WELLS HOSPITAL",158,71.0,9.0,0.0,0.0,44.936708860759495,5.69620253164557,0.0,0.0
2025-05-01,NT239,"NUFFIELD HEALTH, TUNBRIDGE WELLS HOSPITAL",222,103.0,3.0,0.0,0.0,46.3963963963964,1.3513513513513513,0.0,0.0
2025-06-01,NT239,"NUFFIELD HEALTH, TUNBRIDGE WELLS HOSPITAL",194,96.0,4.0,0.0,0.0,49.48453608247423,2.0618556701030926,0.0,0.0
2025-07-01,NT239,"NUFFIELD HEALTH, TUNBRIDGE WELLS HOSPITAL",159,86.0,4.0,1.0,0.0,54.088050314465406,2.515723270440252,0.628930817610063,0.0
2025-08-01,NT239,"NUFFIELD HEALTH, TUNBRIDGE WELLS HOSPITAL",133,65.0,2.0,0.0,0.0,48.87218045112782,1.5037593984962405,0.0,0.0
2025-09-01,NT239,"NUFFIELD HEALTH, TUNBRIDGE WELLS HOSPITAL",125,50.0,5.0,0.0,0.0,40.0,4.0,0.0,0.0
2025-10-01,NT239,"NUFFIELD HEALTH, TUNBRIDGE WELLS HOSPITAL",83,26.0,1.0,0.0,0.0,31.32530120481928,1.2048192771084338,0.0,0.0
2025-11-01,NT239,"NUFFIELD HEALTH, TUNBRIDGE WELLS HOSPITAL",81,16.0,0.0,0.0,0.0,19.753086419753085,0.0,0.0,0.0
2025-12-01,NT239,"NUFFIELD HEALTH, TUNBRIDGE WELLS HOSPITAL",135,51.0,35.0,12.0,0.0,37.77777777777778,25.925925925925924,8.88888888888889,0.0
2026-01-01,NT239,"NUFFIELD HEALTH, TUNBRIDGE WELLS HOSPITAL",135,66.0,47.0,17.0,0.0,48.888888888888886,34.81481481481482,12.592592592592592,0.0
2026-02-01,NT239,"NUFFIELD HEALTH, TUNBRIDGE WELLS HOSPITAL",198,110.0,64.0,14.0,0.0,55.55555555555556,32.323232323232325,7.07070707070707,0.0
2026-03-01,NT239,"NUFFIELD HEALTH, TUNBRIDGE WELLS HOSPITAL",72,26.0,11.0,2.0,0.0,36.11111111111111,15.277777777777779,2.7777777777777777,0.0
2026-04-01,NT239,"NUFFIELD HEALTH, TUNBRIDGE WELLS HOSPITAL",79,18.0,1.0,1.0,0.0,22.78481012658228,1.2658227848101267,1.2658227848101267,0.0
2026-05-01,NT239,"NUFFIELD HEALTH, TUNBRIDGE WELLS HOSPITAL",99,15.0,0.0,0.0,0.0,15.151515151515152,0.0,0.0,0.0
2026-06-01,NT239,"NUFFIELD HEALTH, TUNBRIDGE WELLS HOSPITAL",87,14.0,0.0,0.0,0.0,16.091954022988507,0.0,0.0,0.0
2025-04-01,NT241,"NUFFIELD HEALTH, WOKING HOSPITAL",642,207.0,59.0,16.0,0.0,32.242990654205606,9.190031152647975,2.4922118380062304,0.0
2025-05-01,NT241,"NUFFIELD HEALTH, WOKING HOSPITAL",536,248.0,70.0,24.0,1.0,46.26865671641791,13.059701492537313,4.477611940298507,0.18656716417910446
2025-06-01,NT241,"NUFFIELD HEALTH, WOKING HOSPITAL",472,210.0,53.0,24.0,1.0,44.49152542372881,11.228813559322035,5.084745762711865,0.211864406779661
2025-07-01,NT241,"NUFFIELD HEALTH, WOKING HOSPITAL",395,143.0,27.0,22.0,0.0,36.20253164556962,6.8354430379746836,5.5696202531645564,0.0
2025-08-01,NT241,"NUFFIELD HEALTH, WOKING HOSPITAL",485,191.0,84.0,45.0,0.0,39.381443298969074,17.31958762886598,9.278350515463918,0.0
2025-09-01,NT241,"NUFFIELD HEALTH, WOKING HOSPITAL",519,183.0,74.0,42.0,0.0,35.26011560693642,14.258188824662813,8.092485549132949,0.0
2025-10-01,NT241,"NUFFIELD HEALTH, WOKING HOSPITAL",514,173.0,61.0,35.0,0.0,33.65758754863813,11.86770428015564,6.809338521400778,0.0
2025-11-01,NT241,"NUFFIELD HEALTH, WOKING HOSPITAL",478,126.0,33.0,18.0,0.0,26.359832635983267,6.903765690376569,3.765690376569038,0.0
2025-12-01,NT241,"NUFFIELD HEALTH, WOKING HOSPITAL",287,47.0,20.0,7.0,0.0,16.376306620209057,6.968641114982578,2.4390243902439024,0.0
2026-01-01,NT241,"NUFFIELD HEALTH, WOKING HOSPITAL",244,52.0,25.0,13.0,0.0,21.311475409836063,10.245901639344263,5.327868852459016,0.0
2026-02-01,NT241,"NUFFIELD HEALTH, WOKING HOSPITAL",267,63.0,24.0,14.0,0.0,23.595505617977526,8.98876404494382,5.2434456928838955,0.0
2026-03-01,NT241,"NUFFIELD HEALTH, WOKING HOSPITAL",328,66.0,19.0,15.0,0.0,20.121951219512198,5.7926829268292686,4.573170731707317,0.0
2026-04-01,NT241,"NUFFIELD HEALTH, WOKING HOSPITAL",261,40.0,10.0,10.0,0.0,15.32567049808429,3.8314176245210727,3.8314176245210727,0.0
2026-05-01,NT241,"NUFFIELD HEALTH, WOKING HOSPITAL",377,42.0,3.0,3.0,0.0,11.140583554376658,0.7957559681697612,0.7957559681697612,0.0
2026-06-01,NT241,"NUFFIELD HEALTH, WOKING HOSPITAL",340,46.0,9.0,4.0,0.0,13.529411764705882,2.6470588235294117,1.1764705882352942,0.0
2025-04-01,NT242,"NUFFIELD HEALTH, WOLVERHAMPTON HOSPITAL",543,90.0,3.0,1.0,0.0,16.574585635359114,0.5524861878453038,0.1841620626151013,0.0
2025-05-01,NT242,"NUFFIELD HEALTH, WOLVERHAMPTON HOSPITAL",455,88.0,5.0,2.0,0.0,19.340659340659343,1.098901098901099,0.43956043956043955,0.0
2025-06-01,NT242,"NUFFIELD HEALTH, WOLVERHAMPTON HOSPITAL",490,100.0,3.0,2.0,0.0,20.408163265306122,0.6122448979591837,0.40816326530612246,0.0
2025-07-01,NT242,"NUFFIELD HEALTH, WOLVERHAMPTON HOSPITAL",454,103.0,0.0,0.0,0.0,22.687224669603523,0.0,0.0,0.0
2025-08-01,NT242,"NUFFIELD HEALTH, WOLVERHAMPTON HOSPITAL",474,100.0,2.0,0.0,0.0,21.09704641350211,0.42194092827004215,0.0,0.0
2025-09-01,NT242,"NUFFIELD HEALTH, WOLVERHAMPTON HOSPITAL",502,90.0,5.0,1.0,0.0,17.928286852589643,0.9960159362549801,0.199203187250996,0.0
2025-10-01,NT242,"NUFFIELD HEALTH, WOLVERHAMPTON HOSPITAL",545,88.0,3.0,0.0,0.0,16.14678899082569,0.5504587155963303,0.0,0.0
2025-11-01,NT242,"NUFFIELD HEALTH, WOLVERHAMPTON HOSPITAL",631,93.0,4.0,0.0,0.0,14.73851030110935,0.6339144215530903,0.0,0.0
2025-12-01,NT242,"NUFFIELD HEALTH, WOLVERHAMPTON HOSPITAL",665,111.0,2.0,0.0,0.0,16.691729323308273,0.30075187969924816,0.0,0.0
2026-01-01,NT242,"NUFFIELD HEALTH, WOLVERHAMPTON HOSPITAL",645,118.0,2.0,0.0,0.0,18.294573643410853,0.31007751937984496,0.0,0.0
2026-02-01,NT242,"NUFFIELD HEALTH, WOLVERHAMPTON HOSPITAL",647,124.0,0.0,0.0,0.0,19.165378670788254,0.0,0.0,0.0
2026-03-01,NT242,"NUFFIELD HEALTH, WOLVERHAMPTON HOSPITAL",606,145.0,1.0,0.0,0.0,23.927392739273927,0.16501650165016502,0.0,0.0
2026-04-01,NT242,"NUFFIELD HEALTH, WOLVERHAMPTON HOSPITAL",533,113.0,0.0,0.0,0.0,21.200750469043154,0.0,0.0,0.0
2026-05-01,NT242,"NUFFIELD HEALTH, WOLVERHAMPTON HOSPITAL",489,71.0,0.0,0.0,0.0,14.519427402862986,0.0,0.0,0.0
2026-06-01,NT242,"NUFFIELD HEALTH, WOLVERHAMPTON HOSPITAL",499,75.0,0.0,0.0,0.0,15.030060120240481,0.0,0.0,0.0
2025-04-01,NT244,NUFFIELD HOSPITAL OXFORD (THE MANOR),65,3.0,1.0,1.0,0.0,4.615384615384616,1.5384615384615385,1.5384615384615385,0.0
2025-05-01,NT244,NUFFIELD HOSPITAL OXFORD (THE MANOR),119,15.0,3.0,2.0,0.0,12.605042016806722,2.5210084033613445,1.680672268907563,0.0
2025-06-01,NT244,NUFFIELD HOSPITAL OXFORD (THE MANOR),103,16.0,1.0,1.0,0.0,15.53398058252427,0.9708737864077669,0.9708737864077669,0.0
2025-07-01,NT244,NUFFIELD HOSPITAL OXFORD (THE MANOR),106,9.0,1.0,1.0,0.0,8.49056603773585,0.9433962264150944,0.9433962264150944,0.0
2025-08-01,NT244,NUFFIELD HOSPITAL OXFORD (THE MANOR),113,11.0,1.0,1.0,0.0,9.734513274336283,0.8849557522123894,0.8849557522123894,0.0
2025-09-01,NT244,NUFFIELD HOSPITAL OXFORD (THE MANOR),115,20.0,1.0,1.0,0.0,17.391304347826086,0.8695652173913043,0.8695652173913043,0.0
2025-10-01,NT244,NUFFIELD HOSPITAL OXFORD (THE MANOR),127,32.0,0.0,0.0,0.0,25.196850393700785,0.0,0.0,0.0
2025-11-01,NT244,NUFFIELD HOSPITAL OXFORD (THE MANOR),121,31.0,0.0,0.0,0.0,25.6198347107438,0.0,0.0,0.0
2025-12-01,NT244,NUFFIELD HOSPITAL OXFORD (THE MANOR),102,10.0,0.0,0.0,0.0,9.803921568627452,0.0,0.0,0.0
2026-01-01,NT244,NUFFIELD HOSPITAL OXFORD (THE MANOR),93,15.0,0.0,0.0,0.0,16.129032258064516,0.0,0.0,0.0
2026-02-01,NT244,NUFFIELD HOSPITAL OXFORD (THE MANOR),101,19.0,0.0,0.0,0.0,18.81188118811881,0.0,0.0,0.0
2026-03-01,NT244,NUFFIELD HOSPITAL OXFORD (THE MANOR),92,15.0,0.0,0.0,0.0,16.304347826086957,0.0,0.0,0.0
2026-04-01,NT244,NUFFIELD HOSPITAL OXFORD (THE MANOR),82,11.0,0.0,0.0,0.0,13.414634146341465,0.0,0.0,0.0
2026-05-01,NT244,NUFFIELD HOSPITAL OXFORD (THE MANOR),106,17.0,0.0,0.0,0.0,16.037735849056602,0.0,0.0,0.0
2026-06-01,NT244,NUFFIELD HOSPITAL OXFORD (THE MANOR),113,21.0,0.0,0.0,0.0,18.58407079646018,0.0,0.0,0.0
2025-04-01,NT245,"NUFFIELD HEALTH, YORK HOSPITAL",542,107.0,0.0,0.0,0.0,19.74169741697417,0.0,0.0,0.0
2025-05-01,NT245,"NUFFIELD HEALTH, YORK HOSPITAL",624,89.0,1.0,0.0,0.0,14.262820512820513,0.16025641025641024,0.0,0.0
2025-06-01,NT245,"NUFFIELD HEALTH, YORK HOSPITAL",715,93.0,1.0,0.0,0.0,13.006993006993007,0.13986013986013987,0.0,0.0
2025-07-01,NT245,"NUFFIELD HEALTH, YORK HOSPITAL",864,102.0,5.0,0.0,0.0,11.805555555555555,0.5787037037037037,0.0,0.0
2025-08-01,NT245,"NUFFIELD HEALTH, YORK HOSPITAL",932,128.0,6.0,0.0,0.0,13.733905579399142,0.6437768240343348,0.0,0.0
2025-09-01,NT245,"NUFFIELD HEALTH, YORK HOSPITAL",978,150.0,4.0,0.0,0.0,15.337423312883436,0.408997955010225,0.0,0.0
2025-10-01,NT245,"NUFFIELD HEALTH, YORK HOSPITAL",1072,179.0,2.0,0.0,0.0,16.69776119402985,0.18656716417910446,0.0,0.0
2025-11-01,NT245,"NUFFIELD HEALTH, YORK HOSPITAL",1065,192.0,1.0,1.0,0.0,18.028169014084508,0.09389671361502347,0.09389671361502347,0.0
2025-12-01,NT245,"NUFFIELD HEALTH, YORK HOSPITAL",1079,215.0,1.0,0.0,0.0,19.925857275254867,0.09267840593141798,0.0,0.0
2026-01-01,NT245,"NUFFIELD HEALTH, YORK HOSPITAL",1094,254.0,1.0,0.0,0.0,23.217550274223033,0.09140767824497258,0.0,0.0
2026-02-01,NT245,"NUFFIELD HEALTH, YORK HOSPITAL",1147,305.0,0.0,0.0,0.0,26.591107236268524,0.0,0.0,0.0
2026-03-01,NT245,"NUFFIELD HEALTH, YORK HOSPITAL",1146,326.0,0.0,0.0,0.0,28.44677137870855,0.0,0.0,0.0
2026-04-01,NT245,"NUFFIELD HEALTH, YORK HOSPITAL",1193,316.0,1.0,0.0,0.0,26.487845766974015,0.08382229673093043,0.0,0.0
2026-05-01,NT245,"NUFFIELD HEALTH, YORK HOSPITAL",1279,312.0,2.0,0.0,0.0,24.39405785770133,0.1563721657544957,0.0,0.0
2026-06-01,NT245,"NUFFIELD HEALTH, YORK HOSPITAL",1358,399.0,3.0,0.0,0.0,29.381443298969074,0.22091310751104565,0.0,0.0
2025-04-01,NT301,SPIRE SOUTH BANK HOSPITAL,872,212.0,4.0,2.0,0.0,24.31192660550459,0.45871559633027525,0.22935779816513763,0.0
2025-05-01,NT301,SPIRE SOUTH BANK HOSPITAL,803,203.0,3.0,2.0,0.0,25.280199252801992,0.37359900373599003,0.24906600249066002,0.0
2025-06-01,NT301,SPIRE SOUTH BANK HOSPITAL,792,209.0,2.0,2.0,0.0,26.38888888888889,0.25252525252525254,0.25252525252525254,0.0
2025-07-01,NT301,SPIRE SOUTH BANK HOSPITAL,778,231.0,1.0,0.0,0.0,29.691516709511568,0.12853470437017994,0.0,0.0
2025-08-01,NT301,SPIRE SOUTH BANK HOSPITAL,864,251.0,2.0,0.0,0.0,29.050925925925924,0.23148148148148145,0.0,0.0
2025-09-01,NT301,SPIRE SOUTH BANK HOSPITAL,892,224.0,3.0,0.0,0.0,25.112107623318387,0.336322869955157,0.0,0.0
2025-10-01,NT301,SPIRE SOUTH BANK HOSPITAL,912,236.0,4.0,1.0,0.0,25.877192982456144,0.43859649122807015,0.10964912280701754,0.0
2025-11-01,NT301,SPIRE SOUTH BANK HOSPITAL,952,199.0,2.0,0.0,0.0,20.903361344537817,0.21008403361344538,0.0,0.0
2025-12-01,NT301,SPIRE SOUTH BANK HOSPITAL,961,201.0,4.0,1.0,0.0,20.915712799167537,0.41623309053069724,0.10405827263267431,0.0
2026-01-01,NT301,SPIRE SOUTH BANK HOSPITAL,951,216.0,2.0,0.0,0.0,22.71293375394322,0.2103049421661409,0.0,0.0
2026-02-01,NT301,SPIRE SOUTH BANK HOSPITAL,925,193.0,3.0,0.0,0.0,20.864864864864867,0.3243243243243243,0.0,0.0
2026-03-01,NT301,SPIRE SOUTH BANK HOSPITAL,842,199.0,3.0,0.0,0.0,23.634204275534444,0.35629453681710216,0.0,0.0
2026-04-01,NT301,SPIRE SOUTH BANK HOSPITAL,761,232.0,1.0,0.0,0.0,30.486202365308806,0.1314060446780552,0.0,0.0
2026-05-01,NT301,SPIRE SOUTH BANK HOSPITAL,748,257.0,1.0,1.0,0.0,34.35828877005348,0.1336898395721925,0.1336898395721925,0.0
2026-06-01,NT301,SPIRE SOUTH BANK HOSPITAL,657,233.0,1.0,1.0,0.0,35.46423135464231,0.15220700152207,0.15220700152207,0.0
2025-04-01,NT302,SPIRE BRISTOL HOSPITAL,742,272.0,2.0,0.0,0.0,36.65768194070081,0.2695417789757413,0.0,0.0
2025-05-01,NT302,SPIRE BRISTOL HOSPITAL,741,237.0,1.0,0.0,0.0,31.983805668016196,0.1349527665317139,0.0,0.0
2025-06-01,NT302,SPIRE BRISTOL HOSPITAL,775,260.0,2.0,0.0,0.0,33.5483870967742,0.25806451612903225,0.0,0.0
2025-07-01,NT302,SPIRE BRISTOL HOSPITAL,756,268.0,2.0,0.0,0.0,35.44973544973545,0.26455026455026454,0.0,0.0
2025-08-01,NT302,SPIRE BRISTOL HOSPITAL,762,258.0,3.0,0.0,0.0,33.85826771653544,0.39370078740157477,0.0,0.0
2025-09-01,NT302,SPIRE BRISTOL HOSPITAL,743,277.0,5.0,0.0,0.0,37.28129205921938,0.6729475100942126,0.0,0.0
2025-10-01,NT302,SPIRE BRISTOL HOSPITAL,746,255.0,3.0,1.0,0.0,34.18230563002681,0.40214477211796246,0.13404825737265416,0.0
2025-11-01,NT302,SPIRE BRISTOL HOSPITAL,728,272.0,10.0,1.0,0.0,37.362637362637365,1.3736263736263736,0.13736263736263737,0.0
2025-12-01,NT302,SPIRE BRISTOL HOSPITAL,798,315.0,8.0,0.0,0.0,39.473684210526315,1.0025062656641603,0.0,0.0
2026-01-01,NT302,SPIRE BRISTOL HOSPITAL,818,335.0,13.0,0.0,0.0,40.95354523227384,1.5892420537897312,0.0,0.0
2026-02-01,NT302,SPIRE BRISTOL HOSPITAL,843,348.0,12.0,1.0,0.0,41.281138790035584,1.4234875444839856,0.11862396204033215,0.0
2026-03-01,NT302,SPIRE BRISTOL HOSPITAL,755,344.0,8.0,0.0,0.0,45.562913907284766,1.0596026490066226,0.0,0.0
2026-04-01,NT302,SPIRE BRISTOL HOSPITAL,733,337.0,7.0,0.0,0.0,45.975443383356065,0.9549795361527967,0.0,0.0
2026-05-01,NT302,SPIRE BRISTOL HOSPITAL,794,331.0,11.0,0.0,0.0,41.68765743073048,1.385390428211587,0.0,0.0
2026-06-01,NT302,SPIRE BRISTOL HOSPITAL,800,356.0,11.0,0.0,0.0,44.5,1.375,0.0,0.0
2025-04-01,NT304,SPIRE SOUTHAMPTON HOSPITAL,575,246.0,7.0,0.0,0.0,42.78260869565217,1.2173913043478262,0.0,0.0
2025-05-01,NT304,SPIRE SOUTHAMPTON HOSPITAL,578,264.0,12.0,2.0,0.0,45.674740484429066,2.0761245674740483,0.34602076124567477,0.0
2025-06-01,NT304,SPIRE SOUTHAMPTON HOSPITAL,573,270.0,17.0,5.0,0.0,47.12041884816754,2.966841186736475,0.8726003490401396,0.0
2025-07-01,NT304,SPIRE SOUTHAMPTON HOSPITAL,553,317.0,25.0,7.0,0.0,57.32368896925859,4.520795660036167,1.2658227848101267,0.0
2025-08-01,NT304,SPIRE SOUTHAMPTON HOSPITAL,407,134.0,5.0,1.0,0.0,32.923832923832926,1.2285012285012284,0.2457002457002457,0.0
2025-09-01,NT304,SPIRE SOUTHAMPTON HOSPITAL,426,140.0,4.0,1.0,0.0,32.863849765258216,0.9389671361502347,0.2347417840375587,0.0
2025-10-01,NT304,SPIRE SOUTHAMPTON HOSPITAL,428,126.0,3.0,1.0,0.0,29.439252336448597,0.7009345794392523,0.23364485981308408,0.0
2025-11-01,NT304,SPIRE SOUTHAMPTON HOSPITAL,427,113.0,2.0,1.0,0.0,26.46370023419204,0.468384074941452,0.234192037470726,0.0
2025-12-01,NT304,SPIRE SOUTHAMPTON HOSPITAL,379,134.0,3.0,1.0,0.0,35.35620052770449,0.79155672823219,0.2638522427440633,0.0
2026-01-01,NT304,SPIRE SOUTHAMPTON HOSPITAL,367,208.0,4.0,0.0,0.0,56.675749318801095,1.08991825613079,0.0,0.0
2026-02-01,NT304,SPIRE SOUTHAMPTON HOSPITAL,358,226.0,5.0,1.0,0.0,63.128491620111724,1.3966480446927374,0.27932960893854747,0.0
2026-03-01,NT304,SPIRE SOUTHAMPTON HOSPITAL,352,268.0,11.0,0.0,0.0,76.13636363636364,3.125,0.0,0.0
2026-04-01,NT304,SPIRE SOUTHAMPTON HOSPITAL,307,214.0,6.0,1.0,0.0,69.70684039087948,1.9543973941368076,0.32573289902280134,0.0
2026-05-01,NT304,SPIRE SOUTHAMPTON HOSPITAL,238,105.0,6.0,0.0,0.0,44.11764705882353,2.5210084033613445,0.0,0.0
2026-06-01,NT304,SPIRE SOUTHAMPTON HOSPITAL,180,50.0,6.0,1.0,0.0,27.77777777777778,3.3333333333333335,0.5555555555555556,0.0
2025-04-01,NT305,SPIRE PORTSMOUTH HOSPITAL,397,102.0,2.0,0.0,0.0,25.692695214105793,0.5037783375314862,0.0,0.0
2025-05-01,NT305,SPIRE PORTSMOUTH HOSPITAL,355,64.0,0.0,0.0,0.0,18.028169014084508,0.0,0.0,0.0
2025-06-01,NT305,SPIRE PORTSMOUTH HOSPITAL,376,89.0,0.0,0.0,0.0,23.670212765957448,0.0,0.0,0.0
2025-07-01,NT305,SPIRE PORTSMOUTH HOSPITAL,440,90.0,1.0,0.0,0.0,20.454545454545457,0.22727272727272727,0.0,0.0
2025-08-01,NT305,SPIRE PORTSMOUTH HOSPITAL,418,113.0,1.0,0.0,0.0,27.033492822966508,0.23923444976076555,0.0,0.0
2025-09-01,NT305,SPIRE PORTSMOUTH HOSPITAL,476,93.0,0.0,0.0,0.0,19.537815126050422,0.0,0.0,0.0
2025-10-01,NT305,SPIRE PORTSMOUTH HOSPITAL,461,86.0,2.0,0.0,0.0,18.655097613882862,0.43383947939262474,0.0,0.0
2025-11-01,NT305,SPIRE PORTSMOUTH HOSPITAL,467,112.0,0.0,0.0,0.0,23.98286937901499,0.0,0.0,0.0
2025-12-01,NT305,SPIRE PORTSMOUTH HOSPITAL,447,143.0,0.0,0.0,0.0,31.991051454138702,0.0,0.0,0.0
2026-01-01,NT305,SPIRE PORTSMOUTH HOSPITAL,457,204.0,1.0,0.0,0.0,44.63894967177243,0.2188183807439825,0.0,0.0
2026-02-01,NT305,SPIRE PORTSMOUTH HOSPITAL,478,227.0,0.0,0.0,0.0,47.48953974895397,0.0,0.0,0.0
2026-03-01,NT305,SPIRE PORTSMOUTH HOSPITAL,460,258.0,0.0,0.0,0.0,56.086956521739125,0.0,0.0,0.0
2026-04-01,NT305,SPIRE PORTSMOUTH HOSPITAL,473,205.0,2.0,0.0,0.0,43.34038054968288,0.42283298097251587,0.0,0.0
2026-05-01,NT305,SPIRE PORTSMOUTH HOSPITAL,439,183.0,4.0,0.0,0.0,41.68564920273349,0.9111617312072893,0.0,0.0
2026-06-01,NT305,SPIRE PORTSMOUTH HOSPITAL,426,192.0,3.0,0.0,0.0,45.07042253521127,0.7042253521126761,0.0,0.0
2025-04-01,NT308,SPIRE GATWICK PARK HOSPITAL,1016,368.0,23.0,2.0,0.0,36.22047244094488,2.263779527559055,0.19685039370078738,0.0
2025-05-01,NT308,SPIRE GATWICK PARK HOSPITAL,994,320.0,23.0,3.0,0.0,32.19315895372233,2.3138832997987926,0.30181086519114686,0.0
2025-06-01,NT308,SPIRE GATWICK PARK HOSPITAL,1141,417.0,24.0,6.0,0.0,36.54688869412796,2.1034180543382996,0.5258545135845749,0.0
2025-07-01,NT308,SPIRE GATWICK PARK HOSPITAL,1013,340.0,23.0,6.0,0.0,33.563672260612044,2.270483711747285,0.5923000987166831,0.0
2025-08-01,NT308,SPIRE GATWICK PARK HOSPITAL,949,332.0,12.0,2.0,0.0,34.98419388830348,1.2644889357218125,0.21074815595363539,0.0
2025-09-01,NT308,SPIRE GATWICK PARK HOSPITAL,939,318.0,16.0,2.0,0.0,33.86581469648562,1.703940362087327,0.21299254526091588,0.0
2025-10-01,NT308,SPIRE GATWICK PARK HOSPITAL,1121,321.0,13.0,3.0,0.0,28.63514719000892,1.159678858162355,0.2676181980374665,0.0
2025-11-01,NT308,SPIRE GATWICK PARK HOSPITAL,1114,305.0,10.0,0.0,0.0,27.37881508078995,0.8976660682226212,0.0,0.0
2025-12-01,NT308,SPIRE GATWICK PARK HOSPITAL,1209,318.0,9.0,3.0,0.0,26.302729528535977,0.7444168734491315,0.24813895781637718,0.0
2026-01-01,NT308,SPIRE GATWICK PARK HOSPITAL,1140,335.0,7.0,1.0,0.0,29.385964912280706,0.6140350877192983,0.08771929824561403,0.0
2026-02-01,NT308,SPIRE GATWICK PARK HOSPITAL,1214,319.0,7.0,2.0,0.0,26.27677100494234,0.5766062602965404,0.16474464579901155,0.0
2026-03-01,NT308,SPIRE GATWICK PARK HOSPITAL,1274,310.0,9.0,4.0,0.0,24.332810047095762,0.7064364207221351,0.3139717425431711,0.0
2026-04-01,NT308,SPIRE GATWICK PARK HOSPITAL,1282,286.0,18.0,3.0,0.0,22.308892355694226,1.40405616224649,0.234009360374415,0.0
2026-05-01,NT308,SPIRE GATWICK PARK HOSPITAL,1411,302.0,24.0,4.0,0.0,21.40326009922041,1.700921332388377,0.28348688873139616,0.0
2026-06-01,NT308,SPIRE GATWICK PARK HOSPITAL,1417,272.0,26.0,9.0,0.0,19.195483415666903,1.834862385321101,0.6351446718419196,0.0
2025-04-01,NT30A,SPIRE NOTTINGHAM HOSPITAL,581,121.0,0.0,0.0,0.0,20.82616179001721,0.0,0.0,0.0
2025-05-01,NT30A,SPIRE NOTTINGHAM HOSPITAL,490,89.0,2.0,0.0,0.0,18.16326530612245,0.40816326530612246,0.0,0.0
2025-06-01,NT30A,SPIRE NOTTINGHAM HOSPITAL,522,107.0,2.0,0.0,0.0,20.49808429118774,0.38314176245210724,0.0,0.0
2025-07-01,NT30A,SPIRE NOTTINGHAM HOSPITAL,559,99.0,0.0,0.0,0.0,17.71019677996422,0.0,0.0,0.0
2025-08-01,NT30A,SPIRE NOTTINGHAM HOSPITAL,626,103.0,1.0,0.0,0.0,16.45367412140575,0.1597444089456869,0.0,0.0
2025-09-01,NT30A,SPIRE NOTTINGHAM HOSPITAL,709,93.0,2.0,0.0,0.0,13.117066290550069,0.2820874471086037,0.0,0.0
2025-10-01,NT30A,SPIRE NOTTINGHAM HOSPITAL,722,91.0,0.0,0.0,0.0,12.60387811634349,0.0,0.0,0.0
2025-11-01,NT30A,SPIRE NOTTINGHAM HOSPITAL,764,79.0,0.0,0.0,0.0,10.340314136125654,0.0,0.0,0.0
2025-12-01,NT30A,SPIRE NOTTINGHAM HOSPITAL,780,80.0,0.0,0.0,0.0,10.256410256410255,0.0,0.0,0.0
2026-01-01,NT30A,SPIRE NOTTINGHAM HOSPITAL,774,80.0,0.0,0.0,0.0,10.335917312661499,0.0,0.0,0.0
2026-02-01,NT30A,SPIRE NOTTINGHAM HOSPITAL,744,93.0,1.0,0.0,0.0,12.5,0.13440860215053765,0.0,0.0
2026-03-01,NT30A,SPIRE NOTTINGHAM HOSPITAL,695,135.0,1.0,0.0,0.0,19.424460431654676,0.14388489208633093,0.0,0.0
2026-04-01,NT30A,SPIRE NOTTINGHAM HOSPITAL,625,110.0,0.0,0.0,0.0,17.599999999999998,0.0,0.0,0.0
2026-05-01,NT30A,SPIRE NOTTINGHAM HOSPITAL,644,132.0,1.0,0.0,0.0,20.496894409937887,0.15527950310559005,0.0,0.0
2026-06-01,NT30A,SPIRE NOTTINGHAM HOSPITAL,652,146.0,1.0,0.0,0.0,22.392638036809817,0.15337423312883436,0.0,0.0
2025-04-01,NT312,SPIRE ALEXANDRA HOSPITAL,1506,130.0,0.0,0.0,0.0,8.632138114209829,0.0,0.0,0.0
2025-05-01,NT312,SPIRE ALEXANDRA HOSPITAL,1438,160.0,0.0,0.0,0.0,11.126564673157164,0.0,0.0,0.0
2025-06-01,NT312,SPIRE ALEXANDRA HOSPITAL,1476,172.0,1.0,0.0,0.0,11.653116531165312,0.06775067750677506,0.0,0.0
2025-07-01,NT312,SPIRE ALEXANDRA HOSPITAL,1336,333.0,2.0,0.0,0.0,24.9251497005988,0.14970059880239522,0.0,0.0
2025-08-01,NT312,SPIRE ALEXANDRA HOSPITAL,1105,207.0,3.0,0.0,0.0,18.733031674208146,0.27149321266968324,0.0,0.0
2025-09-01,NT312,SPIRE ALEXANDRA HOSPITAL,1155,221.0,3.0,0.0,0.0,19.134199134199132,0.2597402597402597,0.0,0.0
2025-10-01,NT312,SPIRE ALEXANDRA HOSPITAL,1095,230.0,1.0,0.0,0.0,21.00456621004566,0.091324200913242,0.0,0.0
2025-11-01,NT312,SPIRE ALEXANDRA HOSPITAL,1309,276.0,3.0,1.0,0.0,21.08479755538579,0.2291825821237586,0.07639419404125286,0.0
2025-12-01,NT312,SPIRE ALEXANDRA HOSPITAL,1404,316.0,1.0,0.0,0.0,22.507122507122507,0.07122507122507123,0.0,0.0
2026-01-01,NT312,SPIRE ALEXANDRA HOSPITAL,1155,235.0,1.0,0.0,0.0,20.346320346320347,0.08658008658008658,0.0,0.0
2026-02-01,NT312,SPIRE ALEXANDRA HOSPITAL,1241,241.0,1.0,0.0,0.0,19.419822723609993,0.08058017727639001,0.0,0.0
2026-03-01,NT312,SPIRE ALEXANDRA HOSPITAL,1107,241.0,1.0,0.0,0.0,21.77055103884372,0.09033423667570009,0.0,0.0
2026-04-01,NT312,SPIRE ALEXANDRA HOSPITAL,995,237.0,3.0,0.0,0.0,23.819095477386934,0.3015075376884422,0.0,0.0
2026-05-01,NT312,SPIRE ALEXANDRA HOSPITAL,1401,331.0,7.0,0.0,0.0,23.625981441827264,0.4996431120628123,0.0,0.0
2026-06-01,NT312,SPIRE ALEXANDRA HOSPITAL,1402,336.0,5.0,1.0,0.0,23.96576319543509,0.3566333808844508,0.07132667617689016,0.0
2025-04-01,NT313,SPIRE WELLESLEY HOSPITAL,1228,697.0,8.0,0.0,0.0,56.75895765472313,0.6514657980456027,0.0,0.0
2025-05-01,NT313,SPIRE WELLESLEY HOSPITAL,1192,749.0,13.0,0.0,0.0,62.83557046979866,1.0906040268456376,0.0,0.0
2025-06-01,NT313,SPIRE WELLESLEY HOSPITAL,1329,856.0,17.0,0.0,0.0,64.40933032355154,1.2791572610985704,0.0,0.0
2025-07-01,NT313,SPIRE WELLESLEY HOSPITAL,1148,679.0,22.0,4.0,0.0,59.14634146341463,1.9163763066202089,0.34843205574912894,0.0
2025-08-01,NT313,SPIRE WELLESLEY HOSPITAL,1091,624.0,26.0,4.0,0.0,57.19523373052245,2.383134738771769,0.36663611365719523,0.0
2025-09-01,NT313,SPIRE WELLESLEY HOSPITAL,1038,580.0,29.0,1.0,0.0,55.8766859344894,2.7938342967244703,0.09633911368015415,0.0
2025-10-01,NT313,SPIRE WELLESLEY HOSPITAL,1096,582.0,32.0,3.0,0.0,53.102189781021906,2.9197080291970803,0.2737226277372263,0.0
2025-11-01,NT313,SPIRE WELLESLEY HOSPITAL,1068,545.0,25.0,3.0,0.0,51.02996254681648,2.3408239700374533,0.2808988764044944,0.0
2025-12-01,NT313,SPIRE WELLESLEY HOSPITAL,1011,524.0,15.0,0.0,0.0,51.82987141444114,1.483679525222552,0.0,0.0
2026-01-01,NT313,SPIRE WELLESLEY HOSPITAL,1313,594.0,19.0,0.0,0.0,45.23990860624524,1.4470677837014472,0.0,0.0
2026-02-01,NT313,SPIRE WELLESLEY HOSPITAL,1347,558.0,30.0,1.0,0.0,41.42538975501114,2.2271714922048997,0.07423904974016332,0.0
2026-03-01,NT313,SPIRE WELLESLEY HOSPITAL,1170,452.0,27.0,1.0,0.0,38.63247863247864,2.307692307692308,0.08547008547008547,0.0
2026-04-01,NT313,SPIRE WELLESLEY HOSPITAL,1179,418.0,14.0,0.0,0.0,35.453774385072094,1.1874469889737065,0.0,0.0
2026-05-01,NT313,SPIRE WELLESLEY HOSPITAL,1118,451.0,11.0,0.0,0.0,40.33989266547406,0.9838998211091234,0.0,0.0
2026-06-01,NT313,SPIRE WELLESLEY HOSPITAL,1070,442.0,6.0,0.0,0.0,41.308411214953274,0.5607476635514018,0.0,0.0
2025-04-01,NT314,SPIRE LONDON EAST,2559,655.0,11.0,2.0,0.0,25.595935912465805,0.4298554122704181,0.07815552950371239,0.0
2025-05-01,NT314,SPIRE LONDON EAST,2317,634.0,10.0,2.0,0.0,27.36296935692706,0.43159257660768235,0.08631851532153648,0.0
2025-06-01,NT314,SPIRE LONDON EAST,2229,728.0,9.0,2.0,0.0,32.66038582323912,0.4037685060565276,0.08972633467922835,0.0
2025-07-01,NT314,SPIRE LONDON EAST,2433,817.0,10.0,0.0,0.0,33.57994245787094,0.4110152075626798,0.0,0.0
2025-08-01,NT314,SPIRE LONDON EAST,2453,861.0,12.0,1.0,0.0,35.09987770077456,0.48919690175295555,0.040766408479412965,0.0
2025-09-01,NT314,SPIRE LONDON EAST,2829,959.0,13.0,0.0,0.0,33.898904206433365,0.45952633439377877,0.0,0.0
2025-10-01,NT314,SPIRE LONDON EAST,2537,986.0,19.0,1.0,0.0,38.864800945999214,0.7489160425699646,0.039416633819471816,0.0
2025-11-01,NT314,SPIRE LONDON EAST,2578,1059.0,21.0,2.0,0.0,41.078355314197054,0.8145849495733126,0.07757951900698215,0.0
2025-12-01,NT314,SPIRE LONDON EAST,3019,1065.0,18.0,5.0,0.0,35.27658164955283,0.5962239152037099,0.16561775422325273,0.0
2026-01-01,NT314,SPIRE LONDON EAST,2761,1085.0,28.0,4.0,0.0,39.29735603042376,1.0141253169141615,0.14487504527345166,0.0
2026-02-01,NT314,SPIRE LONDON EAST,2787,1224.0,22.0,3.0,0.0,43.91819160387514,0.7893792608539648,0.1076426264800861,0.0
2026-03-01,NT314,SPIRE LONDON EAST,3296,1305.0,36.0,3.0,0.0,39.59344660194174,1.0922330097087378,0.09101941747572816,0.0
2026-04-01,NT314,SPIRE LONDON EAST,3436,1266.0,47.0,2.0,0.0,36.84516880093132,1.3678696158323633,0.05820721769499418,0.0
2026-05-01,NT314,SPIRE LONDON EAST,3390,1398.0,64.0,2.0,0.0,41.23893805309734,1.887905604719764,0.058997050147492625,0.0
2026-06-01,NT314,SPIRE LONDON EAST,3521,1504.0,81.0,5.0,0.0,42.71513774495882,2.300482817381426,0.1420051121840386,0.0
2025-04-01,NT315,SPIRE BUSHEY HOSPITAL,847,9.0,0.0,0.0,0.0,1.062573789846517,0.0,0.0,0.0
2025-05-01,NT315,SPIRE BUSHEY HOSPITAL,800,6.0,0.0,0.0,0.0,0.75,0.0,0.0,0.0
2025-06-01,NT315,SPIRE BUSHEY HOSPITAL,828,12.0,0.0,0.0,0.0,1.4492753623188406,0.0,0.0,0.0
2025-07-01,NT315,SPIRE BUSHEY HOSPITAL,948,15.0,0.0,0.0,0.0,1.5822784810126582,0.0,0.0,0.0
2025-08-01,NT315,SPIRE BUSHEY HOSPITAL,935,12.0,0.0,0.0,0.0,1.2834224598930482,0.0,0.0,0.0
2025-09-01,NT315,SPIRE BUSHEY HOSPITAL,977,12.0,0.0,0.0,0.0,1.2282497441146365,0.0,0.0,0.0
2025-10-01,NT315,SPIRE BUSHEY HOSPITAL,1051,22.0,0.0,0.0,0.0,2.093244529019981,0.0,0.0,0.0
2025-11-01,NT315,SPIRE BUSHEY HOSPITAL,1157,20.0,0.0,0.0,0.0,1.728608470181504,0.0,0.0,0.0
2025-12-01,NT315,SPIRE BUSHEY HOSPITAL,1131,23.0,0.0,0.0,0.0,2.033598585322723,0.0,0.0,0.0
2026-01-01,NT315,SPIRE BUSHEY HOSPITAL,1232,18.0,0.0,0.0,0.0,1.461038961038961,0.0,0.0,0.0
2026-02-01,NT315,SPIRE BUSHEY HOSPITAL,1132,51.0,0.0,0.0,0.0,4.5053003533568905,0.0,0.0,0.0
2026-03-01,NT315,SPIRE BUSHEY HOSPITAL,1249,138.0,0.0,0.0,0.0,11.048839071257005,0.0,0.0,0.0
2026-04-01,NT315,SPIRE BUSHEY HOSPITAL,1078,59.0,0.0,0.0,0.0,5.4730983302411875,0.0,0.0,0.0
2026-05-01,NT315,SPIRE BUSHEY HOSPITAL,1122,71.0,0.0,0.0,0.0,6.327985739750446,0.0,0.0,0.0
2026-06-01,NT315,SPIRE BUSHEY HOSPITAL,1138,81.0,0.0,0.0,0.0,7.117750439367311,0.0,0.0,0.0
2025-04-01,NT316,SPIRE HARPENDEN HOSPITAL,620,15.0,0.0,0.0,0.0,2.4193548387096775,0.0,0.0,0.0
2025-05-01,NT316,SPIRE HARPENDEN HOSPITAL,496,12.0,0.0,0.0,0.0,2.4193548387096775,0.0,0.0,0.0
2025-06-01,NT316,SPIRE HARPENDEN HOSPITAL,488,18.0,0.0,0.0,0.0,3.6885245901639343,0.0,0.0,0.0
2025-07-01,NT316,SPIRE HARPENDEN HOSPITAL,501,21.0,0.0,0.0,0.0,4.191616766467066,0.0,0.0,0.0
2025-08-01,NT316,SPIRE HARPENDEN HOSPITAL,536,22.0,0.0,0.0,0.0,4.104477611940299,0.0,0.0,0.0
2025-09-01,NT316,SPIRE HARPENDEN HOSPITAL,562,29.0,0.0,0.0,0.0,5.160142348754448,0.0,0.0,0.0
2025-10-01,NT316,SPIRE HARPENDEN HOSPITAL,506,25.0,0.0,0.0,0.0,4.940711462450593,0.0,0.0,0.0
2025-11-01,NT316,SPIRE HARPENDEN HOSPITAL,502,38.0,0.0,0.0,0.0,7.569721115537849,0.0,0.0,0.0
2025-12-01,NT316,SPIRE HARPENDEN HOSPITAL,462,49.0,0.0,0.0,0.0,10.606060606060606,0.0,0.0,0.0
2026-01-01,NT316,SPIRE HARPENDEN HOSPITAL,616,69.0,0.0,0.0,0.0,11.2012987012987,0.0,0.0,0.0
2026-02-01,NT316,SPIRE HARPENDEN HOSPITAL,779,86.0,0.0,0.0,0.0,11.0397946084724,0.0,0.0,0.0
2026-03-01,NT316,SPIRE HARPENDEN HOSPITAL,907,140.0,0.0,0.0,0.0,15.43550165380375,0.0,0.0,0.0
2026-04-01,NT316,SPIRE HARPENDEN HOSPITAL,714,114.0,0.0,0.0,0.0,15.966386554621847,0.0,0.0,0.0
2026-05-01,NT316,SPIRE HARPENDEN HOSPITAL,761,119.0,0.0,0.0,0.0,15.637319316688567,0.0,0.0,0.0
2026-06-01,NT316,SPIRE HARPENDEN HOSPITAL,679,88.0,1.0,0.0,0.0,12.960235640648014,0.14727540500736377,0.0,0.0
2025-04-01,NT317,SPIRE CAMBRIDGE LEA HOSPITAL,342,108.0,2.0,1.0,0.0,31.57894736842105,0.5847953216374269,0.29239766081871343,0.0
2025-05-01,NT317,SPIRE CAMBRIDGE LEA HOSPITAL,383,87.0,1.0,0.0,0.0,22.715404699738905,0.26109660574412535,0.0,0.0
2025-06-01,NT317,SPIRE CAMBRIDGE LEA HOSPITAL,394,88.0,0.0,0.0,0.0,22.33502538071066,0.0,0.0,0.0
2025-07-01,NT317,SPIRE CAMBRIDGE LEA HOSPITAL,434,80.0,2.0,0.0,0.0,18.433179723502306,0.4608294930875576,0.0,0.0
2025-08-01,NT317,SPIRE CAMBRIDGE LEA HOSPITAL,353,64.0,3.0,0.0,0.0,18.13031161473088,0.84985835694051,0.0,0.0
2025-09-01,NT317,SPIRE CAMBRIDGE LEA HOSPITAL,340,72.0,4.0,0.0,0.0,21.176470588235293,1.1764705882352942,0.0,0.0
2025-10-01,NT317,SPIRE CAMBRIDGE LEA HOSPITAL,320,82.0,3.0,1.0,0.0,25.624999999999996,0.9375,0.3125,0.0
2025-11-01,NT317,SPIRE CAMBRIDGE LEA HOSPITAL,334,88.0,1.0,1.0,0.0,26.34730538922156,0.29940119760479045,0.29940119760479045,0.0
2025-12-01,NT317,SPIRE CAMBRIDGE LEA HOSPITAL,275,76.0,1.0,0.0,0.0,27.636363636363637,0.36363636363636365,0.0,0.0
2026-01-01,NT317,SPIRE CAMBRIDGE LEA HOSPITAL,209,63.0,2.0,0.0,0.0,30.14354066985646,0.9569377990430622,0.0,0.0
2026-02-01,NT317,SPIRE CAMBRIDGE LEA HOSPITAL,260,95.0,3.0,0.0,0.0,36.53846153846153,1.153846153846154,0.0,0.0
2026-03-01,NT317,SPIRE CAMBRIDGE LEA HOSPITAL,316,135.0,5.0,1.0,0.0,42.721518987341774,1.5822784810126582,0.31645569620253167,0.0
2026-04-01,NT317,SPIRE CAMBRIDGE LEA HOSPITAL,309,126.0,2.0,1.0,0.0,40.77669902912621,0.6472491909385114,0.3236245954692557,0.0
2026-05-01,NT317,SPIRE CAMBRIDGE LEA HOSPITAL,382,112.0,2.0,2.0,0.0,29.31937172774869,0.5235602094240838,0.5235602094240838,0.0
2026-06-01,NT317,SPIRE CAMBRIDGE LEA HOSPITAL,428,123.0,3.0,0.0,0.0,28.738317757009348,0.7009345794392523,0.0,0.0
2025-04-01,NT318,SPIRE NORWICH HOSPITAL,451,56.0,3.0,0.0,0.0,12.416851441241686,0.6651884700665188,0.0,0.0
2025-05-01,NT318,SPIRE NORWICH HOSPITAL,513,51.0,2.0,0.0,0.0,9.941520467836257,0.3898635477582846,0.0,0.0
2025-06-01,NT318,SPIRE NORWICH HOSPITAL,544,35.0,2.0,0.0,0.0,6.4338235294117645,0.3676470588235294,0.0,0.0
2025-07-01,NT318,SPIRE NORWICH HOSPITAL,480,82.0,2.0,0.0,0.0,17.083333333333332,0.4166666666666667,0.0,0.0
2025-08-01,NT318,SPIRE NORWICH HOSPITAL,548,65.0,1.0,0.0,0.0,11.861313868613138,0.18248175182481752,0.0,0.0
2025-09-01,NT318,SPIRE NORWICH HOSPITAL,551,46.0,1.0,0.0,0.0,8.348457350272232,0.18148820326678766,0.0,0.0
2025-10-01,NT318,SPIRE NORWICH HOSPITAL,452,35.0,0.0,0.0,0.0,7.7433628318584065,0.0,0.0,0.0
2025-11-01,NT318,SPIRE NORWICH HOSPITAL,499,39.0,1.0,0.0,0.0,7.8156312625250495,0.2004008016032064,0.0,0.0
2025-12-01,NT318,SPIRE NORWICH HOSPITAL,441,0.0,0.0,0.0,0.0,0.0,0.0,0.0,0.0
2026-01-01,NT318,SPIRE NORWICH HOSPITAL,542,31.0,0.0,0.0,0.0,5.719557195571956,0.0,0.0,0.0
2026-02-01,NT318,SPIRE NORWICH HOSPITAL,639,27.0,0.0,0.0,0.0,4.225352112676056,0.0,0.0,0.0
2026-03-01,NT318,SPIRE NORWICH HOSPITAL,957,207.0,1.0,0.0,0.0,21.630094043887148,0.10449320794148381,0.0,0.0
2026-04-01,NT318,SPIRE NORWICH HOSPITAL,974,228.0,2.0,0.0,0.0,23.408624229979466,0.20533880903490762,0.0,0.0
2026-05-01,NT318,SPIRE NORWICH HOSPITAL,923,249.0,1.0,1.0,0.0,26.977248104008666,0.10834236186348861,0.10834236186348861,0.0
2026-06-01,NT318,SPIRE NORWICH HOSPITAL,765,228.0,2.0,2.0,0.0,29.80392156862745,0.261437908496732,0.261437908496732,0.0
2025-04-01,NT319,SPIRE HARTSWOOD HOSPITAL,1499,410.0,6.0,0.0,0.0,27.351567711807874,0.40026684456304207,0.0,0.0
2025-05-01,NT319,SPIRE HARTSWOOD HOSPITAL,1426,386.0,4.0,0.0,0.0,27.068723702664798,0.2805049088359046,0.0,0.0
2025-06-01,NT319,SPIRE HARTSWOOD HOSPITAL,1410,431.0,8.0,0.0,0.0,30.56737588652482,0.5673758865248227,0.0,0.0
2025-07-01,NT319,SPIRE HARTSWOOD HOSPITAL,1390,507.0,22.0,21.0,0.0,36.47482014388489,1.5827338129496402,1.5107913669064748,0.0
2025-08-01,NT319,SPIRE HARTSWOOD HOSPITAL,1399,436.0,14.0,10.0,0.0,31.165117941386704,1.0007147962830594,0.7147962830593281,0.0
2025-09-01,NT319,SPIRE HARTSWOOD HOSPITAL,1271,371.0,2.0,1.0,0.0,29.189614476789927,0.15735641227380015,0.07867820613690008,0.0
2025-10-01,NT319,SPIRE HARTSWOOD HOSPITAL,1214,374.0,3.0,0.0,0.0,30.807248764415156,0.2471169686985173,0.0,0.0
2025-11-01,NT319,SPIRE HARTSWOOD HOSPITAL,1186,324.0,2.0,0.0,0.0,27.318718381112983,0.16863406408094433,0.0,0.0
2025-12-01,NT319,SPIRE HARTSWOOD HOSPITAL,1094,311.0,2.0,2.0,0.0,28.427787934186473,0.18281535648994515,0.18281535648994515,0.0
2026-01-01,NT319,SPIRE HARTSWOOD HOSPITAL,1270,356.0,3.0,0.0,0.0,28.03149606299213,0.23622047244094488,0.0,0.0
2026-02-01,NT319,SPIRE HARTSWOOD HOSPITAL,1377,380.0,6.0,0.0,0.0,27.596223674655047,0.4357298474945534,0.0,0.0
2026-03-01,NT319,SPIRE HARTSWOOD HOSPITAL,1175,321.0,2.0,0.0,0.0,27.319148936170212,0.1702127659574468,0.0,0.0
2026-04-01,NT319,SPIRE HARTSWOOD HOSPITAL,1074,289.0,2.0,0.0,0.0,26.908752327746743,0.186219739292365,0.0,0.0
2026-05-01,NT319,SPIRE HARTSWOOD HOSPITAL,1003,336.0,3.0,0.0,0.0,33.499501495513464,0.29910269192422734,0.0,0.0
2026-06-01,NT319,SPIRE HARTSWOOD HOSPITAL,954,313.0,2.0,0.0,0.0,32.80922431865828,0.20964360587002098,0.0,0.0
2025-04-01,NT320,SPIRE PARKWAY HOSPITAL,1229,265.0,17.0,13.0,1.0,21.562245728234338,1.3832384052074858,1.0577705451586654,0.08136696501220504
2025-05-01,NT320,SPIRE PARKWAY HOSPITAL,1235,234.0,15.0,12.0,1.0,18.947368421052634,1.214574898785425,0.9716599190283401,0.08097165991902834
2025-06-01,NT320,SPIRE PARKWAY HOSPITAL,1260,226.0,8.0,5.0,0.0,17.936507936507937,0.6349206349206349,0.3968253968253968,0.0
2025-07-01,NT320,SPIRE PARKWAY HOSPITAL,1216,300.0,8.0,3.0,0.0,24.671052631578945,0.6578947368421052,0.24671052631578946,0.0
2025-08-01,NT320,SPIRE PARKWAY HOSPITAL,1322,346.0,6.0,2.0,0.0,26.172465960665658,0.45385779122541603,0.15128593040847202,0.0
2025-09-01,NT320,SPIRE PARKWAY HOSPITAL,1554,418.0,6.0,2.0,0.0,26.898326898326896,0.3861003861003861,0.1287001287001287,0.0
2025-10-01,NT320,SPIRE PARKWAY HOSPITAL,1588,490.0,5.0,0.0,0.0,30.856423173803528,0.3148614609571789,0.0,0.0
2025-11-01,NT320,SPIRE PARKWAY HOSPITAL,1554,523.0,3.0,1.0,0.0,33.65508365508366,0.19305019305019305,0.06435006435006435,0.0
2025-12-01,NT320,SPIRE PARKWAY HOSPITAL,1383,481.0,1.0,1.0,0.0,34.77946493130875,0.07230657989877079,0.07230657989877079,0.0
2026-01-01,NT320,SPIRE PARKWAY HOSPITAL,1373,435.0,2.0,1.0,0.0,31.68244719592134,0.14566642388929352,0.07283321194464676,0.0
2026-02-01,NT320,SPIRE PARKWAY HOSPITAL,1435,436.0,9.0,1.0,0.0,30.383275261324044,0.627177700348432,0.06968641114982578,0.0
2026-03-01,NT320,SPIRE PARKWAY HOSPITAL,1476,465.0,16.0,1.0,0.0,31.50406504065041,1.084010840108401,0.06775067750677506,0.0
2026-04-01,NT320,SPIRE PARKWAY HOSPITAL,1371,369.0,19.0,2.0,0.0,26.914660831509845,1.3858497447118892,0.14587892049598833,0.0
2026-05-01,NT320,SPIRE PARKWAY HOSPITAL,1300,406.0,24.0,6.0,0.0,31.23076923076923,1.8461538461538463,0.46153846153846156,0.0
2026-06-01,NT320,SPIRE PARKWAY HOSPITAL,1226,425.0,34.0,6.0,0.0,34.66557911908646,2.7732463295269167,0.48939641109298526,0.0
2025-04-01,NT321,SPIRE LITTLE ASTON HOSPITAL,1706,285.0,1.0,0.0,0.0,16.705744431418523,0.058616647127784284,0.0,0.0
2025-05-01,NT321,SPIRE LITTLE ASTON HOSPITAL,1606,316.0,3.0,0.0,0.0,19.676214196762142,0.18679950186799502,0.0,0.0
2025-06-01,NT321,SPIRE LITTLE ASTON HOSPITAL,1538,317.0,11.0,1.0,0.0,20.611183355006503,0.7152145643693107,0.06501950585175553,0.0
2025-07-01,NT321,SPIRE LITTLE ASTON HOSPITAL,1464,293.0,7.0,0.0,0.0,20.01366120218579,0.47814207650273227,0.0,0.0
2025-08-01,NT321,SPIRE LITTLE ASTON HOSPITAL,1343,243.0,5.0,0.0,0.0,18.093819806403573,0.37230081906180196,0.0,0.0
2025-09-01,NT321,SPIRE LITTLE ASTON HOSPITAL,1313,216.0,4.0,0.0,0.0,16.450875856816452,0.30464584920030463,0.0,0.0
2025-10-01,NT321,SPIRE LITTLE ASTON HOSPITAL,1286,234.0,3.0,1.0,0.0,18.195956454121305,0.23328149300155523,0.07776049766718507,0.0
2025-11-01,NT321,SPIRE LITTLE ASTON HOSPITAL,1212,191.0,1.0,0.0,0.0,15.75907590759076,0.08250825082508251,0.0,0.0
2025-12-01,NT321,SPIRE LITTLE ASTON HOSPITAL,1215,160.0,4.0,0.0,0.0,13.168724279835391,0.3292181069958848,0.0,0.0
2026-01-01,NT321,SPIRE LITTLE ASTON HOSPITAL,1342,228.0,6.0,0.0,0.0,16.98956780923994,0.44709388971684055,0.0,0.0
2026-02-01,NT321,SPIRE LITTLE ASTON HOSPITAL,1474,333.0,8.0,0.0,0.0,22.59158751696065,0.5427408412483039,0.0,0.0
2026-03-01,NT321,SPIRE LITTLE ASTON HOSPITAL,1339,392.0,6.0,1.0,0.0,29.2755787901419,0.4480955937266617,0.07468259895444362,0.0
2026-04-01,NT321,SPIRE LITTLE ASTON HOSPITAL,1185,381.0,7.0,2.0,0.0,32.151898734177216,0.5907172995780591,0.16877637130801687,0.0
2026-05-01,NT321,SPIRE LITTLE ASTON HOSPITAL,1353,395.0,11.0,3.0,0.0,29.194382852919436,0.8130081300813009,0.22172949002217296,0.0
2026-06-01,NT321,SPIRE LITTLE ASTON HOSPITAL,1375,393.0,13.0,1.0,0.0,28.581818181818182,0.9454545454545455,0.07272727272727272,0.0
2025-04-01,NT322,SPIRE LEICESTER HOSPITAL,589,203.0,7.0,0.0,0.0,34.46519524617997,1.1884550084889642,0.0,0.0
2025-05-01,NT322,SPIRE LEICESTER HOSPITAL,657,187.0,6.0,3.0,0.0,28.462709284627092,0.91324200913242,0.45662100456621,0.0
2025-06-01,NT322,SPIRE LEICESTER HOSPITAL,696,184.0,3.0,1.0,0.0,26.436781609195403,0.43103448275862066,0.14367816091954022,0.0
2025-07-01,NT322,SPIRE LEICESTER HOSPITAL,729,212.0,5.0,1.0,0.0,29.080932784636488,0.6858710562414266,0.1371742112482853,0.0
2025-08-01,NT322,SPIRE LEICESTER HOSPITAL,762,209.0,5.0,1.0,0.0,27.42782152230971,0.6561679790026247,0.13123359580052493,0.0
2025-09-01,NT322,SPIRE LEICESTER HOSPITAL,1079,184.0,3.0,0.0,0.0,17.05282669138091,0.27803521779425394,0.0,0.0
2025-10-01,NT322,SPIRE LEICESTER HOSPITAL,1071,178.0,7.0,4.0,0.0,16.619981325863677,0.6535947712418301,0.3734827264239029,0.0
2025-11-01,NT322,SPIRE LEICESTER HOSPITAL,1197,162.0,12.0,2.0,0.0,13.533834586466165,1.0025062656641603,0.1670843776106934,0.0
2025-12-01,NT322,SPIRE LEICESTER HOSPITAL,1177,172.0,18.0,4.0,0.0,14.613423959218352,1.5293118096856415,0.33984706881903143,0.0
2026-01-01,NT322,SPIRE LEICESTER HOSPITAL,1115,346.0,17.0,4.0,0.0,31.031390134529147,1.5246636771300448,0.35874439461883406,0.0
2026-02-01,NT322,SPIRE LEICESTER HOSPITAL,1317,447.0,31.0,6.0,0.0,33.94077448747153,2.3538344722854974,0.45558086560364464,0.0
2026-03-01,NT322,SPIRE LEICESTER HOSPITAL,1240,504.0,32.0,1.0,0.0,40.64516129032258,2.5806451612903225,0.08064516129032258,0.0
2026-04-01,NT322,SPIRE LEICESTER HOSPITAL,923,416.0,11.0,1.0,0.0,45.07042253521127,1.191765980498375,0.10834236186348861,0.0
2026-05-01,NT322,SPIRE LEICESTER HOSPITAL,819,330.0,4.0,0.0,0.0,40.29304029304029,0.4884004884004884,0.0,0.0
2026-06-01,NT322,SPIRE LEICESTER HOSPITAL,639,76.0,1.0,0.0,0.0,11.89358372456964,0.1564945226917058,0.0,0.0
2025-04-01,NT324,SPIRE CHESHIRE HOSPITAL,1110,296.0,11.0,0.0,0.0,26.666666666666668,0.990990990990991,0.0,0.0
2025-05-01,NT324,SPIRE CHESHIRE HOSPITAL,1326,222.0,3.0,0.0,0.0,16.7420814479638,0.22624434389140274,0.0,0.0
2025-06-01,NT324,SPIRE CHESHIRE HOSPITAL,1369,242.0,2.0,0.0,0.0,17.677136596055515,0.1460920379839299,0.0,0.0
2025-07-01,NT324,SPIRE CHESHIRE HOSPITAL,1447,308.0,8.0,0.0,0.0,21.28541810642709,0.55286800276434,0.0,0.0
2025-08-01,NT324,SPIRE CHESHIRE HOSPITAL,1443,303.0,8.0,1.0,0.0,20.997920997921,0.5544005544005544,0.0693000693000693,0.0
2025-09-01,NT324,SPIRE CHESHIRE HOSPITAL,1517,306.0,10.0,0.0,0.0,20.17139090309822,0.6591957811470006,0.0,0.0
2025-10-01,NT324,SPIRE CHESHIRE HOSPITAL,1653,267.0,5.0,1.0,0.0,16.152450090744104,0.3024803387779794,0.06049606775559589,0.0
2025-11-01,NT324,SPIRE CHESHIRE HOSPITAL,1452,223.0,7.0,0.0,0.0,15.358126721763085,0.4820936639118457,0.0,0.0
2025-12-01,NT324,SPIRE CHESHIRE HOSPITAL,1492,200.0,4.0,0.0,0.0,13.404825737265416,0.2680965147453083,0.0,0.0
2026-01-01,NT324,SPIRE CHESHIRE HOSPITAL,1369,189.0,2.0,0.0,0.0,13.805697589481372,0.1460920379839299,0.0,0.0
2026-02-01,NT324,SPIRE CHESHIRE HOSPITAL,1338,217.0,1.0,0.0,0.0,16.218236173393123,0.07473841554559044,0.0,0.0
2026-03-01,NT324,SPIRE CHESHIRE HOSPITAL,1111,184.0,0.0,0.0,0.0,16.56165616561656,0.0,0.0,0.0
2026-04-01,NT324,SPIRE CHESHIRE HOSPITAL,1071,223.0,0.0,0.0,0.0,20.821661998132587,0.0,0.0,0.0
2026-05-01,NT324,SPIRE CHESHIRE HOSPITAL,1179,240.0,0.0,0.0,0.0,20.35623409669211,0.0,0.0,0.0
2026-06-01,NT324,SPIRE CHESHIRE HOSPITAL,1070,220.0,0.0,0.0,0.0,20.5607476635514,0.0,0.0,0.0
2025-04-01,NT325,SPIRE MURRAYFIELD HOSPITAL,544,34.0,1.0,0.0,0.0,6.25,0.1838235294117647,0.0,0.0
2025-05-01,NT325,SPIRE MURRAYFIELD HOSPITAL,559,50.0,2.0,0.0,0.0,8.94454382826476,0.35778175313059035,0.0,0.0
2025-06-01,NT325,SPIRE MURRAYFIELD HOSPITAL,538,21.0,1.0,0.0,0.0,3.903345724907063,0.18587360594795538,0.0,0.0
2025-07-01,NT325,SPIRE MURRAYFIELD HOSPITAL,629,23.0,0.0,0.0,0.0,3.6565977742448332,0.0,0.0,0.0
2025-08-01,NT325,SPIRE MURRAYFIELD HOSPITAL,629,37.0,1.0,0.0,0.0,5.88235294117647,0.1589825119236884,0.0,0.0
2025-09-01,NT325,SPIRE MURRAYFIELD HOSPITAL,728,38.0,0.0,0.0,0.0,5.21978021978022,0.0,0.0,0.0
2025-10-01,NT325,SPIRE MURRAYFIELD HOSPITAL,787,49.0,0.0,0.0,0.0,6.226175349428209,0.0,0.0,0.0
2025-11-01,NT325,SPIRE MURRAYFIELD HOSPITAL,796,51.0,0.0,0.0,0.0,6.407035175879397,0.0,0.0,0.0
2025-12-01,NT325,SPIRE MURRAYFIELD HOSPITAL,771,59.0,0.0,0.0,0.0,7.652399481193256,0.0,0.0,0.0
2026-01-01,NT325,SPIRE MURRAYFIELD HOSPITAL,830,95.0,0.0,0.0,0.0,11.44578313253012,0.0,0.0,0.0
2026-02-01,NT325,SPIRE MURRAYFIELD HOSPITAL,912,152.0,2.0,0.0,0.0,16.666666666666664,0.21929824561403508,0.0,0.0
2026-03-01,NT325,SPIRE MURRAYFIELD HOSPITAL,829,227.0,3.0,0.0,0.0,27.38238841978287,0.3618817852834741,0.0,0.0
2026-04-01,NT325,SPIRE MURRAYFIELD HOSPITAL,749,187.0,3.0,0.0,0.0,24.966622162883844,0.4005340453938585,0.0,0.0
2026-05-01,NT325,SPIRE MURRAYFIELD HOSPITAL,870,199.0,2.0,1.0,0.0,22.873563218390807,0.22988505747126436,0.11494252873563218,0.0
2026-06-01,NT325,SPIRE MURRAYFIELD HOSPITAL,782,206.0,2.0,1.0,0.0,26.342710997442452,0.2557544757033248,0.1278772378516624,0.0
2025-04-01,NT327,SPIRE MANCHESTER HOSPITAL,974,187.0,3.0,0.0,0.0,19.199178644763858,0.3080082135523614,0.0,0.0
2025-05-01,NT327,SPIRE MANCHESTER HOSPITAL,1061,236.0,3.0,0.0,0.0,22.243166823751178,0.2827521206409048,0.0,0.0
2025-06-01,NT327,SPIRE MANCHESTER HOSPITAL,1132,297.0,1.0,0.0,0.0,26.236749116607772,0.08833922261484099,0.0,0.0
2025-07-01,NT327,SPIRE MANCHESTER HOSPITAL,1295,378.0,3.0,1.0,0.0,29.18918918918919,0.23166023166023164,0.07722007722007722,0.0
2025-08-01,NT327,SPIRE MANCHESTER HOSPITAL,1380,440.0,1.0,0.0,0.0,31.88405797101449,0.07246376811594203,0.0,0.0
2025-09-01,NT327,SPIRE MANCHESTER HOSPITAL,1501,526.0,5.0,0.0,0.0,35.04330446369087,0.3331112591605596,0.0,0.0
2025-10-01,NT327,SPIRE MANCHESTER HOSPITAL,1522,613.0,2.0,0.0,0.0,40.27595269382391,0.1314060446780552,0.0,0.0
2025-11-01,NT327,SPIRE MANCHESTER HOSPITAL,1399,607.0,4.0,0.0,0.0,43.388134381701214,0.28591851322373124,0.0,0.0
2025-12-01,NT327,SPIRE MANCHESTER HOSPITAL,1174,524.0,3.0,0.0,0.0,44.63373083475298,0.2555366269165247,0.0,0.0
2026-01-01,NT327,SPIRE MANCHESTER HOSPITAL,1113,498.0,11.0,0.0,0.0,44.74393530997305,0.9883198562443846,0.0,0.0
2026-02-01,NT327,SPIRE MANCHESTER HOSPITAL,994,464.0,10.0,1.0,0.0,46.68008048289739,1.0060362173038229,0.1006036217303823,0.0
2026-03-01,NT327,SPIRE MANCHESTER HOSPITAL,894,396.0,0.0,0.0,0.0,44.29530201342282,0.0,0.0,0.0
2026-04-01,NT327,SPIRE MANCHESTER HOSPITAL,631,153.0,0.0,0.0,0.0,24.247226624405705,0.0,0.0,0.0
2026-05-01,NT327,SPIRE MANCHESTER HOSPITAL,582,122.0,2.0,0.0,0.0,20.962199312714777,0.3436426116838488,0.0,0.0
2026-06-01,NT327,SPIRE MANCHESTER HOSPITAL,639,76.0,1.0,0.0,0.0,11.89358372456964,0.1564945226917058,0.0,0.0
2025-04-01,NT332,SPIRE LEEDS HOSPITAL,907,140.0,4.0,0.0,0.0,15.43550165380375,0.4410143329658214,0.0,0.0
2025-05-01,NT332,SPIRE LEEDS HOSPITAL,868,89.0,2.0,1.0,0.0,10.253456221198157,0.2304147465437788,0.1152073732718894,0.0
2025-06-01,NT332,SPIRE LEEDS HOSPITAL,971,112.0,3.0,1.0,0.0,11.53450051493306,0.30895983522142123,0.10298661174047373,0.0
2025-07-01,NT332,SPIRE LEEDS HOSPITAL,1035,134.0,1.0,0.0,0.0,12.946859903381641,0.0966183574879227,0.0,0.0
2025-08-01,NT332,SPIRE LEEDS HOSPITAL,1040,163.0,1.0,1.0,0.0,15.673076923076923,0.09615384615384616,0.09615384615384616,0.0
2025-09-01,NT332,SPIRE LEEDS HOSPITAL,1087,163.0,2.0,1.0,0.0,14.995400183992642,0.18399264029438822,0.09199632014719411,0.0
2025-10-01,NT332,SPIRE LEEDS HOSPITAL,1093,167.0,1.0,1.0,0.0,15.279048490393413,0.09149130832570906,0.09149130832570906,0.0
2025-11-01,NT332,SPIRE LEEDS HOSPITAL,1138,151.0,4.0,0.0,0.0,13.268892794376097,0.35149384885764495,0.0,0.0
2025-12-01,NT332,SPIRE LEEDS HOSPITAL,1091,172.0,3.0,0.0,0.0,15.765352887259395,0.27497708524289644,0.0,0.0
2026-01-01,NT332,SPIRE LEEDS HOSPITAL,984,122.0,2.0,0.0,0.0,12.398373983739837,0.20325203252032523,0.0,0.0
2026-02-01,NT332,SPIRE LEEDS HOSPITAL,925,150.0,2.0,1.0,0.0,16.216216216216218,0.21621621621621623,0.10810810810810811,0.0
2026-03-01,NT332,SPIRE LEEDS HOSPITAL,787,145.0,0.0,0.0,0.0,18.424396442185515,0.0,0.0,0.0
2026-04-01,NT332,SPIRE LEEDS HOSPITAL,764,153.0,0.0,0.0,0.0,20.026178010471206,0.0,0.0,0.0
2026-05-01,NT332,SPIRE LEEDS HOSPITAL,867,171.0,0.0,0.0,0.0,19.72318339100346,0.0,0.0,0.0
2026-06-01,NT332,SPIRE LEEDS HOSPITAL,884,181.0,0.0,0.0,0.0,20.475113122171944,0.0,0.0,0.0
2025-04-01,NT333,SPIRE WASHINGTON HOSPITAL,1479,239.0,13.0,1.0,0.0,16.15956727518594,0.878972278566599,0.0676132521974307,0.0
2025-05-01,NT333,SPIRE WASHINGTON HOSPITAL,1374,250.0,9.0,0.0,0.0,18.19505094614265,0.6550218340611353,0.0,0.0
2025-06-01,NT333,SPIRE WASHINGTON HOSPITAL,1388,282.0,6.0,0.0,0.0,20.31700288184438,0.43227665706051877,0.0,0.0
2025-07-01,NT333,SPIRE WASHINGTON HOSPITAL,1314,275.0,8.0,1.0,0.0,20.928462709284627,0.60882800608828,0.076103500761035,0.0
2025-08-01,NT333,SPIRE WASHINGTON HOSPITAL,1357,250.0,8.0,0.0,0.0,18.422991893883566,0.5895357406042742,0.0,0.0
2025-09-01,NT333,SPIRE WASHINGTON HOSPITAL,1455,221.0,4.0,0.0,0.0,15.189003436426116,0.27491408934707906,0.0,0.0
2025-10-01,NT333,SPIRE WASHINGTON HOSPITAL,1417,308.0,20.0,1.0,0.0,21.73606210303458,1.4114326040931546,0.07057163020465773,0.0
2025-11-01,NT333,SPIRE WASHINGTON HOSPITAL,1526,271.0,18.0,0.0,0.0,17.75884665792923,1.1795543905635648,0.0,0.0
2025-12-01,NT333,SPIRE WASHINGTON HOSPITAL,1506,309.0,24.0,0.0,0.0,20.51792828685259,1.593625498007968,0.0,0.0
2026-01-01,NT333,SPIRE WASHINGTON HOSPITAL,1592,374.0,19.0,1.0,0.0,23.492462311557787,1.193467336683417,0.06281407035175879,0.0
2026-02-01,NT333,SPIRE WASHINGTON HOSPITAL,1596,396.0,11.0,2.0,0.0,24.81203007518797,0.6892230576441103,0.12531328320802004,0.0
2026-03-01,NT333,SPIRE WASHINGTON HOSPITAL,1642,393.0,12.0,1.0,0.0,23.934226552984168,0.730816077953715,0.06090133982947624,0.0
2026-04-01,NT333,SPIRE WASHINGTON HOSPITAL,1795,406.0,21.0,2.0,0.0,22.618384401114206,1.16991643454039,0.11142061281337048,0.0
2026-05-01,NT333,SPIRE WASHINGTON HOSPITAL,2053,454.0,37.0,2.0,0.0,22.113979542133464,1.8022406234778372,0.0974184120798831,0.0
2026-06-01,NT333,SPIRE WASHINGTON HOSPITAL,2132,528.0,49.0,4.0,0.0,24.765478424015008,2.298311444652908,0.18761726078799248,0.0
2025-04-01,NT337,SPIRE LIVERPOOL HOSPITAL,3395,155.0,0.0,0.0,0.0,4.565537555228277,0.0,0.0,0.0
2025-05-01,NT337,SPIRE LIVERPOOL HOSPITAL,3111,132.0,0.0,0.0,0.0,4.243008678881389,0.0,0.0,0.0
2025-06-01,NT337,SPIRE LIVERPOOL HOSPITAL,3353,333.0,0.0,0.0,0.0,9.931404712198031,0.0,0.0,0.0
2025-07-01,NT337,SPIRE LIVERPOOL HOSPITAL,3127,439.0,0.0,0.0,0.0,14.039015030380556,0.0,0.0,0.0
2025-08-01,NT337,SPIRE LIVERPOOL HOSPITAL,3072,512.0,0.0,0.0,0.0,16.666666666666664,0.0,0.0,0.0
2025-09-01,NT337,SPIRE LIVERPOOL HOSPITAL,3539,575.0,0.0,0.0,0.0,16.24752755015541,0.0,0.0,0.0
2025-10-01,NT337,SPIRE LIVERPOOL HOSPITAL,3671,609.0,0.0,0.0,0.0,16.589485153909017,0.0,0.0,0.0
2025-11-01,NT337,SPIRE LIVERPOOL HOSPITAL,3743,545.0,0.0,0.0,0.0,14.560512957520706,0.0,0.0,0.0
2025-12-01,NT337,SPIRE LIVERPOOL HOSPITAL,3455,476.0,0.0,0.0,0.0,13.777134587554269,0.0,0.0,0.0
2026-01-01,NT337,SPIRE LIVERPOOL HOSPITAL,3373,687.0,5.0,0.0,0.0,20.367625259412986,0.14823599169878449,0.0,0.0
2026-02-01,NT337,SPIRE LIVERPOOL HOSPITAL,2857,665.0,3.0,0.0,0.0,23.276163808190407,0.10500525026251313,0.0,0.0
2026-03-01,NT337,SPIRE LIVERPOOL HOSPITAL,2578,736.0,7.0,0.0,0.0,28.549262994569435,0.27152831652443754,0.0,0.0
2026-04-01,NT337,SPIRE LIVERPOOL HOSPITAL,2223,515.0,9.0,0.0,0.0,23.166891587944217,0.4048582995951417,0.0,0.0
2026-05-01,NT337,SPIRE LIVERPOOL HOSPITAL,2379,478.0,13.0,0.0,0.0,20.09247583018075,0.546448087431694,0.0,0.0
2026-06-01,NT337,SPIRE LIVERPOOL HOSPITAL,2173,479.0,11.0,1.0,0.0,22.04325816843074,0.5062126092959043,0.04601932811780948,0.0
2025-04-01,NT339,SPIRE REGENCY HOSPITAL,1805,37.0,0.0,0.0,0.0,2.0498614958448753,0.0,0.0,0.0
2025-05-01,NT339,SPIRE REGENCY HOSPITAL,1658,6.0,0.0,0.0,0.0,0.3618817852834741,0.0,0.0,0.0
2025-06-01,NT339,SPIRE REGENCY HOSPITAL,1690,5.0,0.0,0.0,0.0,0.2958579881656805,0.0,0.0,0.0
2025-07-01,NT339,SPIRE REGENCY HOSPITAL,1770,36.0,0.0,0.0,0.0,2.0338983050847457,0.0,0.0,0.0
2025-08-01,NT339,SPIRE REGENCY HOSPITAL,1710,3.0,0.0,0.0,0.0,0.17543859649122806,0.0,0.0,0.0
2025-09-01,NT339,SPIRE REGENCY HOSPITAL,2040,7.0,0.0,0.0,0.0,0.3431372549019608,0.0,0.0,0.0
2025-10-01,NT339,SPIRE REGENCY HOSPITAL,1913,1.0,0.0,0.0,0.0,0.052273915316257184,0.0,0.0,0.0
2025-11-01,NT339,SPIRE REGENCY HOSPITAL,1826,3.0,0.0,0.0,0.0,0.16429353778751368,0.0,0.0,0.0
2025-12-01,NT339,SPIRE REGENCY HOSPITAL,1830,15.0,0.0,0.0,0.0,0.819672131147541,0.0,0.0,0.0
2026-01-01,NT339,SPIRE REGENCY HOSPITAL,1820,70.0,0.0,0.0,0.0,3.8461538461538463,0.0,0.0,0.0
2026-02-01,NT339,SPIRE REGENCY HOSPITAL,1967,108.0,0.0,0.0,0.0,5.49059481443823,0.0,0.0,0.0
2026-03-01,NT339,SPIRE REGENCY HOSPITAL,2057,104.0,0.0,0.0,0.0,5.055906660184735,0.0,0.0,0.0
2026-04-01,NT339,SPIRE REGENCY HOSPITAL,2004,116.0,0.0,0.0,0.0,5.788423153692615,0.0,0.0,0.0
2026-05-01,NT339,SPIRE REGENCY HOSPITAL,2181,132.0,0.0,0.0,0.0,6.052269601100413,0.0,0.0,0.0
2026-06-01,NT339,SPIRE REGENCY HOSPITAL,2197,174.0,0.0,0.0,0.0,7.919890760127446,0.0,0.0,0.0
2025-04-01,NT343,SPIRE THAMES VALLEY HOSPITAL,426,99.0,0.0,0.0,0.0,23.239436619718308,0.0,0.0,0.0
2025-05-01,NT343,SPIRE THAMES VALLEY HOSPITAL,352,93.0,0.0,0.0,0.0,26.420454545454547,0.0,0.0,0.0
2025-06-01,NT343,SPIRE THAMES VALLEY HOSPITAL,469,111.0,2.0,0.0,0.0,23.66737739872068,0.42643923240938164,0.0,0.0
2025-07-01,NT343,SPIRE THAMES VALLEY HOSPITAL,364,122.0,2.0,0.0,0.0,33.51648351648351,0.5494505494505495,0.0,0.0
2025-08-01,NT343,SPIRE THAMES VALLEY HOSPITAL,351,137.0,3.0,0.0,0.0,39.03133903133903,0.8547008547008548,0.0,0.0
2025-09-01,NT343,SPIRE THAMES VALLEY HOSPITAL,336,128.0,2.0,0.0,0.0,38.095238095238095,0.5952380952380952,0.0,0.0
2025-10-01,NT343,SPIRE THAMES VALLEY HOSPITAL,353,140.0,3.0,0.0,0.0,39.6600566572238,0.84985835694051,0.0,0.0
2025-11-01,NT343,SPIRE THAMES VALLEY HOSPITAL,444,143.0,5.0,1.0,0.0,32.207207207207205,1.1261261261261262,0.22522522522522523,0.0
2025-12-01,NT343,SPIRE THAMES VALLEY HOSPITAL,415,156.0,6.0,2.0,0.0,37.59036144578313,1.4457831325301205,0.48192771084337355,0.0
2026-01-01,NT343,SPIRE THAMES VALLEY HOSPITAL,379,191.0,9.0,3.0,0.0,50.3957783641161,2.3746701846965697,0.79155672823219,0.0
2026-02-01,NT343,SPIRE THAMES VALLEY HOSPITAL,462,212.0,11.0,3.0,0.0,45.887445887445885,2.380952380952381,0.6493506493506493,0.0
2026-03-01,NT343,SPIRE THAMES VALLEY HOSPITAL,493,264.0,9.0,3.0,0.0,53.54969574036511,1.8255578093306288,0.6085192697768762,0.0
2026-04-01,NT343,SPIRE THAMES VALLEY HOSPITAL,448,251.0,8.0,2.0,0.0,56.02678571428571,1.7857142857142856,0.4464285714285714,0.0
2026-05-01,NT343,SPIRE THAMES VALLEY HOSPITAL,458,270.0,12.0,1.0,0.0,58.951965065502186,2.6200873362445414,0.21834061135371177,0.0
2026-06-01,NT343,SPIRE THAMES VALLEY HOSPITAL,364,194.0,9.0,1.0,0.0,53.2967032967033,2.4725274725274726,0.27472527472527475,0.0
2025-04-01,NT344,SPIRE DUNEDIN HOSPITAL,259,62.0,6.0,0.0,0.0,23.93822393822394,2.3166023166023164,0.0,0.0
2025-05-01,NT344,SPIRE DUNEDIN HOSPITAL,246,52.0,5.0,0.0,0.0,21.138211382113823,2.0325203252032518,0.0,0.0
2025-06-01,NT344,SPIRE DUNEDIN HOSPITAL,221,42.0,4.0,0.0,0.0,19.004524886877828,1.809954751131222,0.0,0.0
2025-07-01,NT344,SPIRE DUNEDIN HOSPITAL,251,47.0,4.0,1.0,0.0,18.725099601593627,1.593625498007968,0.398406374501992,0.0
2025-08-01,NT344,SPIRE DUNEDIN HOSPITAL,266,53.0,4.0,1.0,0.0,19.924812030075188,1.5037593984962405,0.37593984962406013,0.0
2025-09-01,NT344,SPIRE DUNEDIN HOSPITAL,277,42.0,4.0,1.0,0.0,15.162454873646208,1.444043321299639,0.36101083032490977,0.0
2025-10-01,NT344,SPIRE DUNEDIN HOSPITAL,276,33.0,3.0,1.0,0.0,11.956521739130435,1.0869565217391304,0.36231884057971014,0.0
2025-11-01,NT344,SPIRE DUNEDIN HOSPITAL,238,28.0,3.0,0.0,0.0,11.76470588235294,1.2605042016806722,0.0,0.0
2025-12-01,NT344,SPIRE DUNEDIN HOSPITAL,293,34.0,4.0,2.0,0.0,11.604095563139932,1.3651877133105803,0.6825938566552902,0.0
2026-01-01,NT344,SPIRE DUNEDIN HOSPITAL,297,39.0,1.0,0.0,0.0,13.131313131313133,0.33670033670033667,0.0,0.0
2026-02-01,NT344,SPIRE DUNEDIN HOSPITAL,340,57.0,1.0,1.0,0.0,16.76470588235294,0.29411764705882354,0.29411764705882354,0.0
2026-03-01,NT344,SPIRE DUNEDIN HOSPITAL,303,57.0,1.0,1.0,0.0,18.81188118811881,0.33003300330033003,0.33003300330033003,0.0
2026-04-01,NT344,SPIRE DUNEDIN HOSPITAL,284,58.0,1.0,1.0,0.0,20.422535211267608,0.35211267605633806,0.35211267605633806,0.0
2026-05-01,NT344,SPIRE DUNEDIN HOSPITAL,293,64.0,2.0,0.0,0.0,21.843003412969285,0.6825938566552902,0.0,0.0
2026-06-01,NT344,SPIRE DUNEDIN HOSPITAL,293,68.0,3.0,0.0,0.0,23.208191126279864,1.023890784982935,0.0,0.0
2025-04-01,NT345,SPIRE CLARE PARK HOSPITAL,347,39.0,0.0,0.0,0.0,11.239193083573488,0.0,0.0,0.0
2025-05-01,NT345,SPIRE CLARE PARK HOSPITAL,372,25.0,0.0,0.0,0.0,6.720430107526881,0.0,0.0,0.0
2025-06-01,NT345,SPIRE CLARE PARK HOSPITAL,384,26.0,0.0,0.0,0.0,6.770833333333333,0.0,0.0,0.0
2025-07-01,NT345,SPIRE CLARE PARK HOSPITAL,316,41.0,1.0,0.0,0.0,12.974683544303797,0.31645569620253167,0.0,0.0
2025-08-01,NT345,SPIRE CLARE PARK HOSPITAL,325,53.0,1.0,0.0,0.0,16.307692307692307,0.3076923076923077,0.0,0.0
2025-09-01,NT345,SPIRE CLARE PARK HOSPITAL,359,44.0,0.0,0.0,0.0,12.256267409470752,0.0,0.0,0.0
2025-10-01,NT345,SPIRE CLARE PARK HOSPITAL,382,69.0,0.0,0.0,0.0,18.06282722513089,0.0,0.0,0.0
2025-11-01,NT345,SPIRE CLARE PARK HOSPITAL,451,134.0,1.0,0.0,0.0,29.711751662971174,0.22172949002217296,0.0,0.0
2025-12-01,NT345,SPIRE CLARE PARK HOSPITAL,396,158.0,2.0,1.0,0.0,39.8989898989899,0.5050505050505051,0.25252525252525254,0.0
2026-01-01,NT345,SPIRE CLARE PARK HOSPITAL,368,204.0,6.0,1.0,0.0,55.434782608695656,1.6304347826086956,0.2717391304347826,0.0
2026-02-01,NT345,SPIRE CLARE PARK HOSPITAL,488,268.0,13.0,0.0,0.0,54.91803278688525,2.663934426229508,0.0,0.0
2026-03-01,NT345,SPIRE CLARE PARK HOSPITAL,454,227.0,3.0,0.0,0.0,50.0,0.6607929515418502,0.0,0.0
2026-04-01,NT345,SPIRE CLARE PARK HOSPITAL,352,159.0,1.0,1.0,0.0,45.17045454545455,0.2840909090909091,0.2840909090909091,0.0
2026-05-01,NT345,SPIRE CLARE PARK HOSPITAL,328,118.0,1.0,0.0,0.0,35.97560975609756,0.3048780487804878,0.0,0.0
2026-06-01,NT345,SPIRE CLARE PARK HOSPITAL,309,88.0,1.0,0.0,0.0,28.478964401294498,0.3236245954692557,0.0,0.0
2025-04-01,NT347,SPIRE FYLDE COAST HOSPITAL,3486,741.0,24.0,6.0,0.0,21.25645438898451,0.6884681583476765,0.17211703958691912,0.0
2025-05-01,NT347,SPIRE FYLDE COAST HOSPITAL,3489,691.0,15.0,3.0,0.0,19.805101748351962,0.4299226139294927,0.08598452278589853,0.0
2025-06-01,NT347,SPIRE FYLDE COAST HOSPITAL,4024,853.0,24.0,4.0,0.0,21.197813121272365,0.5964214711729622,0.09940357852882703,0.0
2025-07-01,NT347,SPIRE FYLDE COAST HOSPITAL,4177,912.0,24.0,4.0,0.0,21.83385204692363,0.5745750538664113,0.09576250897773521,0.0
2025-08-01,NT347,SPIRE FYLDE COAST HOSPITAL,4004,770.0,32.0,7.0,0.0,19.230769230769234,0.7992007992007992,0.17482517482517482,0.0
2025-09-01,NT347,SPIRE FYLDE COAST HOSPITAL,4594,919.0,32.0,8.0,1.0,20.004353504571178,0.696560731388768,0.174140182847192,0.021767522855899
2025-10-01,NT347,SPIRE FYLDE COAST HOSPITAL,4877,1051.0,16.0,3.0,0.0,21.55013327865491,0.3280705351650605,0.061513225343448844,0.0
2025-11-01,NT347,SPIRE FYLDE COAST HOSPITAL,4135,533.0,10.0,0.0,0.0,12.889963724304716,0.24183796856106407,0.0,0.0
2025-12-01,NT347,SPIRE FYLDE COAST HOSPITAL,4262,811.0,14.0,1.0,0.0,19.02862505865791,0.328484279680901,0.02346316283435007,0.0
2026-01-01,NT347,SPIRE FYLDE COAST HOSPITAL,4631,1339.0,18.0,0.0,0.0,28.91384150291514,0.3886849492550205,0.0,0.0
2026-02-01,NT347,SPIRE FYLDE COAST HOSPITAL,4981,1619.0,7.0,1.0,0.0,32.50351335073278,0.14053402931138326,0.02007628990162618,0.0
2026-03-01,NT347,SPIRE FYLDE COAST HOSPITAL,3347,559.0,1.0,0.0,0.0,16.701523752614282,0.029877502240812665,0.0,0.0
2026-04-01,NT347,SPIRE FYLDE COAST HOSPITAL,3362,558.0,0.0,0.0,0.0,16.597263533610946,0.0,0.0,0.0
2026-05-01,NT347,SPIRE FYLDE COAST HOSPITAL,3531,969.0,4.0,0.0,0.0,27.442650807136786,0.11328235627301048,0.0,0.0
2026-06-01,NT347,SPIRE FYLDE COAST HOSPITAL,3410,1343.0,0.0,0.0,0.0,39.3841642228739,0.0,0.0,0.0
2025-04-01,NT348,SPIRE ELLAND HOSPITAL,1476,235.0,4.0,1.0,0.0,15.921409214092142,0.27100271002710025,0.06775067750677506,0.0
2025-05-01,NT348,SPIRE ELLAND HOSPITAL,1316,194.0,3.0,1.0,0.0,14.74164133738602,0.22796352583586624,0.07598784194528875,0.0
2025-06-01,NT348,SPIRE ELLAND HOSPITAL,1447,236.0,4.0,1.0,0.0,16.30960608154803,0.27643400138217,0.0691085003455425,0.0
2025-07-01,NT348,SPIRE ELLAND HOSPITAL,1542,235.0,2.0,0.0,0.0,15.239948119325552,0.12970168612191957,0.0,0.0
2025-08-01,NT348,SPIRE ELLAND HOSPITAL,1453,236.0,4.0,0.0,0.0,16.24225739848589,0.27529249827942187,0.0,0.0
2025-09-01,NT348,SPIRE ELLAND HOSPITAL,1637,260.0,4.0,0.0,0.0,15.882712278558339,0.2443494196701283,0.0,0.0
2025-10-01,NT348,SPIRE ELLAND HOSPITAL,1610,306.0,6.0,0.0,0.0,19.006211180124225,0.37267080745341613,0.0,0.0
2025-11-01,NT348,SPIRE ELLAND HOSPITAL,1521,283.0,3.0,0.0,0.0,18.606180144641684,0.19723865877712032,0.0,0.0
2025-12-01,NT348,SPIRE ELLAND HOSPITAL,1584,292.0,2.0,0.0,0.0,18.434343434343432,0.12626262626262627,0.0,0.0
2026-01-01,NT348,SPIRE ELLAND HOSPITAL,1553,360.0,4.0,0.0,0.0,23.1809401159047,0.25756600128783,0.0,0.0
2026-02-01,NT348,SPIRE ELLAND HOSPITAL,1503,367.0,4.0,0.0,0.0,24.41783100465735,0.2661343978709248,0.0,0.0
2026-03-01,NT348,SPIRE ELLAND HOSPITAL,1282,338.0,2.0,0.0,0.0,26.365054602184085,0.15600624024961,0.0,0.0
2026-04-01,NT348,SPIRE ELLAND HOSPITAL,1286,336.0,2.0,0.0,0.0,26.127527216174183,0.15552099533437014,0.0,0.0
2026-05-01,NT348,SPIRE ELLAND HOSPITAL,1382,364.0,4.0,1.0,0.0,26.33863965267728,0.2894356005788712,0.0723589001447178,0.0
2026-06-01,NT348,SPIRE ELLAND HOSPITAL,1294,393.0,4.0,2.0,0.0,30.370942812983,0.3091190108191654,0.1545595054095827,0.0
2025-04-01,NT350,SPIRE METHLEY PARK HOSPITAL,1313,238.0,1.0,0.0,0.0,18.126428027418125,0.07616146230007616,0.0,0.0
2025-05-01,NT350,SPIRE METHLEY PARK HOSPITAL,1245,188.0,3.0,0.0,0.0,15.100401606425704,0.24096385542168677,0.0,0.0
2025-06-01,NT350,SPIRE METHLEY PARK HOSPITAL,1358,204.0,2.0,0.0,0.0,15.022091310751104,0.14727540500736377,0.0,0.0
2025-07-01,NT350,SPIRE METHLEY PARK HOSPITAL,1291,198.0,1.0,1.0,0.0,15.33694810224632,0.0774593338497289,0.0774593338497289,0.0
2025-08-01,NT350,SPIRE METHLEY PARK HOSPITAL,1166,187.0,0.0,0.0,0.0,16.037735849056602,0.0,0.0,0.0
2025-09-01,NT350,SPIRE METHLEY PARK HOSPITAL,1146,184.0,1.0,0.0,0.0,16.05584642233857,0.08726003490401396,0.0,0.0
2025-10-01,NT350,SPIRE METHLEY PARK HOSPITAL,1066,185.0,1.0,0.0,0.0,17.354596622889307,0.09380863039399624,0.0,0.0
2025-11-01,NT350,SPIRE METHLEY PARK HOSPITAL,982,174.0,0.0,0.0,0.0,17.718940936863543,0.0,0.0,0.0
2025-12-01,NT350,SPIRE METHLEY PARK HOSPITAL,953,132.0,1.0,0.0,0.0,13.85099685204617,0.1049317943336831,0.0,0.0
2026-01-01,NT350,SPIRE METHLEY PARK HOSPITAL,941,152.0,2.0,0.0,0.0,16.153028692879914,0.21253985122210414,0.0,0.0
2026-02-01,NT350,SPIRE METHLEY PARK HOSPITAL,994,170.0,2.0,0.0,0.0,17.102615694164992,0.2012072434607646,0.0,0.0
2026-03-01,NT350,SPIRE METHLEY PARK HOSPITAL,917,164.0,1.0,0.0,0.0,17.884405670665213,0.10905125408942204,0.0,0.0
2026-04-01,NT350,SPIRE METHLEY PARK HOSPITAL,827,142.0,1.0,0.0,0.0,17.17049576783555,0.12091898428053204,0.0,0.0
2026-05-01,NT350,SPIRE METHLEY PARK HOSPITAL,906,181.0,2.0,2.0,0.0,19.97792494481236,0.22075055187637968,0.22075055187637968,0.0
2026-06-01,NT350,SPIRE METHLEY PARK HOSPITAL,935,147.0,0.0,0.0,0.0,15.72192513368984,0.0,0.0,0.0
2025-04-01,NT351,SPIRE HULL AND EAST RIDING HOSPITAL,2707,36.0,0.0,0.0,0.0,1.3298854820834873,0.0,0.0,0.0
2025-05-01,NT351,SPIRE HULL AND EAST RIDING HOSPITAL,2406,0.0,0.0,0.0,0.0,0.0,0.0,0.0,0.0
2025-06-01,NT351,SPIRE HULL AND EAST RIDING HOSPITAL,2210,1.0,0.0,0.0,0.0,0.04524886877828054,0.0,0.0,0.0
2025-07-01,NT351,SPIRE HULL AND EAST RIDING HOSPITAL,2035,1.0,0.0,0.0,0.0,0.04914004914004914,0.0,0.0,0.0
2025-08-01,NT351,SPIRE HULL AND EAST RIDING HOSPITAL,2030,2.0,0.0,0.0,0.0,0.09852216748768472,0.0,0.0,0.0
2025-09-01,NT351,SPIRE HULL AND EAST RIDING HOSPITAL,2260,94.0,0.0,0.0,0.0,4.15929203539823,0.0,0.0,0.0
2025-10-01,NT351,SPIRE HULL AND EAST RIDING HOSPITAL,2541,449.0,0.0,0.0,0.0,17.670208579299487,0.0,0.0,0.0
2025-11-01,NT351,SPIRE HULL AND EAST RIDING HOSPITAL,2661,644.0,0.0,0.0,0.0,24.201428034573468,0.0,0.0,0.0
2025-12-01,NT351,SPIRE HULL AND EAST RIDING HOSPITAL,2554,644.0,0.0,0.0,0.0,25.215348472983557,0.0,0.0,0.0
2026-01-01,NT351,SPIRE HULL AND EAST RIDING HOSPITAL,2717,900.0,0.0,0.0,0.0,33.12476996687523,0.0,0.0,0.0
2026-02-01,NT351,SPIRE HULL AND EAST RIDING HOSPITAL,2635,999.0,0.0,0.0,0.0,37.91271347248577,0.0,0.0,0.0
2026-03-01,NT351,SPIRE HULL AND EAST RIDING HOSPITAL,2525,1013.0,0.0,0.0,0.0,40.11881188118812,0.0,0.0,0.0
2026-04-01,NT351,SPIRE HULL AND EAST RIDING HOSPITAL,2570,1045.0,0.0,0.0,0.0,40.66147859922179,0.0,0.0,0.0
2026-05-01,NT351,SPIRE HULL AND EAST RIDING HOSPITAL,2847,1111.0,0.0,0.0,0.0,39.02353354408149,0.0,0.0,0.0
2026-06-01,NT351,SPIRE HULL AND EAST RIDING HOSPITAL,2910,1113.0,0.0,0.0,0.0,38.24742268041237,0.0,0.0,0.0
2025-04-01,NT364,SPIRE MONTEFIORE HOSPITAL,426,99.0,0.0,0.0,0.0,23.239436619718308,0.0,0.0,0.0
2025-05-01,NT364,SPIRE MONTEFIORE HOSPITAL,1327,578.0,84.0,43.0,1.0,43.55689525244914,6.330067822155237,3.2403918613413714,0.07535795026375283
2025-06-01,NT364,SPIRE MONTEFIORE HOSPITAL,1113,452.0,44.0,20.0,1.0,40.61096136567834,3.9532794249775383,1.7969451931716083,0.08984725965858043
2025-07-01,NT364,SPIRE MONTEFIORE HOSPITAL,986,490.0,61.0,18.0,1.0,49.69574036511156,6.186612576064909,1.8255578093306288,0.10141987829614604
2025-08-01,NT364,SPIRE MONTEFIORE HOSPITAL,877,450.0,30.0,11.0,1.0,51.31128848346636,3.4207525655644244,1.2542759407069555,0.11402508551881414
2025-09-01,NT364,SPIRE MONTEFIORE HOSPITAL,806,461.0,21.0,8.0,1.0,57.19602977667494,2.6054590570719602,0.9925558312655087,0.12406947890818859
2025-10-01,NT364,SPIRE MONTEFIORE HOSPITAL,877,459.0,30.0,4.0,0.0,52.33751425313569,3.4207525655644244,0.45610034207525657,0.0
2025-11-01,NT364,SPIRE MONTEFIORE HOSPITAL,802,425.0,33.0,3.0,0.0,52.9925187032419,4.114713216957606,0.3740648379052369,0.0
2025-12-01,NT364,SPIRE MONTEFIORE HOSPITAL,808,415.0,34.0,4.0,0.0,51.36138613861386,4.207920792079208,0.49504950495049505,0.0
2026-01-01,NT364,SPIRE MONTEFIORE HOSPITAL,797,396.0,32.0,2.0,0.0,49.68632371392723,4.0150564617314926,0.2509410288582183,0.0
2026-02-01,NT364,SPIRE MONTEFIORE HOSPITAL,751,351.0,30.0,7.0,0.0,46.737683089214386,3.9946737683089215,0.9320905459387484,0.0
2026-03-01,NT364,SPIRE MONTEFIORE HOSPITAL,610,288.0,10.0,2.0,0.0,47.21311475409836,1.639344262295082,0.32786885245901637,0.0
2026-04-01,NT364,SPIRE MONTEFIORE HOSPITAL,610,272.0,14.0,1.0,0.0,44.59016393442623,2.2950819672131146,0.16393442622950818,0.0
2026-05-01,NT364,SPIRE MONTEFIORE HOSPITAL,626,263.0,9.0,1.0,0.0,42.01277955271566,1.4376996805111821,0.1597444089456869,0.0
2026-06-01,NT364,SPIRE MONTEFIORE HOSPITAL,665,289.0,11.0,0.0,0.0,43.45864661654135,1.6541353383458646,0.0,0.0
2025-04-01,NT3X3,SPIRE ST ANTHONY'S HOSPITAL,1040,90.0,3.0,1.0,0.0,8.653846153846153,0.2884615384615385,0.09615384615384616,0.0
2025-05-01,NT3X3,SPIRE ST ANTHONY'S HOSPITAL,973,75.0,0.0,0.0,0.0,7.7081192189105865,0.0,0.0,0.0
2025-06-01,NT3X3,SPIRE ST ANTHONY'S HOSPITAL,985,79.0,1.0,1.0,0.0,8.020304568527918,0.10152284263959391,0.10152284263959391,0.0
2025-07-01,NT3X3,SPIRE ST ANTHONY'S HOSPITAL,542,63.0,2.0,0.0,0.0,11.623616236162361,0.36900369003690037,0.0,0.0
2025-08-01,NT3X3,SPIRE ST ANTHONY'S HOSPITAL,637,53.0,6.0,1.0,0.0,8.320251177394034,0.9419152276295133,0.15698587127158556,0.0
2025-09-01,NT3X3,SPIRE ST ANTHONY'S HOSPITAL,882,59.0,6.0,1.0,0.0,6.6893424036281175,0.6802721088435374,0.11337868480725624,0.0
2025-10-01,NT3X3,SPIRE ST ANTHONY'S HOSPITAL,1035,50.0,7.0,1.0,0.0,4.830917874396135,0.6763285024154589,0.0966183574879227,0.0
2025-11-01,NT3X3,SPIRE ST ANTHONY'S HOSPITAL,560,74.0,4.0,2.0,0.0,13.214285714285715,0.7142857142857143,0.35714285714285715,0.0
2025-12-01,NT3X3,SPIRE ST ANTHONY'S HOSPITAL,730,115.0,6.0,3.0,0.0,15.753424657534246,0.821917808219178,0.410958904109589,0.0
2026-01-01,NT3X3,SPIRE ST ANTHONY'S HOSPITAL,872,80.0,5.0,2.0,0.0,9.174311926605505,0.573394495412844,0.22935779816513763,0.0
2026-02-01,NT3X3,SPIRE ST ANTHONY'S HOSPITAL,930,69.0,3.0,2.0,0.0,7.419354838709677,0.3225806451612903,0.21505376344086022,0.0
2026-03-01,NT3X3,SPIRE ST ANTHONY'S HOSPITAL,1064,83.0,3.0,0.0,0.0,7.8007518796992485,0.28195488721804507,0.0,0.0
2026-04-01,NT3X3,SPIRE ST ANTHONY'S HOSPITAL,1026,76.0,3.0,0.0,0.0,7.4074074074074066,0.29239766081871343,0.0,0.0
2026-05-01,NT3X3,SPIRE ST ANTHONY'S HOSPITAL,1052,83.0,5.0,0.0,0.0,7.889733840304182,0.4752851711026616,0.0,0.0
2026-06-01,NT3X3,SPIRE ST ANTHONY'S HOSPITAL,1017,77.0,4.0,0.0,0.0,7.571288102261553,0.39331366764995085,0.0,0.0
2025-04-01,NT401,ALEXANDRA HOSPITAL,701,108.0,1.0,0.0,0.0,15.406562054208273,0.14265335235378032,0.0,0.0
2025-05-01,NT401,ALEXANDRA HOSPITAL,774,112.0,2.0,0.0,0.0,14.470284237726098,0.2583979328165375,0.0,0.0
2025-06-01,NT401,ALEXANDRA HOSPITAL,806,112.0,3.0,1.0,0.0,13.895781637717123,0.37220843672456577,0.12406947890818859,0.0
2025-07-01,NT401,ALEXANDRA HOSPITAL,822,128.0,2.0,0.0,0.0,15.571776155717762,0.24330900243309003,0.0,0.0
2025-08-01,NT401,ALEXANDRA HOSPITAL,873,144.0,0.0,0.0,0.0,16.49484536082474,0.0,0.0,0.0
2025-09-01,NT401,ALEXANDRA HOSPITAL,846,142.0,0.0,0.0,0.0,16.78486997635934,0.0,0.0,0.0
2025-10-01,NT401,ALEXANDRA HOSPITAL,875,181.0,6.0,0.0,0.0,20.685714285714283,0.6857142857142857,0.0,0.0
2025-11-01,NT401,ALEXANDRA HOSPITAL,971,242.0,9.0,0.0,0.0,24.922760041194643,0.9268795056642637,0.0,0.0
2025-12-01,NT401,ALEXANDRA HOSPITAL,1037,305.0,13.0,1.0,0.0,29.411764705882355,1.253616200578592,0.09643201542912247,0.0
2026-01-01,NT401,ALEXANDRA HOSPITAL,1004,357.0,2.0,0.0,0.0,35.55776892430279,0.199203187250996,0.0,0.0
2026-02-01,NT401,ALEXANDRA HOSPITAL,922,416.0,0.0,0.0,0.0,45.119305856832966,0.0,0.0,0.0
2026-03-01,NT401,ALEXANDRA HOSPITAL,778,335.0,0.0,0.0,0.0,43.05912596401028,0.0,0.0,0.0
2026-04-01,NT401,ALEXANDRA HOSPITAL,678,272.0,0.0,0.0,0.0,40.117994100294986,0.0,0.0,0.0
2026-05-01,NT401,ALEXANDRA HOSPITAL,604,218.0,0.0,0.0,0.0,36.092715231788084,0.0,0.0,0.0
2026-06-01,NT401,ALEXANDRA HOSPITAL,579,178.0,0.0,0.0,0.0,30.7426597582038,0.0,0.0,0.0
2025-04-01,NT402,BATH CLINIC,752,114.0,1.0,0.0,0.0,15.159574468085108,0.13297872340425532,0.0,0.0
2025-05-01,NT402,BATH CLINIC,789,177.0,0.0,0.0,0.0,22.433460076045627,0.0,0.0,0.0
2025-06-01,NT402,BATH CLINIC,782,159.0,0.0,0.0,0.0,20.33248081841432,0.0,0.0,0.0
2025-07-01,NT402,BATH CLINIC,740,155.0,0.0,0.0,0.0,20.945945945945947,0.0,0.0,0.0
2025-08-01,NT402,BATH CLINIC,787,192.0,0.0,0.0,0.0,24.396442185514612,0.0,0.0,0.0
2025-09-01,NT402,BATH CLINIC,824,220.0,0.0,0.0,0.0,26.699029126213592,0.0,0.0,0.0
2025-10-01,NT402,BATH CLINIC,811,223.0,0.0,0.0,0.0,27.49691738594328,0.0,0.0,0.0
2025-11-01,NT402,BATH CLINIC,883,257.0,0.0,0.0,0.0,29.10532276330691,0.0,0.0,0.0
2025-12-01,NT402,BATH CLINIC,784,199.0,0.0,0.0,0.0,25.38265306122449,0.0,0.0,0.0
2026-01-01,NT402,BATH CLINIC,761,237.0,0.0,0.0,0.0,31.14323258869908,0.0,0.0,0.0
2026-02-01,NT402,BATH CLINIC,776,278.0,0.0,0.0,0.0,35.824742268041234,0.0,0.0,0.0
2026-03-01,NT402,BATH CLINIC,748,259.0,0.0,0.0,0.0,34.62566844919786,0.0,0.0,0.0
2026-04-01,NT402,BATH CLINIC,669,172.0,0.0,0.0,0.0,25.710014947683106,0.0,0.0,0.0
2026-05-01,NT402,BATH CLINIC,683,139.0,0.0,0.0,0.0,20.351390922401173,0.0,0.0,0.0
2026-06-01,NT402,BATH CLINIC,696,132.0,0.0,0.0,0.0,18.96551724137931,0.0,0.0,0.0
2025-04-01,NT403,BEARDWOOD HOSPITAL,2621,628.0,2.0,0.0,0.0,23.96032048836322,0.07630675314765357,0.0,0.0
2025-05-01,NT403,BEARDWOOD HOSPITAL,2532,596.0,0.0,0.0,0.0,23.538704581358612,0.0,0.0,0.0
2025-06-01,NT403,BEARDWOOD HOSPITAL,2495,539.0,0.0,0.0,0.0,21.603206412825653,0.0,0.0,0.0
2025-07-01,NT403,BEARDWOOD HOSPITAL,2372,414.0,1.0,0.0,0.0,17.45362563237774,0.042158516020236084,0.0,0.0
2025-08-01,NT403,BEARDWOOD HOSPITAL,2368,423.0,0.0,0.0,0.0,17.863175675675674,0.0,0.0,0.0
2025-09-01,NT403,BEARDWOOD HOSPITAL,2404,488.0,0.0,0.0,0.0,20.299500831946755,0.0,0.0,0.0
2025-10-01,NT403,BEARDWOOD HOSPITAL,2186,375.0,1.0,0.0,0.0,17.15462031107045,0.04574565416285453,0.0,0.0
2025-11-01,NT403,BEARDWOOD HOSPITAL,2159,423.0,0.0,0.0,0.0,19.592403890690136,0.0,0.0,0.0
2025-12-01,NT403,BEARDWOOD HOSPITAL,2257,467.0,0.0,0.0,0.0,20.691182986264952,0.0,0.0,0.0
2026-01-01,NT403,BEARDWOOD HOSPITAL,2415,522.0,0.0,0.0,0.0,21.614906832298136,0.0,0.0,0.0
2026-02-01,NT403,BEARDWOOD HOSPITAL,2305,530.0,0.0,0.0,0.0,22.99349240780911,0.0,0.0,0.0
2026-03-01,NT403,BEARDWOOD HOSPITAL,2362,623.0,0.0,0.0,0.0,26.375952582557154,0.0,0.0,0.0
2026-04-01,NT403,BEARDWOOD HOSPITAL,2233,561.0,0.0,0.0,0.0,25.12315270935961,0.0,0.0,0.0
2026-05-01,NT403,BEARDWOOD HOSPITAL,2120,559.0,0.0,0.0,0.0,26.367924528301888,0.0,0.0,0.0
2026-06-01,NT403,BEARDWOOD HOSPITAL,2121,551.0,0.0,0.0,0.0,25.978312116925977,0.0,0.0,0.0
2025-04-01,NT404,BEAUMONT HOSPITAL,2288,458.0,0.0,0.0,0.0,20.017482517482517,0.0,0.0,0.0
2025-05-01,NT404,BEAUMONT HOSPITAL,2313,526.0,0.0,0.0,0.0,22.7410289667099,0.0,0.0,0.0
2025-06-01,NT404,BEAUMONT HOSPITAL,2608,669.0,0.0,0.0,0.0,25.651840490797547,0.0,0.0,0.0
2025-07-01,NT404,BEAUMONT HOSPITAL,3032,1002.0,12.0,1.0,1.0,33.047493403693935,0.395778364116095,0.032981530343007916,0.032981530343007916
2025-08-01,NT404,BEAUMONT HOSPITAL,2900,887.0,11.0,0.0,0.0,30.586206896551726,0.3793103448275862,0.0,0.0
2025-09-01,NT404,BEAUMONT HOSPITAL,2899,854.0,10.0,2.0,0.0,29.458433942738875,0.3449465332873405,0.0689893066574681,0.0
2025-10-01,NT404,BEAUMONT HOSPITAL,2842,725.0,3.0,0.0,0.0,25.510204081632654,0.1055594651653765,0.0,0.0
2025-11-01,NT404,BEAUMONT HOSPITAL,2933,708.0,3.0,0.0,0.0,24.139106716672348,0.10228435049437436,0.0,0.0
2025-12-01,NT404,BEAUMONT HOSPITAL,2938,678.0,8.0,0.0,0.0,23.076923076923077,0.2722940776038121,0.0,0.0
2026-01-01,NT404,BEAUMONT HOSPITAL,2944,821.0,9.0,0.0,0.0,27.887228260869566,0.30570652173913043,0.0,0.0
2026-02-01,NT404,BEAUMONT HOSPITAL,3149,1034.0,11.0,0.0,0.0,32.83582089552239,0.3493172435693871,0.0,0.0
2026-03-01,NT404,BEAUMONT HOSPITAL,3115,1088.0,0.0,0.0,0.0,34.92776886035313,0.0,0.0,0.0
2026-04-01,NT404,BEAUMONT HOSPITAL,3194,1194.0,1.0,0.0,0.0,37.38259236067627,0.031308703819661866,0.0,0.0
2026-05-01,NT404,BEAUMONT HOSPITAL,3426,1261.0,1.0,0.0,0.0,36.80677174547577,0.02918855808523059,0.0,0.0
2026-06-01,NT404,BEAUMONT HOSPITAL,3498,1256.0,0.0,0.0,0.0,35.906232132647226,0.0,0.0,0.0
2025-04-01,NT405,BISHOPS WOOD HOSPITAL,556,100.0,2.0,0.0,0.0,17.985611510791365,0.3597122302158274,0.0,0.0
2025-05-01,NT405,BISHOPS WOOD HOSPITAL,559,107.0,0.0,0.0,0.0,19.141323792486585,0.0,0.0,0.0
2025-06-01,NT405,BISHOPS WOOD HOSPITAL,569,103.0,0.0,0.0,0.0,18.101933216168717,0.0,0.0,0.0
2025-07-01,NT405,BISHOPS WOOD HOSPITAL,551,106.0,0.0,0.0,0.0,19.237749546279492,0.0,0.0,0.0
2025-08-01,NT405,BISHOPS WOOD HOSPITAL,523,78.0,0.0,0.0,0.0,14.91395793499044,0.0,0.0,0.0
2025-09-01,NT405,BISHOPS WOOD HOSPITAL,566,61.0,1.0,0.0,0.0,10.777385159010601,0.17667844522968199,0.0,0.0
2025-10-01,NT405,BISHOPS WOOD HOSPITAL,569,72.0,1.0,0.0,0.0,12.65377855887522,0.17574692442882248,0.0,0.0
2025-11-01,NT405,BISHOPS WOOD HOSPITAL,561,93.0,1.0,0.0,0.0,16.577540106951872,0.17825311942959002,0.0,0.0
2025-12-01,NT405,BISHOPS WOOD HOSPITAL,627,98.0,1.0,0.0,0.0,15.629984051036683,0.1594896331738437,0.0,0.0
2026-01-01,NT405,BISHOPS WOOD HOSPITAL,621,122.0,0.0,0.0,0.0,19.645732689210952,0.0,0.0,0.0
2026-02-01,NT405,BISHOPS WOOD HOSPITAL,573,107.0,1.0,0.0,0.0,18.673647469458988,0.17452006980802792,0.0,0.0
2026-03-01,NT405,BISHOPS WOOD HOSPITAL,521,98.0,0.0,0.0,0.0,18.809980806142036,0.0,0.0,0.0
2026-04-01,NT405,BISHOPS WOOD HOSPITAL,543,78.0,0.0,0.0,0.0,14.3646408839779,0.0,0.0,0.0
2026-05-01,NT405,BISHOPS WOOD HOSPITAL,609,70.0,0.0,0.0,0.0,11.494252873563218,0.0,0.0,0.0
2026-06-01,NT405,BISHOPS WOOD HOSPITAL,657,56.0,0.0,0.0,0.0,8.52359208523592,0.0,0.0,0.0
2025-04-01,NT406,BLACKHEATH HOSPITAL,1427,398.0,26.0,13.0,0.0,27.890679747722498,1.8220042046250877,0.9110021023125439,0.0
2025-05-01,NT406,BLACKHEATH HOSPITAL,1482,410.0,37.0,15.0,0.0,27.66531713900135,2.496626180836707,1.0121457489878543,0.0
2025-06-01,NT406,BLACKHEATH HOSPITAL,1466,379.0,46.0,10.0,0.0,25.852660300136428,3.1377899045020468,0.6821282401091405,0.0
2025-07-01,NT406,BLACKHEATH HOSPITAL,1505,406.0,57.0,21.0,0.0,26.976744186046513,3.7873754152823924,1.3953488372093024,0.0
2025-08-01,NT406,BLACKHEATH HOSPITAL,1494,393.0,64.0,22.0,0.0,26.305220883534137,4.28380187416332,1.4725568942436411,0.0
2025-09-01,NT406,BLACKHEATH HOSPITAL,1616,442.0,83.0,28.0,0.0,27.351485148514854,5.136138613861386,1.7326732673267329,0.0
2025-10-01,NT406,BLACKHEATH HOSPITAL,1609,422.0,43.0,27.0,0.0,26.22747047855811,2.6724673710379117,1.6780609073958979,0.0
2025-11-01,NT406,BLACKHEATH HOSPITAL,1506,378.0,35.0,14.0,0.0,25.099601593625497,2.3240371845949537,0.9296148738379815,0.0
2025-12-01,NT406,BLACKHEATH HOSPITAL,1575,436.0,28.0,4.0,0.0,27.68253968253968,1.7777777777777777,0.25396825396825395,0.0
2026-01-01,NT406,BLACKHEATH HOSPITAL,1572,496.0,34.0,9.0,0.0,31.552162849872772,2.1628498727735366,0.5725190839694656,0.0
2026-02-01,NT406,BLACKHEATH HOSPITAL,1541,556.0,38.0,13.0,0.0,36.080467229072035,2.4659312134977287,0.8436080467229071,0.0
2026-03-01,NT406,BLACKHEATH HOSPITAL,1510,472.0,23.0,5.0,0.0,31.25827814569536,1.5231788079470199,0.33112582781456956,0.0
2026-04-01,NT406,BLACKHEATH HOSPITAL,1485,448.0,13.0,5.0,0.0,30.168350168350166,0.8754208754208754,0.33670033670033667,0.0
2026-05-01,NT406,BLACKHEATH HOSPITAL,1389,404.0,10.0,5.0,0.0,29.08567314614831,0.7199424046076314,0.3599712023038157,0.0
2026-06-01,NT406,BLACKHEATH HOSPITAL,1321,407.0,13.0,6.0,0.0,30.80999242997729,0.984102952308857,0.45420136260408783,0.0
2025-04-01,NT408,CHAUCER HOSPITAL,815,179.0,0.0,0.0,0.0,21.96319018404908,0.0,0.0,0.0
2025-05-01,NT408,CHAUCER HOSPITAL,784,162.0,0.0,0.0,0.0,20.66326530612245,0.0,0.0,0.0
2025-06-01,NT408,CHAUCER HOSPITAL,806,140.0,0.0,0.0,0.0,17.3697270471464,0.0,0.0,0.0
2025-07-01,NT408,CHAUCER HOSPITAL,805,140.0,0.0,0.0,0.0,17.391304347826086,0.0,0.0,0.0
2025-08-01,NT408,CHAUCER HOSPITAL,809,139.0,0.0,0.0,0.0,17.18170580964153,0.0,0.0,0.0
2025-09-01,NT408,CHAUCER HOSPITAL,829,131.0,0.0,0.0,0.0,15.8021712907117,0.0,0.0,0.0
2025-10-01,NT408,CHAUCER HOSPITAL,821,128.0,0.0,0.0,0.0,15.590742996345918,0.0,0.0,0.0
2025-11-01,NT408,CHAUCER HOSPITAL,841,147.0,0.0,0.0,0.0,17.47919143876338,0.0,0.0,0.0
2025-12-01,NT408,CHAUCER HOSPITAL,915,164.0,0.0,0.0,0.0,17.923497267759565,0.0,0.0,0.0
2026-01-01,NT408,CHAUCER HOSPITAL,933,160.0,0.0,0.0,0.0,17.14898177920686,0.0,0.0,0.0
2026-02-01,NT408,CHAUCER HOSPITAL,951,179.0,0.0,0.0,0.0,18.82229232386961,0.0,0.0,0.0
2026-03-01,NT408,CHAUCER HOSPITAL,921,213.0,1.0,0.0,0.0,23.12703583061889,0.10857763300760044,0.0,0.0
2026-04-01,NT408,CHAUCER HOSPITAL,846,179.0,1.0,0.0,0.0,21.15839243498818,0.1182033096926714,0.0,0.0
2026-05-01,NT408,CHAUCER HOSPITAL,861,172.0,0.0,0.0,0.0,19.97677119628339,0.0,0.0,0.0
2026-06-01,NT408,CHAUCER HOSPITAL,869,207.0,0.0,0.0,0.0,23.8204833141542,0.0,0.0,0.0
2025-04-01,NT409,CHELSFIELD PARK HOSPITAL,639,94.0,2.0,1.0,0.0,14.710485133020345,0.3129890453834116,0.1564945226917058,0.0
2025-05-01,NT409,CHELSFIELD PARK HOSPITAL,691,115.0,7.0,1.0,0.0,16.642547033285094,1.0130246020260492,0.1447178002894356,0.0
2025-06-01,NT409,CHELSFIELD PARK HOSPITAL,741,116.0,7.0,2.0,0.0,15.654520917678813,0.9446693657219973,0.2699055330634278,0.0
2025-07-01,NT409,CHELSFIELD PARK HOSPITAL,764,142.0,4.0,1.0,0.0,18.586387434554975,0.5235602094240838,0.13089005235602094,0.0
2025-08-01,NT409,CHELSFIELD PARK HOSPITAL,811,150.0,4.0,2.0,0.0,18.495684340320594,0.4932182490752158,0.2466091245376079,0.0
2025-09-01,NT409,CHELSFIELD PARK HOSPITAL,834,153.0,6.0,1.0,0.0,18.345323741007196,0.7194244604316548,0.1199040767386091,0.0
2025-10-01,NT409,CHELSFIELD PARK HOSPITAL,802,151.0,7.0,1.0,0.0,18.82793017456359,0.8728179551122194,0.12468827930174563,0.0
2025-11-01,NT409,CHELSFIELD PARK HOSPITAL,808,147.0,7.0,0.0,0.0,18.193069306930692,0.8663366336633664,0.0,0.0
2025-12-01,NT409,CHELSFIELD PARK HOSPITAL,874,163.0,5.0,0.0,0.0,18.64988558352403,0.5720823798627002,0.0,0.0
2026-01-01,NT409,CHELSFIELD PARK HOSPITAL,800,156.0,3.0,0.0,0.0,19.5,0.375,0.0,0.0
2026-02-01,NT409,CHELSFIELD PARK HOSPITAL,765,135.0,2.0,0.0,0.0,17.647058823529413,0.261437908496732,0.0,0.0
2026-03-01,NT409,CHELSFIELD PARK HOSPITAL,768,129.0,0.0,0.0,0.0,16.796875,0.0,0.0,0.0
2026-04-01,NT409,CHELSFIELD PARK HOSPITAL,754,130.0,0.0,0.0,0.0,17.24137931034483,0.0,0.0,0.0
2026-05-01,NT409,CHELSFIELD PARK HOSPITAL,725,106.0,1.0,0.0,0.0,14.620689655172415,0.13793103448275862,0.0,0.0
2026-06-01,NT409,CHELSFIELD PARK HOSPITAL,720,99.0,0.0,0.0,0.0,13.750000000000002,0.0,0.0,0.0
2025-04-01,NT410,CHILTERN HOSPITAL,496,96.0,1.0,0.0,0.0,19.35483870967742,0.20161290322580644,0.0,0.0
2025-05-01,NT410,CHILTERN HOSPITAL,482,74.0,0.0,0.0,0.0,15.352697095435685,0.0,0.0,0.0
2025-06-01,NT410,CHILTERN HOSPITAL,451,98.0,0.0,0.0,0.0,21.729490022172946,0.0,0.0,0.0
2025-07-01,NT410,CHILTERN HOSPITAL,451,93.0,0.0,0.0,0.0,20.620842572062084,0.0,0.0,0.0
2025-08-01,NT410,CHILTERN HOSPITAL,419,82.0,0.0,0.0,0.0,19.570405727923628,0.0,0.0,0.0
2025-09-01,NT410,CHILTERN HOSPITAL,429,85.0,0.0,0.0,0.0,19.813519813519815,0.0,0.0,0.0
2025-10-01,NT410,CHILTERN HOSPITAL,457,101.0,1.0,1.0,0.0,22.100656455142232,0.2188183807439825,0.2188183807439825,0.0
2025-11-01,NT410,CHILTERN HOSPITAL,490,115.0,0.0,0.0,0.0,23.46938775510204,0.0,0.0,0.0
2025-12-01,NT410,CHILTERN HOSPITAL,498,104.0,1.0,0.0,0.0,20.883534136546185,0.2008032128514056,0.0,0.0
2026-01-01,NT410,CHILTERN HOSPITAL,455,93.0,0.0,0.0,0.0,20.439560439560438,0.0,0.0,0.0
2026-02-01,NT410,CHILTERN HOSPITAL,412,68.0,0.0,0.0,0.0,16.50485436893204,0.0,0.0,0.0
2026-03-01,NT410,CHILTERN HOSPITAL,421,81.0,1.0,0.0,0.0,19.239904988123516,0.23752969121140144,0.0,0.0
2026-04-01,NT410,CHILTERN HOSPITAL,381,65.0,0.0,0.0,0.0,17.060367454068242,0.0,0.0,0.0
2026-05-01,NT410,CHILTERN HOSPITAL,402,65.0,0.0,0.0,0.0,16.169154228855724,0.0,0.0,0.0
2026-06-01,NT410,CHILTERN HOSPITAL,415,60.0,0.0,0.0,0.0,14.457831325301203,0.0,0.0,0.0
2025-04-01,NT411,CLEMENTINE CHURCHILL HOSPITAL,1858,4.0,1.0,1.0,0.0,0.2152852529601722,0.05382131324004305,0.05382131324004305,0.0
2025-05-01,NT411,CLEMENTINE CHURCHILL HOSPITAL,1955,18.0,0.0,0.0,0.0,0.9207161125319693,0.0,0.0,0.0
2025-06-01,NT411,CLEMENTINE CHURCHILL HOSPITAL,2022,14.0,1.0,0.0,0.0,0.6923837784371909,0.04945598417408506,0.0,0.0
2025-07-01,NT411,CLEMENTINE CHURCHILL HOSPITAL,1965,8.0,2.0,2.0,0.0,0.4071246819338422,0.10178117048346055,0.10178117048346055,0.0
2025-08-01,NT411,CLEMENTINE CHURCHILL HOSPITAL,2000,10.0,0.0,0.0,0.0,0.5,0.0,0.0,0.0
2025-09-01,NT411,CLEMENTINE CHURCHILL HOSPITAL,1855,8.0,0.0,0.0,0.0,0.431266846361186,0.0,0.0,0.0
2025-10-01,NT411,CLEMENTINE CHURCHILL HOSPITAL,1894,25.0,0.0,0.0,0.0,1.3199577613516367,0.0,0.0,0.0
2025-11-01,NT411,CLEMENTINE CHURCHILL HOSPITAL,1979,68.0,0.0,0.0,0.0,3.4360788276907526,0.0,0.0,0.0
2025-12-01,NT411,CLEMENTINE CHURCHILL HOSPITAL,1842,5.0,0.0,0.0,0.0,0.2714440825190011,0.0,0.0,0.0
2026-01-01,NT411,CLEMENTINE CHURCHILL HOSPITAL,1908,10.0,0.0,0.0,0.0,0.5241090146750524,0.0,0.0,0.0
2026-02-01,NT411,CLEMENTINE CHURCHILL HOSPITAL,1964,18.0,0.0,0.0,0.0,0.9164969450101833,0.0,0.0,0.0
2026-03-01,NT411,CLEMENTINE CHURCHILL HOSPITAL,2005,8.0,0.0,0.0,0.0,0.399002493765586,0.0,0.0,0.0
2026-04-01,NT411,CLEMENTINE CHURCHILL HOSPITAL,2114,39.0,0.0,0.0,0.0,1.8448438978240302,0.0,0.0,0.0
2026-05-01,NT411,CLEMENTINE CHURCHILL HOSPITAL,2115,65.0,0.0,0.0,0.0,3.0732860520094563,0.0,0.0,0.0
2026-06-01,NT411,CLEMENTINE CHURCHILL HOSPITAL,2145,72.0,1.0,0.0,0.0,3.3566433566433567,0.046620046620046623,0.0,0.0
2025-04-01,NT412,DROITWICH SPA HOSPITAL,1976,673.0,1.0,0.0,0.0,34.058704453441294,0.05060728744939271,0.0,0.0
2025-05-01,NT412,DROITWICH SPA HOSPITAL,1788,599.0,2.0,0.0,0.0,33.50111856823266,0.11185682326621924,0.0,0.0
2025-06-01,NT412,DROITWICH SPA HOSPITAL,1745,502.0,2.0,0.0,0.0,28.767908309455585,0.1146131805157593,0.0,0.0
2025-07-01,NT412,DROITWICH SPA HOSPITAL,1690,411.0,0.0,0.0,0.0,24.319526627218934,0.0,0.0,0.0
2025-08-01,NT412,DROITWICH SPA HOSPITAL,1853,442.0,2.0,0.0,0.0,23.853211009174313,0.10793308148947653,0.0,0.0
2025-09-01,NT412,DROITWICH SPA HOSPITAL,1728,357.0,0.0,0.0,0.0,20.65972222222222,0.0,0.0,0.0
2025-10-01,NT412,DROITWICH SPA HOSPITAL,1806,386.0,2.0,0.0,0.0,21.373200442967885,0.11074197120708748,0.0,0.0
2025-11-01,NT412,DROITWICH SPA HOSPITAL,1782,436.0,3.0,0.0,0.0,24.4668911335578,0.16835016835016833,0.0,0.0
2025-12-01,NT412,DROITWICH SPA HOSPITAL,1862,520.0,2.0,0.0,0.0,27.926960257787325,0.10741138560687433,0.0,0.0
2026-01-01,NT412,DROITWICH SPA HOSPITAL,1997,515.0,2.0,0.0,0.0,25.78868302453681,0.10015022533800699,0.0,0.0
2026-02-01,NT412,DROITWICH SPA HOSPITAL,1739,499.0,2.0,0.0,0.0,28.69465209890742,0.11500862564692352,0.0,0.0
2026-03-01,NT412,DROITWICH SPA HOSPITAL,1563,466.0,0.0,0.0,0.0,29.81445937300064,0.0,0.0,0.0
2026-04-01,NT412,DROITWICH SPA HOSPITAL,1465,543.0,3.0,0.0,0.0,37.06484641638225,0.20477815699658702,0.0,0.0
2026-05-01,NT412,DROITWICH SPA HOSPITAL,1346,587.0,2.0,0.0,0.0,43.61069836552749,0.1485884101040119,0.0,0.0
2026-06-01,NT412,DROITWICH SPA HOSPITAL,1110,423.0,0.0,0.0,0.0,38.108108108108105,0.0,0.0,0.0
2025-04-01,NT416,HENDON HOSPITAL,1131,338.0,0.0,0.0,0.0,29.88505747126437,0.0,0.0,0.0
2025-05-01,NT416,HENDON HOSPITAL,1226,346.0,0.0,0.0,0.0,28.221859706362153,0.0,0.0,0.0
2025-06-01,NT416,HENDON HOSPITAL,1455,376.0,4.0,0.0,0.0,25.841924398625434,0.27491408934707906,0.0,0.0
2025-07-01,NT416,HENDON HOSPITAL,1043,249.0,4.0,0.0,0.0,23.87344199424736,0.38350910834132307,0.0,0.0
2025-08-01,NT416,HENDON HOSPITAL,1115,253.0,7.0,0.0,0.0,22.690582959641254,0.6278026905829596,0.0,0.0
2025-09-01,NT416,HENDON HOSPITAL,1194,250.0,1.0,1.0,0.0,20.938023450586265,0.08375209380234507,0.08375209380234507,0.0
2025-10-01,NT416,HENDON HOSPITAL,1198,284.0,2.0,0.0,0.0,23.706176961602672,0.1669449081803005,0.0,0.0
2025-11-01,NT416,HENDON HOSPITAL,1173,313.0,1.0,0.0,0.0,26.683716965046887,0.08525149190110827,0.0,0.0
2025-12-01,NT416,HENDON HOSPITAL,1163,362.0,2.0,0.0,0.0,31.12639724849527,0.17196904557179707,0.0,0.0
2026-01-01,NT416,HENDON HOSPITAL,1178,396.0,4.0,4.0,1.0,33.61629881154499,0.3395585738539898,0.3395585738539898,0.08488964346349745
2026-02-01,NT416,HENDON HOSPITAL,1130,389.0,2.0,1.0,0.0,34.424778761061944,0.17699115044247787,0.08849557522123894,0.0
2026-03-01,NT416,HENDON HOSPITAL,1128,393.0,5.0,0.0,0.0,34.840425531914896,0.44326241134751776,0.0,0.0
2026-04-01,NT416,HENDON HOSPITAL,1190,391.0,16.0,4.0,1.0,32.857142857142854,1.3445378151260505,0.33613445378151263,0.08403361344537816
2026-05-01,NT416,HENDON HOSPITAL,1279,370.0,12.0,4.0,2.0,28.928850664581706,0.9382329945269743,0.3127443315089914,0.1563721657544957
2026-06-01,NT416,HENDON HOSPITAL,1143,191.0,1.0,1.0,0.0,16.710411198600177,0.08748906386701663,0.08748906386701663,0.0
2025-04-01,NT417,GORING HALL HOSPITAL,1168,578.0,7.0,1.0,0.0,49.486301369863014,0.5993150684931506,0.08561643835616438,0.0
2025-05-01,NT417,GORING HALL HOSPITAL,1107,532.0,12.0,0.0,0.0,48.057813911472444,1.084010840108401,0.0,0.0
2025-06-01,NT417,GORING HALL HOSPITAL,1072,501.0,18.0,0.0,0.0,46.73507462686567,1.6791044776119404,0.0,0.0
2025-07-01,NT417,GORING HALL HOSPITAL,1025,465.0,20.0,0.0,0.0,45.36585365853659,1.951219512195122,0.0,0.0
2025-08-01,NT417,GORING HALL HOSPITAL,1063,435.0,24.0,1.0,0.0,40.92191909689558,2.257761053621825,0.09407337723424271,0.0
2025-09-01,NT417,GORING HALL HOSPITAL,1027,420.0,21.0,1.0,0.0,40.89581304771178,2.044790652385589,0.09737098344693282,0.0
2025-10-01,NT417,GORING HALL HOSPITAL,981,351.0,17.0,3.0,0.0,35.77981651376147,1.7329255861365953,0.3058103975535168,0.0
2025-11-01,NT417,GORING HALL HOSPITAL,942,357.0,16.0,3.0,0.0,37.898089171974526,1.6985138004246285,0.3184713375796179,0.0
2025-12-01,NT417,GORING HALL HOSPITAL,946,378.0,23.0,2.0,0.0,39.95771670190275,2.431289640591966,0.21141649048625794,0.0
2026-01-01,NT417,GORING HALL HOSPITAL,915,369.0,14.0,1.0,0.0,40.32786885245901,1.530054644808743,0.1092896174863388,0.0
2026-02-01,NT417,GORING HALL HOSPITAL,829,351.0,13.0,0.0,0.0,42.340168878166466,1.5681544028950543,0.0,0.0
2026-03-01,NT417,GORING HALL HOSPITAL,784,322.0,0.0,0.0,0.0,41.07142857142857,0.0,0.0,0.0
2026-04-01,NT417,GORING HALL HOSPITAL,784,343.0,0.0,0.0,0.0,43.75,0.0,0.0,0.0
2026-05-01,NT417,GORING HALL HOSPITAL,817,330.0,0.0,0.0,0.0,40.39167686658507,0.0,0.0,0.0
2026-06-01,NT417,GORING HALL HOSPITAL,906,311.0,3.0,0.0,0.0,34.32671081677704,0.33112582781456956,0.0,0.0
2025-04-01,NT418,HAMPSHIRE CLINIC,235,72.0,4.0,3.0,0.0,30.638297872340424,1.702127659574468,1.276595744680851,0.0
2025-05-01,NT418,HAMPSHIRE CLINIC,246,71.0,2.0,1.0,0.0,28.86178861788618,0.8130081300813009,0.40650406504065045,0.0
2025-06-01,NT418,HAMPSHIRE CLINIC,243,57.0,2.0,0.0,0.0,23.456790123456788,0.823045267489712,0.0,0.0
2025-07-01,NT418,HAMPSHIRE CLINIC,252,60.0,3.0,0.0,0.0,23.809523809523807,1.1904761904761905,0.0,0.0
2025-08-01,NT418,HAMPSHIRE CLINIC,290,66.0,2.0,1.0,0.0,22.758620689655174,0.6896551724137931,0.3448275862068966,0.0
2025-09-01,NT418,HAMPSHIRE CLINIC,294,62.0,3.0,2.0,0.0,21.08843537414966,1.0204081632653061,0.6802721088435374,0.0
2025-10-01,NT418,HAMPSHIRE CLINIC,317,63.0,2.0,1.0,0.0,19.873817034700316,0.6309148264984227,0.31545741324921134,0.0
2025-11-01,NT418,HAMPSHIRE CLINIC,337,73.0,2.0,0.0,0.0,21.66172106824926,0.5934718100890208,0.0,0.0
2025-12-01,NT418,HAMPSHIRE CLINIC,342,106.0,2.0,1.0,0.0,30.994152046783626,0.5847953216374269,0.29239766081871343,0.0
2026-01-01,NT418,HAMPSHIRE CLINIC,336,157.0,2.0,1.0,0.0,46.726190476190474,0.5952380952380952,0.2976190476190476,0.0
2026-02-01,NT418,HAMPSHIRE CLINIC,298,160.0,1.0,1.0,0.0,53.691275167785236,0.33557046979865773,0.33557046979865773,0.0
2026-03-01,NT418,HAMPSHIRE CLINIC,319,165.0,3.0,0.0,0.0,51.724137931034484,0.9404388714733543,0.0,0.0
2026-04-01,NT418,HAMPSHIRE CLINIC,337,142.0,1.0,0.0,0.0,42.13649851632047,0.2967359050445104,0.0,0.0
2026-05-01,NT418,HAMPSHIRE CLINIC,374,168.0,2.0,0.0,0.0,44.919786096256686,0.53475935828877,0.0,0.0
2026-06-01,NT418,HAMPSHIRE CLINIC,364,143.0,1.0,0.0,0.0,39.285714285714285,0.27472527472527475,0.0,0.0
2025-04-01,NT419,HARBOUR HOSPITAL,157,26.0,0.0,0.0,0.0,16.560509554140125,0.0,0.0,0.0
2025-05-01,NT419,HARBOUR HOSPITAL,145,20.0,0.0,0.0,0.0,13.793103448275861,0.0,0.0,0.0
2025-06-01,NT419,HARBOUR HOSPITAL,143,29.0,1.0,0.0,0.0,20.27972027972028,0.6993006993006993,0.0,0.0
2025-07-01,NT419,HARBOUR HOSPITAL,146,42.0,0.0,0.0,0.0,28.767123287671232,0.0,0.0,0.0
2025-08-01,NT419,HARBOUR HOSPITAL,130,41.0,1.0,0.0,0.0,31.538461538461537,0.7692307692307693,0.0,0.0
2025-09-01,NT419,HARBOUR HOSPITAL,113,38.0,1.0,0.0,0.0,33.6283185840708,0.8849557522123894,0.0,0.0
2025-10-01,NT419,HARBOUR HOSPITAL,122,19.0,0.0,0.0,0.0,15.573770491803279,0.0,0.0,0.0
2025-11-01,NT419,HARBOUR HOSPITAL,132,22.0,0.0,0.0,0.0,16.666666666666664,0.0,0.0,0.0
2025-12-01,NT419,HARBOUR HOSPITAL,155,22.0,0.0,0.0,0.0,14.193548387096774,0.0,0.0,0.0
2026-01-01,NT419,HARBOUR HOSPITAL,147,23.0,0.0,0.0,0.0,15.646258503401361,0.0,0.0,0.0
2026-02-01,NT419,HARBOUR HOSPITAL,182,31.0,0.0,0.0,0.0,17.032967032967033,0.0,0.0,0.0
2026-03-01,NT419,HARBOUR HOSPITAL,194,60.0,0.0,0.0,0.0,30.927835051546392,0.0,0.0,0.0
2026-04-01,NT419,HARBOUR HOSPITAL,189,61.0,0.0,0.0,0.0,32.27513227513227,0.0,0.0,0.0
2026-05-01,NT419,HARBOUR HOSPITAL,167,56.0,0.0,0.0,0.0,33.532934131736525,0.0,0.0,0.0
2026-06-01,NT419,HARBOUR HOSPITAL,170,56.0,0.0,0.0,0.0,32.94117647058823,0.0,0.0,0.0
2025-04-01,NT420,HIGHFIELD HOSPITAL,988,167.0,0.0,0.0,0.0,16.902834008097166,0.0,0.0,0.0
2025-05-01,NT420,HIGHFIELD HOSPITAL,985,156.0,0.0,0.0,0.0,15.83756345177665,0.0,0.0,0.0
2025-06-01,NT420,HIGHFIELD HOSPITAL,1001,147.0,1.0,0.0,0.0,14.685314685314685,0.0999000999000999,0.0,0.0
2025-07-01,NT420,HIGHFIELD HOSPITAL,993,136.0,1.0,1.0,0.0,13.695871097683787,0.10070493454179255,0.10070493454179255,0.0
2025-08-01,NT420,HIGHFIELD HOSPITAL,1000,160.0,0.0,0.0,0.0,16.0,0.0,0.0,0.0
2025-09-01,NT420,HIGHFIELD HOSPITAL,972,197.0,0.0,0.0,0.0,20.267489711934157,0.0,0.0,0.0
2025-10-01,NT420,HIGHFIELD HOSPITAL,908,193.0,0.0,0.0,0.0,21.255506607929515,0.0,0.0,0.0
2025-11-01,NT420,HIGHFIELD HOSPITAL,881,189.0,1.0,0.0,0.0,21.45289443813848,0.11350737797956867,0.0,0.0
2025-12-01,NT420,HIGHFIELD HOSPITAL,944,231.0,3.0,0.0,0.0,24.470338983050848,0.31779661016949157,0.0,0.0
2026-01-01,NT420,HIGHFIELD HOSPITAL,901,263.0,0.0,0.0,0.0,29.189789123196448,0.0,0.0,0.0
2026-02-01,NT420,HIGHFIELD HOSPITAL,909,292.0,0.0,0.0,0.0,32.123212321232124,0.0,0.0,0.0
2026-03-01,NT420,HIGHFIELD HOSPITAL,932,288.0,0.0,0.0,0.0,30.90128755364807,0.0,0.0,0.0
2026-04-01,NT420,HIGHFIELD HOSPITAL,941,302.0,0.0,0.0,0.0,32.093517534537725,0.0,0.0,0.0
2026-05-01,NT420,HIGHFIELD HOSPITAL,909,278.0,0.0,0.0,0.0,30.583058305830583,0.0,0.0,0.0
2026-06-01,NT420,HIGHFIELD HOSPITAL,1083,382.0,1.0,0.0,0.0,35.27239150507849,0.09233610341643582,0.0,0.0
2025-04-01,NT421,KINGS OAK HOSPITAL,912,178.0,9.0,3.0,0.0,19.517543859649123,0.9868421052631579,0.3289473684210526,0.0
2025-05-01,NT421,KINGS OAK HOSPITAL,952,181.0,10.0,2.0,0.0,19.012605042016805,1.050420168067227,0.21008403361344538,0.0
2025-06-01,NT421,KINGS OAK HOSPITAL,984,209.0,6.0,3.0,1.0,21.239837398373986,0.6097560975609756,0.3048780487804878,0.10162601626016261
2025-07-01,NT421,KINGS OAK HOSPITAL,938,194.0,0.0,0.0,0.0,20.68230277185501,0.0,0.0,0.0
2025-08-01,NT421,KINGS OAK HOSPITAL,1003,233.0,2.0,1.0,0.0,23.230309072781655,0.19940179461615154,0.09970089730807577,0.0
2025-09-01,NT421,KINGS OAK HOSPITAL,1023,227.0,2.0,1.0,0.0,22.189638318670575,0.19550342130987292,0.09775171065493646,0.0
2025-10-01,NT421,KINGS OAK HOSPITAL,1027,218.0,2.0,1.0,0.0,21.226874391431352,0.19474196689386564,0.09737098344693282,0.0
2025-11-01,NT421,KINGS OAK HOSPITAL,1136,250.0,1.0,0.0,0.0,22.007042253521128,0.08802816901408451,0.0,0.0
2025-12-01,NT421,KINGS OAK HOSPITAL,1163,280.0,2.0,0.0,0.0,24.07566638005159,0.17196904557179707,0.0,0.0
2026-01-01,NT421,KINGS OAK HOSPITAL,1151,294.0,2.0,1.0,0.0,25.543006081668114,0.1737619461337967,0.08688097306689835,0.0
2026-02-01,NT421,KINGS OAK HOSPITAL,1140,312.0,2.0,1.0,0.0,27.368421052631582,0.17543859649122806,0.08771929824561403,0.0
2026-03-01,NT421,KINGS OAK HOSPITAL,1125,326.0,2.0,0.0,0.0,28.97777777777778,0.17777777777777778,0.0,0.0
2026-04-01,NT421,KINGS OAK HOSPITAL,1242,342.0,2.0,1.0,0.0,27.536231884057973,0.1610305958132045,0.08051529790660225,0.0
2026-05-01,NT421,KINGS OAK HOSPITAL,1389,347.0,2.0,2.0,0.0,24.98200143988481,0.14398848092152627,0.14398848092152627,0.0
2026-06-01,NT421,KINGS OAK HOSPITAL,1464,370.0,1.0,1.0,0.0,25.273224043715846,0.06830601092896176,0.06830601092896176,0.0
2025-04-01,NT422,LONDON INDEPENDENT HOSPITAL,3792,1528.0,127.0,17.0,0.0,40.29535864978903,3.34915611814346,0.4483122362869198,0.0
2025-05-01,NT422,LONDON INDEPENDENT HOSPITAL,3642,1438.0,122.0,17.0,0.0,39.483800109829765,3.3498077979132344,0.4667764964305327,0.0
2025-06-01,NT422,LONDON INDEPENDENT HOSPITAL,3744,1430.0,161.0,28.0,0.0,38.19444444444444,4.3002136752136755,0.7478632478632479,0.0
2025-07-01,NT422,LONDON INDEPENDENT HOSPITAL,3819,1371.0,169.0,18.0,0.0,35.8994501178319,4.425242210002619,0.4713275726630008,0.0
2025-08-01,NT422,LONDON INDEPENDENT HOSPITAL,3844,1155.0,114.0,25.0,0.0,30.046826222684704,2.9656607700312176,0.6503642039542143,0.0
2025-09-01,NT422,LONDON INDEPENDENT HOSPITAL,3570,741.0,26.0,5.0,0.0,20.756302521008404,0.7282913165266106,0.1400560224089636,0.0
2025-10-01,NT422,LONDON INDEPENDENT HOSPITAL,3538,586.0,45.0,4.0,0.0,16.56302996042962,1.2719050310910118,0.11305822498586772,0.0
2025-11-01,NT422,LONDON INDEPENDENT HOSPITAL,3787,613.0,23.0,2.0,0.0,16.186955373646686,0.6073409030895167,0.052812252442566675,0.0
2025-12-01,NT422,LONDON INDEPENDENT HOSPITAL,3988,687.0,22.0,8.0,0.0,17.226680040120364,0.551654964894684,0.20060180541624875,0.0
2026-01-01,NT422,LONDON INDEPENDENT HOSPITAL,3916,718.0,22.0,17.0,0.0,18.33503575076609,0.5617977528089888,0.43411644535240035,0.0
2026-02-01,NT422,LONDON INDEPENDENT HOSPITAL,3864,778.0,19.0,12.0,0.0,20.13457556935818,0.4917184265010352,0.3105590062111801,0.0
2026-03-01,NT422,LONDON INDEPENDENT HOSPITAL,3735,762.0,1.0,0.0,0.0,20.401606425702813,0.02677376171352075,0.0,0.0
2026-04-01,NT422,LONDON INDEPENDENT HOSPITAL,3991,778.0,7.0,3.0,0.0,19.493861187672263,0.17539463793535454,0.07516913054372337,0.0
2026-05-01,NT422,LONDON INDEPENDENT HOSPITAL,4128,754.0,8.0,0.0,0.0,18.265503875968992,0.1937984496124031,0.0,0.0
2026-06-01,NT422,LONDON INDEPENDENT HOSPITAL,4005,592.0,6.0,0.0,0.0,14.781523096129837,0.149812734082397,0.0,0.0
2025-04-01,NT423,MANOR HOSPITAL,842,346.0,5.0,0.0,0.0,41.09263657957244,0.5938242280285035,0.0,0.0
2025-05-01,NT423,MANOR HOSPITAL,842,369.0,14.0,0.0,0.0,43.82422802850356,1.66270783847981,0.0,0.0
2025-06-01,NT423,MANOR HOSPITAL,831,374.0,4.0,0.0,0.0,45.006016847172084,0.48134777376654636,0.0,0.0
2025-07-01,NT423,MANOR HOSPITAL,860,381.0,6.0,0.0,0.0,44.302325581395344,0.6976744186046512,0.0,0.0
2025-08-01,NT423,MANOR HOSPITAL,846,390.0,6.0,0.0,0.0,46.09929078014184,0.7092198581560284,0.0,0.0
2025-09-01,NT423,MANOR HOSPITAL,838,380.0,6.0,0.0,0.0,45.346062052505964,0.7159904534606205,0.0,0.0
2025-10-01,NT423,MANOR HOSPITAL,760,333.0,4.0,1.0,0.0,43.815789473684205,0.5263157894736842,0.13157894736842105,0.0
2025-11-01,NT423,MANOR HOSPITAL,725,344.0,2.0,0.0,0.0,47.44827586206897,0.27586206896551724,0.0,0.0
2025-12-01,NT423,MANOR HOSPITAL,675,334.0,10.0,0.0,0.0,49.48148148148148,1.4814814814814816,0.0,0.0
2026-01-01,NT423,MANOR HOSPITAL,601,317.0,6.0,0.0,0.0,52.74542429284526,0.9983361064891847,0.0,0.0
2026-02-01,NT423,MANOR HOSPITAL,542,321.0,7.0,0.0,0.0,59.22509225092251,1.2915129151291513,0.0,0.0
2026-03-01,NT423,MANOR HOSPITAL,660,343.0,5.0,0.0,0.0,51.96969696969697,0.7575757575757576,0.0,0.0
2026-04-01,NT423,MANOR HOSPITAL,671,356.0,6.0,0.0,0.0,53.055141579731746,0.8941877794336811,0.0,0.0
2026-05-01,NT423,MANOR HOSPITAL,700,357.0,13.0,1.0,0.0,51.0,1.8571428571428572,0.14285714285714285,0.0
2026-06-01,NT423,MANOR HOSPITAL,696,370.0,17.0,1.0,0.0,53.16091954022989,2.442528735632184,0.14367816091954022,0.0
2025-04-01,NT424,MERIDEN HOSPITAL,1792,310.0,3.0,1.0,0.0,17.299107142857142,0.16741071428571427,0.055803571428571425,0.0
2025-05-01,NT424,MERIDEN HOSPITAL,1947,344.0,3.0,1.0,0.0,17.668207498715972,0.15408320493066258,0.05136106831022085,0.0
2025-06-01,NT424,MERIDEN HOSPITAL,1901,289.0,1.0,0.0,0.0,15.202524986849028,0.052603892688058915,0.0,0.0
2025-07-01,NT424,MERIDEN HOSPITAL,1812,251.0,1.0,0.0,0.0,13.852097130242827,0.05518763796909492,0.0,0.0
2025-08-01,NT424,MERIDEN HOSPITAL,1837,238.0,1.0,0.0,0.0,12.955906369080022,0.05443658138268917,0.0,0.0
2025-09-01,NT424,MERIDEN HOSPITAL,1914,217.0,1.0,0.0,0.0,11.337513061650993,0.052246603970741906,0.0,0.0
2025-10-01,NT424,MERIDEN HOSPITAL,1838,215.0,1.0,0.0,0.0,11.697497279651795,0.0544069640914037,0.0,0.0
2025-11-01,NT424,MERIDEN HOSPITAL,1787,245.0,1.0,0.0,0.0,13.710128707330721,0.05595970900951316,0.0,0.0
2025-12-01,NT424,MERIDEN HOSPITAL,1691,261.0,0.0,0.0,0.0,15.43465405085748,0.0,0.0,0.0
2026-01-01,NT424,MERIDEN HOSPITAL,1741,290.0,0.0,0.0,0.0,16.65709362435382,0.0,0.0,0.0
2026-02-01,NT424,MERIDEN HOSPITAL,1765,314.0,0.0,0.0,0.0,17.790368271954673,0.0,0.0,0.0
2026-03-01,NT424,MERIDEN HOSPITAL,1834,324.0,0.0,0.0,0.0,17.66630316248637,0.0,0.0,0.0
2026-04-01,NT424,MERIDEN HOSPITAL,1877,331.0,0.0,0.0,0.0,17.6345231752797,0.0,0.0,0.0
2026-05-01,NT424,MERIDEN HOSPITAL,1803,275.0,0.0,0.0,0.0,15.252357182473656,0.0,0.0,0.0
2026-06-01,NT424,MERIDEN HOSPITAL,1897,288.0,0.0,0.0,0.0,15.181866104375331,0.0,0.0,0.0
2025-04-01,NT427,PARK HOSPITAL,1117,254.0,9.0,1.0,0.0,22.739480752014323,0.8057296329453895,0.08952551477170993,0.0
2025-05-01,NT427,PARK HOSPITAL,1168,241.0,11.0,2.0,0.0,20.633561643835616,0.9417808219178082,0.17123287671232876,0.0
2025-06-01,NT427,PARK HOSPITAL,1178,213.0,11.0,1.0,0.0,18.08149405772496,0.9337860780984719,0.08488964346349745,0.0
2025-07-01,NT427,PARK HOSPITAL,1443,272.0,9.0,3.0,0.0,18.84961884961885,0.6237006237006237,0.2079002079002079,0.0
2025-08-01,NT427,PARK HOSPITAL,1628,353.0,9.0,1.0,0.0,21.683046683046683,0.5528255528255528,0.06142506142506143,0.0
2025-09-01,NT427,PARK HOSPITAL,1739,327.0,10.0,3.0,0.0,18.803910293271993,0.5750431282346177,0.17251293847038526,0.0
2025-10-01,NT427,PARK HOSPITAL,1701,315.0,45.0,4.0,0.0,18.51851851851852,2.6455026455026456,0.23515579071134626,0.0
2025-11-01,NT427,PARK HOSPITAL,1733,407.0,29.0,3.0,0.0,23.48528563185228,1.673398730525101,0.17311021350259664,0.0
2025-12-01,NT427,PARK HOSPITAL,1758,425.0,19.0,4.0,0.0,24.17519908987486,1.0807736063708762,0.22753128555176336,0.0
2026-01-01,NT427,PARK HOSPITAL,1740,574.0,46.0,9.0,1.0,32.98850574712643,2.6436781609195403,0.5172413793103449,0.05747126436781609
2026-02-01,NT427,PARK HOSPITAL,1928,633.0,33.0,11.0,0.0,32.83195020746888,1.711618257261411,0.5705394190871369,0.0
2026-03-01,NT427,PARK HOSPITAL,1973,636.0,23.0,9.0,0.0,32.23517486061835,1.1657374556512925,0.456158134820071,0.0
2026-04-01,NT427,PARK HOSPITAL,2104,740.0,32.0,11.0,0.0,35.17110266159696,1.520912547528517,0.5228136882129277,0.0
2026-05-01,NT427,PARK HOSPITAL,2182,778.0,40.0,12.0,0.0,35.655362053162236,1.833180568285976,0.5499541704857929,0.0
2026-06-01,NT427,PARK HOSPITAL,2377,801.0,24.0,2.0,0.0,33.69793857803954,1.0096760622633572,0.08413967185527976,0.0
2025-04-01,NT428,PRINCESS MARGARET HOSPITAL,100,19.0,0.0,0.0,0.0,19.0,0.0,0.0,0.0
2025-05-01,NT428,PRINCESS MARGARET HOSPITAL,109,14.0,0.0,0.0,0.0,12.844036697247708,0.0,0.0,0.0
2025-06-01,NT428,PRINCESS MARGARET HOSPITAL,94,5.0,1.0,0.0,0.0,5.319148936170213,1.0638297872340425,0.0,0.0
2025-07-01,NT428,PRINCESS MARGARET HOSPITAL,80,3.0,1.0,0.0,0.0,3.75,1.25,0.0,0.0
2025-08-01,NT428,PRINCESS MARGARET HOSPITAL,67,2.0,0.0,0.0,0.0,2.9850746268656714,0.0,0.0,0.0
2025-09-01,NT428,PRINCESS MARGARET HOSPITAL,79,5.0,0.0,0.0,0.0,6.329113924050633,0.0,0.0,0.0
2025-10-01,NT428,PRINCESS MARGARET HOSPITAL,80,5.0,0.0,0.0,0.0,6.25,0.0,0.0,0.0
2025-11-01,NT428,PRINCESS MARGARET HOSPITAL,75,6.0,0.0,0.0,0.0,8.0,0.0,0.0,0.0
2025-12-01,NT428,PRINCESS MARGARET HOSPITAL,73,8.0,0.0,0.0,0.0,10.95890410958904,0.0,0.0,0.0
2026-01-01,NT428,PRINCESS MARGARET HOSPITAL,70,4.0,0.0,0.0,0.0,5.714285714285714,0.0,0.0,0.0
2026-02-01,NT428,PRINCESS MARGARET HOSPITAL,89,3.0,0.0,0.0,0.0,3.3707865168539324,0.0,0.0,0.0
2026-03-01,NT428,PRINCESS MARGARET HOSPITAL,71,5.0,0.0,0.0,0.0,7.042253521126761,0.0,0.0,0.0
2026-04-01,NT428,PRINCESS MARGARET HOSPITAL,64,7.0,0.0,0.0,0.0,10.9375,0.0,0.0,0.0
2026-05-01,NT428,PRINCESS MARGARET HOSPITAL,49,7.0,0.0,0.0,0.0,14.285714285714285,0.0,0.0,0.0
2026-06-01,NT428,PRINCESS MARGARET HOSPITAL,59,2.0,0.0,0.0,0.0,3.389830508474576,0.0,0.0,0.0
2025-04-01,NT429,PRIORY HOSPITAL,872,183.0,0.0,0.0,0.0,20.98623853211009,0.0,0.0,0.0
2025-05-01,NT429,PRIORY HOSPITAL,793,168.0,0.0,0.0,0.0,21.185372005044137,0.0,0.0,0.0
2025-06-01,NT429,PRIORY HOSPITAL,698,157.0,0.0,0.0,0.0,22.492836676217763,0.0,0.0,0.0
2025-07-01,NT429,PRIORY HOSPITAL,595,116.0,1.0,1.0,0.0,19.495798319327733,0.16806722689075632,0.16806722689075632,0.0
2025-08-01,NT429,PRIORY HOSPITAL,552,101.0,0.0,0.0,0.0,18.297101449275363,0.0,0.0,0.0
2025-09-01,NT429,PRIORY HOSPITAL,484,80.0,0.0,0.0,0.0,16.528925619834713,0.0,0.0,0.0
2025-10-01,NT429,PRIORY HOSPITAL,438,57.0,0.0,0.0,0.0,13.013698630136986,0.0,0.0,0.0
2025-11-01,NT429,PRIORY HOSPITAL,423,59.0,0.0,0.0,0.0,13.947990543735225,0.0,0.0,0.0
2025-12-01,NT429,PRIORY HOSPITAL,364,59.0,0.0,0.0,0.0,16.208791208791208,0.0,0.0,0.0
2026-01-01,NT429,PRIORY HOSPITAL,503,98.0,0.0,0.0,0.0,19.4831013916501,0.0,0.0,0.0
2026-02-01,NT429,PRIORY HOSPITAL,614,150.0,1.0,1.0,0.0,24.429967426710096,0.16286644951140067,0.16286644951140067,0.0
2026-03-01,NT429,PRIORY HOSPITAL,669,198.0,3.0,1.0,0.0,29.596412556053814,0.4484304932735426,0.14947683109118087,0.0
2026-04-01,NT429,PRIORY HOSPITAL,625,170.0,0.0,0.0,0.0,27.200000000000003,0.0,0.0,0.0
2026-05-01,NT429,PRIORY HOSPITAL,569,139.0,0.0,0.0,0.0,24.42882249560633,0.0,0.0,0.0
2026-06-01,NT429,PRIORY HOSPITAL,547,111.0,0.0,0.0,0.0,20.29250457038391,0.0,0.0,0.0
2025-04-01,NT430,RIDGEWAY HOSPITAL,342,84.0,1.0,1.0,0.0,24.561403508771928,0.29239766081871343,0.29239766081871343,0.0
2025-05-01,NT430,RIDGEWAY HOSPITAL,341,77.0,0.0,0.0,0.0,22.58064516129032,0.0,0.0,0.0
2025-06-01,NT430,RIDGEWAY HOSPITAL,308,59.0,0.0,0.0,0.0,19.155844155844157,0.0,0.0,0.0
2025-07-01,NT430,RIDGEWAY HOSPITAL,326,49.0,0.0,0.0,0.0,15.030674846625766,0.0,0.0,0.0
2025-08-01,NT430,RIDGEWAY HOSPITAL,328,45.0,0.0,0.0,0.0,13.719512195121952,0.0,0.0,0.0
2025-09-01,NT430,RIDGEWAY HOSPITAL,338,50.0,0.0,0.0,0.0,14.792899408284024,0.0,0.0,0.0
2025-10-01,NT430,RIDGEWAY HOSPITAL,321,44.0,0.0,0.0,0.0,13.707165109034266,0.0,0.0,0.0
2025-11-01,NT430,RIDGEWAY HOSPITAL,320,42.0,0.0,0.0,0.0,13.125,0.0,0.0,0.0
2025-12-01,NT430,RIDGEWAY HOSPITAL,339,54.0,1.0,1.0,0.0,15.929203539823009,0.2949852507374631,0.2949852507374631,0.0
2026-01-01,NT430,RIDGEWAY HOSPITAL,343,56.0,1.0,1.0,0.0,16.3265306122449,0.2915451895043732,0.2915451895043732,0.0
2026-02-01,NT430,RIDGEWAY HOSPITAL,360,55.0,0.0,0.0,0.0,15.277777777777779,0.0,0.0,0.0
2026-03-01,NT430,RIDGEWAY HOSPITAL,448,127.0,0.0,0.0,0.0,28.348214285714285,0.0,0.0,0.0
2026-04-01,NT430,RIDGEWAY HOSPITAL,430,119.0,0.0,0.0,0.0,27.674418604651162,0.0,0.0,0.0
2026-05-01,NT430,RIDGEWAY HOSPITAL,377,61.0,0.0,0.0,0.0,16.180371352785148,0.0,0.0,0.0
2026-06-01,NT430,RIDGEWAY HOSPITAL,399,69.0,1.0,1.0,1.0,17.293233082706767,0.2506265664160401,0.2506265664160401,0.2506265664160401
2025-04-01,NT431,RUNNYMEDE HOSPITAL,102,9.0,0.0,0.0,0.0,8.823529411764707,0.0,0.0,0.0
2025-05-01,NT431,RUNNYMEDE HOSPITAL,87,7.0,0.0,0.0,0.0,8.045977011494253,0.0,0.0,0.0
2025-06-01,NT431,RUNNYMEDE HOSPITAL,82,4.0,0.0,0.0,0.0,4.878048780487805,0.0,0.0,0.0
2025-07-01,NT431,RUNNYMEDE HOSPITAL,91,10.0,0.0,0.0,0.0,10.989010989010989,0.0,0.0,0.0
2025-08-01,NT431,RUNNYMEDE HOSPITAL,100,13.0,0.0,0.0,0.0,13.0,0.0,0.0,0.0
2025-09-01,NT431,RUNNYMEDE HOSPITAL,125,20.0,1.0,0.0,0.0,16.0,0.8,0.0,0.0
2025-10-01,NT431,RUNNYMEDE HOSPITAL,139,31.0,4.0,0.0,0.0,22.302158273381295,2.877697841726619,0.0,0.0
2025-11-01,NT431,RUNNYMEDE HOSPITAL,153,40.0,13.0,0.0,0.0,26.143790849673206,8.49673202614379,0.0,0.0
2025-12-01,NT431,RUNNYMEDE HOSPITAL,154,33.0,8.0,1.0,0.0,21.428571428571427,5.194805194805195,0.6493506493506493,0.0
2026-01-01,NT431,RUNNYMEDE HOSPITAL,153,34.0,4.0,2.0,0.0,22.22222222222222,2.6143790849673203,1.3071895424836601,0.0
2026-02-01,NT431,RUNNYMEDE HOSPITAL,149,33.0,3.0,2.0,0.0,22.14765100671141,2.013422818791946,1.342281879194631,0.0
2026-03-01,NT431,RUNNYMEDE HOSPITAL,182,33.0,1.0,1.0,0.0,18.13186813186813,0.5494505494505495,0.5494505494505495,0.0
2026-04-01,NT431,RUNNYMEDE HOSPITAL,224,50.0,2.0,2.0,0.0,22.321428571428573,0.8928571428571428,0.8928571428571428,0.0
2026-05-01,NT431,RUNNYMEDE HOSPITAL,236,49.0,1.0,1.0,0.0,20.76271186440678,0.423728813559322,0.423728813559322,0.0
2026-06-01,NT431,RUNNYMEDE HOSPITAL,268,58.0,2.0,2.0,0.0,21.641791044776117,0.7462686567164178,0.7462686567164178,0.0
2025-04-01,NT433,SARUM ROAD HOSPITAL,374,100.0,0.0,0.0,0.0,26.737967914438503,0.0,0.0,0.0
2025-05-01,NT433,SARUM ROAD HOSPITAL,362,91.0,0.0,0.0,0.0,25.13812154696133,0.0,0.0,0.0
2025-06-01,NT433,SARUM ROAD HOSPITAL,376,91.0,1.0,0.0,0.0,24.20212765957447,0.26595744680851063,0.0,0.0
2025-07-01,NT433,SARUM ROAD HOSPITAL,367,92.0,0.0,0.0,0.0,25.068119891008173,0.0,0.0,0.0
2025-08-01,NT433,SARUM ROAD HOSPITAL,383,117.0,0.0,0.0,0.0,30.548302872062667,0.0,0.0,0.0
2025-09-01,NT433,SARUM ROAD HOSPITAL,394,116.0,0.0,0.0,0.0,29.441624365482234,0.0,0.0,0.0
2025-10-01,NT433,SARUM ROAD HOSPITAL,399,137.0,1.0,1.0,0.0,34.335839598997495,0.2506265664160401,0.2506265664160401,0.0
2025-11-01,NT433,SARUM ROAD HOSPITAL,367,147.0,0.0,0.0,0.0,40.05449591280654,0.0,0.0,0.0
2025-12-01,NT433,SARUM ROAD HOSPITAL,375,161.0,1.0,0.0,0.0,42.93333333333334,0.26666666666666666,0.0,0.0
2026-01-01,NT433,SARUM ROAD HOSPITAL,370,166.0,2.0,0.0,0.0,44.86486486486487,0.5405405405405406,0.0,0.0
2026-02-01,NT433,SARUM ROAD HOSPITAL,373,166.0,0.0,0.0,0.0,44.50402144772118,0.0,0.0,0.0
2026-03-01,NT433,SARUM ROAD HOSPITAL,343,155.0,2.0,0.0,0.0,45.18950437317784,0.5830903790087464,0.0,0.0
2026-04-01,NT433,SARUM ROAD HOSPITAL,284,147.0,2.0,0.0,0.0,51.76056338028169,0.7042253521126761,0.0,0.0
2026-05-01,NT433,SARUM ROAD HOSPITAL,273,134.0,2.0,0.0,0.0,49.08424908424908,0.7326007326007326,0.0,0.0
2026-06-01,NT433,SARUM ROAD HOSPITAL,256,114.0,1.0,0.0,0.0,44.53125,0.390625,0.0,0.0
2025-04-01,NT434,SAXON CLINIC,608,189.0,15.0,1.0,0.0,31.085526315789476,2.4671052631578947,0.1644736842105263,0.0
2025-05-01,NT434,SAXON CLINIC,599,184.0,12.0,1.0,0.0,30.71786310517529,2.003338898163606,0.1669449081803005,0.0
2025-06-01,NT434,SAXON CLINIC,594,187.0,7.0,1.0,0.0,31.48148148148148,1.1784511784511784,0.16835016835016833,0.0
2025-07-01,NT434,SAXON CLINIC,625,201.0,8.0,1.0,0.0,32.16,1.28,0.16,0.0
2025-08-01,NT434,SAXON CLINIC,634,217.0,8.0,1.0,0.0,34.22712933753943,1.2618296529968454,0.15772870662460567,0.0
2025-09-01,NT434,SAXON CLINIC,668,234.0,6.0,1.0,0.0,35.029940119760475,0.8982035928143712,0.14970059880239522,0.0
2025-10-01,NT434,SAXON CLINIC,653,254.0,8.0,1.0,0.0,38.89739663093415,1.2251148545176112,0.1531393568147014,0.0
2025-11-01,NT434,SAXON CLINIC,642,274.0,6.0,1.0,0.0,42.679127725856695,0.9345794392523363,0.1557632398753894,0.0
2025-12-01,NT434,SAXON CLINIC,690,280.0,1.0,0.0,0.0,40.57971014492754,0.14492753623188406,0.0,0.0
2026-01-01,NT434,SAXON CLINIC,721,309.0,4.0,1.0,0.0,42.857142857142854,0.5547850208044383,0.13869625520110956,0.0
2026-02-01,NT434,SAXON CLINIC,698,301.0,5.0,1.0,0.0,43.12320916905444,0.7163323782234957,0.14326647564469913,0.0
2026-03-01,NT434,SAXON CLINIC,688,304.0,6.0,1.0,0.0,44.18604651162791,0.872093023255814,0.14534883720930233,0.0
2026-04-01,NT434,SAXON CLINIC,785,392.0,8.0,2.0,0.0,49.93630573248408,1.019108280254777,0.25477707006369427,0.0
2026-05-01,NT434,SAXON CLINIC,803,434.0,13.0,1.0,0.0,54.04732254047323,1.61892901618929,0.12453300124533001,0.0
2026-06-01,NT434,SAXON CLINIC,782,440.0,15.0,1.0,0.0,56.26598465473146,1.9181585677749362,0.1278772378516624,0.0
2025-04-01,NT435,SHELBURNE HOSPITAL,162,66.0,0.0,0.0,0.0,40.74074074074074,0.0,0.0,0.0
2025-05-01,NT435,SHELBURNE HOSPITAL,150,50.0,0.0,0.0,0.0,33.33333333333333,0.0,0.0,0.0
2025-06-01,NT435,SHELBURNE HOSPITAL,150,40.0,1.0,0.0,0.0,26.666666666666668,0.6666666666666667,0.0,0.0
2025-07-01,NT435,SHELBURNE HOSPITAL,160,47.0,0.0,0.0,0.0,29.375,0.0,0.0,0.0
2025-08-01,NT435,SHELBURNE HOSPITAL,161,53.0,0.0,0.0,0.0,32.91925465838509,0.0,0.0,0.0
2025-09-01,NT435,SHELBURNE HOSPITAL,192,60.0,0.0,0.0,0.0,31.25,0.0,0.0,0.0
2025-10-01,NT435,SHELBURNE HOSPITAL,168,35.0,0.0,0.0,0.0,20.833333333333336,0.0,0.0,0.0
2025-11-01,NT435,SHELBURNE HOSPITAL,177,29.0,0.0,0.0,0.0,16.38418079096045,0.0,0.0,0.0
2025-12-01,NT435,SHELBURNE HOSPITAL,181,33.0,0.0,0.0,0.0,18.23204419889503,0.0,0.0,0.0
2026-01-01,NT435,SHELBURNE HOSPITAL,199,43.0,1.0,0.0,0.0,21.608040201005025,0.5025125628140703,0.0,0.0
2026-02-01,NT435,SHELBURNE HOSPITAL,189,35.0,0.0,0.0,0.0,18.51851851851852,0.0,0.0,0.0
2026-03-01,NT435,SHELBURNE HOSPITAL,180,52.0,0.0,0.0,0.0,28.888888888888886,0.0,0.0,0.0
2026-04-01,NT435,SHELBURNE HOSPITAL,149,42.0,0.0,0.0,0.0,28.187919463087248,0.0,0.0,0.0
2026-05-01,NT435,SHELBURNE HOSPITAL,136,39.0,0.0,0.0,0.0,28.676470588235293,0.0,0.0,0.0
2026-06-01,NT435,SHELBURNE HOSPITAL,125,48.0,0.0,0.0,0.0,38.4,0.0,0.0,0.0
2025-04-01,NT436,SHIRLEY OAKS HOSPITAL,911,242.0,2.0,0.0,0.0,26.5642151481888,0.21953896816684962,0.0,0.0
2025-05-01,NT436,SHIRLEY OAKS HOSPITAL,774,108.0,3.0,0.0,0.0,13.953488372093023,0.3875968992248062,0.0,0.0
2025-06-01,NT436,SHIRLEY OAKS HOSPITAL,760,106.0,2.0,0.0,0.0,13.94736842105263,0.2631578947368421,0.0,0.0
2025-07-01,NT436,SHIRLEY OAKS HOSPITAL,773,103.0,3.0,0.0,0.0,13.32470892626132,0.38809831824062097,0.0,0.0
2025-08-01,NT436,SHIRLEY OAKS HOSPITAL,828,124.0,3.0,0.0,0.0,14.975845410628018,0.36231884057971014,0.0,0.0
2025-09-01,NT436,SHIRLEY OAKS HOSPITAL,870,153.0,2.0,0.0,0.0,17.586206896551722,0.22988505747126436,0.0,0.0
2025-10-01,NT436,SHIRLEY OAKS HOSPITAL,872,163.0,2.0,1.0,0.0,18.692660550458715,0.22935779816513763,0.11467889908256881,0.0
2025-11-01,NT436,SHIRLEY OAKS HOSPITAL,908,186.0,10.0,4.0,0.0,20.484581497797357,1.1013215859030838,0.4405286343612335,0.0
2025-12-01,NT436,SHIRLEY OAKS HOSPITAL,919,196.0,22.0,7.0,0.0,21.327529923830248,2.3939064200217626,0.7616974972796519,0.0
2026-01-01,NT436,SHIRLEY OAKS HOSPITAL,883,203.0,28.0,7.0,0.0,22.989807474518685,3.1710079275198186,0.7927519818799547,0.0
2026-02-01,NT436,SHIRLEY OAKS HOSPITAL,900,222.0,12.0,2.0,0.0,24.666666666666668,1.3333333333333335,0.2222222222222222,0.0
2026-03-01,NT436,SHIRLEY OAKS HOSPITAL,968,252.0,1.0,0.0,0.0,26.033057851239672,0.10330578512396695,0.0,0.0
2026-04-01,NT436,SHIRLEY OAKS HOSPITAL,1018,275.0,3.0,0.0,0.0,27.013752455795675,0.29469548133595286,0.0,0.0
2026-05-01,NT436,SHIRLEY OAKS HOSPITAL,1032,282.0,6.0,0.0,0.0,27.325581395348834,0.5813953488372093,0.0,0.0
2026-06-01,NT436,SHIRLEY OAKS HOSPITAL,1057,292.0,4.0,0.0,0.0,27.625354777672655,0.3784295175023652,0.0,0.0
2025-04-01,NT437,SLOANE HOSPITAL,825,167.0,13.0,8.0,0.0,20.242424242424242,1.575757575757576,0.9696969696969697,0.0
2025-05-01,NT437,SLOANE HOSPITAL,795,153.0,5.0,2.0,0.0,19.245283018867926,0.628930817610063,0.25157232704402516,0.0
2025-06-01,NT437,SLOANE HOSPITAL,864,194.0,14.0,0.0,0.0,22.453703703703702,1.6203703703703702,0.0,0.0
2025-07-01,NT437,SLOANE HOSPITAL,895,238.0,25.0,2.0,0.0,26.59217877094972,2.793296089385475,0.22346368715083798,0.0
2025-08-01,NT437,SLOANE HOSPITAL,858,207.0,23.0,1.0,0.0,24.125874125874127,2.6806526806526807,0.11655011655011654,0.0
2025-09-01,NT437,SLOANE HOSPITAL,872,181.0,17.0,1.0,0.0,20.756880733944953,1.94954128440367,0.11467889908256881,0.0
2025-10-01,NT437,SLOANE HOSPITAL,821,159.0,21.0,6.0,0.0,19.366626065773445,2.5578562728380025,0.730816077953715,0.0
2025-11-01,NT437,SLOANE HOSPITAL,827,148.0,18.0,4.0,0.0,17.89600967351874,2.176541717049577,0.48367593712212814,0.0
2025-12-01,NT437,SLOANE HOSPITAL,878,154.0,19.0,4.0,0.0,17.539863325740317,2.164009111617312,0.45558086560364464,0.0
2026-01-01,NT437,SLOANE HOSPITAL,815,155.0,10.0,3.0,0.0,19.018404907975462,1.2269938650306749,0.36809815950920244,0.0
2026-02-01,NT437,SLOANE HOSPITAL,853,212.0,12.0,2.0,0.0,24.85345838218054,1.406799531066823,0.23446658851113714,0.0
2026-03-01,NT437,SLOANE HOSPITAL,863,228.0,11.0,1.0,0.0,26.41946697566628,1.2746234067207416,0.11587485515643105,0.0
2026-04-01,NT437,SLOANE HOSPITAL,882,227.0,6.0,0.0,0.0,25.736961451247165,0.6802721088435374,0.0,0.0
2026-05-01,NT437,SLOANE HOSPITAL,694,100.0,4.0,0.0,0.0,14.409221902017292,0.5763688760806917,0.0,0.0
2026-06-01,NT437,SLOANE HOSPITAL,703,84.0,0.0,0.0,0.0,11.948790896159316,0.0,0.0,0.0
2025-04-01,NT440,THORNBURY HOSPITAL,578,134.0,4.0,2.0,0.0,23.18339100346021,0.6920415224913495,0.34602076124567477,0.0
2025-05-01,NT440,THORNBURY HOSPITAL,616,141.0,6.0,2.0,0.0,22.88961038961039,0.974025974025974,0.3246753246753247,0.0
2025-06-01,NT440,THORNBURY HOSPITAL,616,142.0,5.0,1.0,0.0,23.051948051948052,0.8116883116883116,0.16233766233766234,0.0
2025-07-01,NT440,THORNBURY HOSPITAL,650,167.0,9.0,5.0,1.0,25.692307692307693,1.3846153846153846,0.7692307692307693,0.15384615384615385
2025-08-01,NT440,THORNBURY HOSPITAL,632,174.0,7.0,3.0,0.0,27.531645569620256,1.1075949367088607,0.4746835443037975,0.0
2025-09-01,NT440,THORNBURY HOSPITAL,620,168.0,2.0,1.0,0.0,27.09677419354839,0.3225806451612903,0.16129032258064516,0.0
2025-10-01,NT440,THORNBURY HOSPITAL,564,142.0,1.0,1.0,0.0,25.177304964539005,0.1773049645390071,0.1773049645390071,0.0
2025-11-01,NT440,THORNBURY HOSPITAL,571,152.0,1.0,0.0,0.0,26.619964973730298,0.17513134851138354,0.0,0.0
2025-12-01,NT440,THORNBURY HOSPITAL,583,166.0,1.0,0.0,0.0,28.473413379073758,0.17152658662092624,0.0,0.0
2026-01-01,NT440,THORNBURY HOSPITAL,631,172.0,2.0,0.0,0.0,27.258320126782888,0.31695721077654515,0.0,0.0
2026-02-01,NT440,THORNBURY HOSPITAL,662,181.0,3.0,0.0,0.0,27.341389728096676,0.4531722054380665,0.0,0.0
2026-03-01,NT440,THORNBURY HOSPITAL,712,204.0,4.0,1.0,0.0,28.651685393258425,0.5617977528089888,0.1404494382022472,0.0
2026-04-01,NT440,THORNBURY HOSPITAL,677,188.0,4.0,0.0,0.0,27.76957163958641,0.5908419497784343,0.0,0.0
2026-05-01,NT440,THORNBURY HOSPITAL,695,189.0,0.0,0.0,0.0,27.194244604316548,0.0,0.0,0.0
2026-06-01,NT440,THORNBURY HOSPITAL,730,222.0,2.0,1.0,0.0,30.41095890410959,0.273972602739726,0.136986301369863,0.0
2025-04-01,NT441,THREE SHIRES HOSPITAL,3369,1252.0,18.0,0.0,0.0,37.16236271890769,0.5342831700801425,0.0,0.0
2025-05-01,NT441,THREE SHIRES HOSPITAL,3340,1255.0,24.0,1.0,0.0,37.5748502994012,0.718562874251497,0.029940119760479042,0.0
2025-06-01,NT441,THREE SHIRES HOSPITAL,3453,1214.0,23.0,2.0,0.0,35.1578337677382,0.666087460179554,0.057920648711265565,0.0
2025-07-01,NT441,THREE SHIRES HOSPITAL,3519,1316.0,23.0,2.0,0.0,37.3969877806195,0.6535947712418301,0.05683432793407218,0.0
2025-08-01,NT441,THREE SHIRES HOSPITAL,3516,1369.0,28.0,1.0,0.0,38.936291240045506,0.7963594994311717,0.02844141069397042,0.0
2025-09-01,NT441,THREE SHIRES HOSPITAL,3625,1383.0,56.0,4.0,0.0,38.15172413793103,1.5448275862068965,0.1103448275862069,0.0
2025-10-01,NT441,THREE SHIRES HOSPITAL,3662,1434.0,79.0,4.0,0.0,39.158929546695795,2.1572910977607864,0.10922992900054614,0.0
2025-11-01,NT441,THREE SHIRES HOSPITAL,3573,1495.0,86.0,8.0,0.0,41.84158970053177,2.406940945983767,0.22390148334732718,0.0
2025-12-01,NT441,THREE SHIRES HOSPITAL,3612,1555.0,95.0,15.0,0.0,43.050941306755256,2.630121816168328,0.41528239202657813,0.0
2026-01-01,NT441,THREE SHIRES HOSPITAL,3467,1406.0,52.0,23.0,0.0,40.553792904528414,1.499855783097779,0.6633977502163254,0.0
2026-02-01,NT441,THREE SHIRES HOSPITAL,3537,1445.0,74.0,21.0,0.0,40.85383093016681,2.092168504382245,0.5937234944868532,0.0
2026-03-01,NT441,THREE SHIRES HOSPITAL,3631,1441.0,56.0,0.0,0.0,39.68603690443404,1.5422748554117323,0.0,0.0
2026-04-01,NT441,THREE SHIRES HOSPITAL,3666,1454.0,24.0,0.0,0.0,39.661756683033275,0.6546644844517185,0.0,0.0
2026-05-01,NT441,THREE SHIRES HOSPITAL,3642,1391.0,20.0,0.0,0.0,38.193300384404175,0.5491488193300385,0.0,0.0
2026-06-01,NT441,THREE SHIRES HOSPITAL,3728,1390.0,21.0,0.0,0.0,37.28540772532189,0.5633047210300429,0.0,0.0
2025-04-01,NT443,WINTERBOURNE HOSPITAL,276,21.0,0.0,0.0,0.0,7.608695652173914,0.0,0.0,0.0
2025-05-01,NT443,WINTERBOURNE HOSPITAL,283,16.0,0.0,0.0,0.0,5.6537102473498235,0.0,0.0,0.0
2025-06-01,NT443,WINTERBOURNE HOSPITAL,286,19.0,0.0,0.0,0.0,6.643356643356643,0.0,0.0,0.0
2025-07-01,NT443,WINTERBOURNE HOSPITAL,315,21.0,0.0,0.0,0.0,6.666666666666667,0.0,0.0,0.0
2025-08-01,NT443,WINTERBOURNE HOSPITAL,316,22.0,0.0,0.0,0.0,6.962025316455696,0.0,0.0,0.0
2025-09-01,NT443,WINTERBOURNE HOSPITAL,304,20.0,0.0,0.0,0.0,6.578947368421052,0.0,0.0,0.0
2025-10-01,NT443,WINTERBOURNE HOSPITAL,324,30.0,0.0,0.0,0.0,9.25925925925926,0.0,0.0,0.0
2025-11-01,NT443,WINTERBOURNE HOSPITAL,338,36.0,0.0,0.0,0.0,10.650887573964498,0.0,0.0,0.0
2025-12-01,NT443,WINTERBOURNE HOSPITAL,358,45.0,0.0,0.0,0.0,12.569832402234638,0.0,0.0,0.0
2026-01-01,NT443,WINTERBOURNE HOSPITAL,383,49.0,0.0,0.0,0.0,12.793733681462141,0.0,0.0,0.0
2026-02-01,NT443,WINTERBOURNE HOSPITAL,423,66.0,0.0,0.0,0.0,15.602836879432624,0.0,0.0,0.0
2026-03-01,NT443,WINTERBOURNE HOSPITAL,402,98.0,0.0,0.0,0.0,24.378109452736318,0.0,0.0,0.0
2026-04-01,NT443,WINTERBOURNE HOSPITAL,417,105.0,0.0,0.0,0.0,25.179856115107913,0.0,0.0,0.0
2026-05-01,NT443,WINTERBOURNE HOSPITAL,422,135.0,0.0,0.0,0.0,31.990521327014214,0.0,0.0,0.0
2026-06-01,NT443,WINTERBOURNE HOSPITAL,424,122.0,0.0,0.0,0.0,28.77358490566038,0.0,0.0,0.0
2025-04-01,NT446,ST EDMUNDS HOSPITAL,637,230.0,4.0,1.0,0.0,36.106750392464676,0.6279434850863422,0.15698587127158556,0.0
2025-05-01,NT446,ST EDMUNDS HOSPITAL,673,260.0,3.0,0.0,0.0,38.632986627043095,0.44576523031203563,0.0,0.0
2025-06-01,NT446,ST EDMUNDS HOSPITAL,652,266.0,2.0,0.0,0.0,40.79754601226993,0.3067484662576687,0.0,0.0
2025-07-01,NT446,ST EDMUNDS HOSPITAL,668,276.0,2.0,1.0,0.0,41.31736526946108,0.29940119760479045,0.14970059880239522,0.0
2025-08-01,NT446,ST EDMUNDS HOSPITAL,684,286.0,0.0,0.0,0.0,41.812865497076025,0.0,0.0,0.0
2025-09-01,NT446,ST EDMUNDS HOSPITAL,632,267.0,0.0,0.0,0.0,42.24683544303797,0.0,0.0,0.0
2025-10-01,NT446,ST EDMUNDS HOSPITAL,623,251.0,2.0,0.0,0.0,40.28892455858748,0.32102728731942215,0.0,0.0
2025-11-01,NT446,ST EDMUNDS HOSPITAL,583,199.0,3.0,0.0,0.0,34.133790737564325,0.5145797598627788,0.0,0.0
2025-12-01,NT446,ST EDMUNDS HOSPITAL,599,185.0,2.0,0.0,0.0,30.884808013355592,0.333889816360601,0.0,0.0
2026-01-01,NT446,ST EDMUNDS HOSPITAL,571,218.0,5.0,0.0,0.0,38.17863397548161,0.8756567425569177,0.0,0.0
2026-02-01,NT446,ST EDMUNDS HOSPITAL,579,271.0,7.0,0.0,0.0,46.80483592400691,1.2089810017271159,0.0,0.0
2026-03-01,NT446,ST EDMUNDS HOSPITAL,545,280.0,1.0,0.0,0.0,51.37614678899083,0.1834862385321101,0.0,0.0
2026-04-01,NT446,ST EDMUNDS HOSPITAL,521,252.0,1.0,0.0,0.0,48.368522072936656,0.19193857965451055,0.0,0.0
2026-05-01,NT446,ST EDMUNDS HOSPITAL,513,234.0,1.0,0.0,0.0,45.614035087719294,0.1949317738791423,0.0,0.0
2026-06-01,NT446,ST EDMUNDS HOSPITAL,394,118.0,0.0,0.0,0.0,29.949238578680205,0.0,0.0,0.0
2025-04-01,NT447,DUCHY HOSPITAL,477,164.0,0.0,0.0,0.0,34.38155136268344,0.0,0.0,0.0
2025-05-01,NT447,DUCHY HOSPITAL,495,170.0,0.0,0.0,0.0,34.34343434343434,0.0,0.0,0.0
2025-06-01,NT447,DUCHY HOSPITAL,491,160.0,0.0,0.0,0.0,32.586558044806516,0.0,0.0,0.0
2025-07-01,NT447,DUCHY HOSPITAL,433,132.0,0.0,0.0,0.0,30.484988452655887,0.0,0.0,0.0
2025-08-01,NT447,DUCHY HOSPITAL,398,129.0,0.0,0.0,0.0,32.41206030150754,0.0,0.0,0.0
2025-09-01,NT447,DUCHY HOSPITAL,378,117.0,1.0,0.0,0.0,30.952380952380953,0.26455026455026454,0.0,0.0
2025-10-01,NT447,DUCHY HOSPITAL,340,87.0,0.0,0.0,0.0,25.588235294117645,0.0,0.0,0.0
2025-11-01,NT447,DUCHY HOSPITAL,314,76.0,0.0,0.0,0.0,24.203821656050955,0.0,0.0,0.0
2025-12-01,NT447,DUCHY HOSPITAL,295,61.0,0.0,0.0,0.0,20.677966101694913,0.0,0.0,0.0
2026-01-01,NT447,DUCHY HOSPITAL,286,55.0,0.0,0.0,0.0,19.230769230769234,0.0,0.0,0.0
2026-02-01,NT447,DUCHY HOSPITAL,266,54.0,0.0,0.0,0.0,20.30075187969925,0.0,0.0,0.0
2026-03-01,NT447,DUCHY HOSPITAL,289,53.0,0.0,0.0,0.0,18.33910034602076,0.0,0.0,0.0
2026-04-01,NT447,DUCHY HOSPITAL,323,56.0,0.0,0.0,0.0,17.3374613003096,0.0,0.0,0.0
2026-05-01,NT447,DUCHY HOSPITAL,349,62.0,0.0,0.0,0.0,17.765042979942695,0.0,0.0,0.0
2026-06-01,NT447,DUCHY HOSPITAL,351,56.0,0.0,0.0,0.0,15.954415954415953,0.0,0.0,0.0
2025-04-01,NT448,HUDDERSFIELD PRIVATE HOSPITAL,644,41.0,0.0,0.0,0.0,6.366459627329192,0.0,0.0,0.0
2025-05-01,NT448,HUDDERSFIELD PRIVATE HOSPITAL,587,40.0,0.0,0.0,0.0,6.814310051107325,0.0,0.0,0.0
2025-06-01,NT448,HUDDERSFIELD PRIVATE HOSPITAL,592,44.0,0.0,0.0,0.0,7.4324324324324325,0.0,0.0,0.0
2025-07-01,NT448,HUDDERSFIELD PRIVATE HOSPITAL,789,41.0,0.0,0.0,0.0,5.196451204055767,0.0,0.0,0.0
2025-08-01,NT448,HUDDERSFIELD PRIVATE HOSPITAL,746,143.0,45.0,3.0,1.0,19.168900804289542,6.032171581769437,0.40214477211796246,0.13404825737265416
2025-09-01,NT448,HUDDERSFIELD PRIVATE HOSPITAL,717,80.0,38.0,7.0,0.0,11.157601115760112,5.299860529986053,0.9762900976290098,0.0
2025-10-01,NT448,HUDDERSFIELD PRIVATE HOSPITAL,729,113.0,29.0,10.0,0.0,15.500685871056241,3.9780521262002746,1.3717421124828533,0.0
2025-11-01,NT448,HUDDERSFIELD PRIVATE HOSPITAL,799,99.0,14.0,3.0,0.0,12.390488110137673,1.7521902377972465,0.37546933667083854,0.0
2025-12-01,NT448,HUDDERSFIELD PRIVATE HOSPITAL,772,94.0,6.0,0.0,0.0,12.176165803108809,0.7772020725388601,0.0,0.0
2026-01-01,NT448,HUDDERSFIELD PRIVATE HOSPITAL,787,79.0,1.0,1.0,0.0,10.038119440914867,0.12706480304955528,0.12706480304955528,0.0
2026-02-01,NT448,HUDDERSFIELD PRIVATE HOSPITAL,821,75.0,9.0,1.0,0.0,9.135200974421437,1.0962241169305724,0.12180267965895249,0.0
2026-03-01,NT448,HUDDERSFIELD PRIVATE HOSPITAL,974,79.0,7.0,0.0,0.0,8.11088295687885,0.7186858316221766,0.0,0.0
2026-04-01,NT448,HUDDERSFIELD PRIVATE HOSPITAL,1077,93.0,4.0,0.0,0.0,8.635097493036211,0.3714020427112349,0.0,0.0
2026-05-01,NT448,HUDDERSFIELD PRIVATE HOSPITAL,1146,117.0,4.0,1.0,0.0,10.209424083769633,0.34904013961605584,0.08726003490401396,0.0
2026-06-01,NT448,HUDDERSFIELD PRIVATE HOSPITAL,1120,78.0,1.0,1.0,0.0,6.964285714285714,0.08928571428571429,0.08928571428571429,0.0
2025-04-01,NT449,LANCASTER PRIVATE HOSPITAL,432,113.0,2.0,1.0,0.0,26.15740740740741,0.4629629629629629,0.23148148148148145,0.0
2025-05-01,NT449,LANCASTER PRIVATE HOSPITAL,420,88.0,0.0,0.0,0.0,20.952380952380953,0.0,0.0,0.0
2025-06-01,NT449,LANCASTER PRIVATE HOSPITAL,422,87.0,0.0,0.0,0.0,20.61611374407583,0.0,0.0,0.0
2025-07-01,NT449,LANCASTER PRIVATE HOSPITAL,421,87.0,0.0,0.0,0.0,20.665083135391924,0.0,0.0,0.0
2025-08-01,NT449,LANCASTER PRIVATE HOSPITAL,408,103.0,1.0,0.0,0.0,25.245098039215684,0.24509803921568626,0.0,0.0
2025-09-01,NT449,LANCASTER PRIVATE HOSPITAL,354,102.0,0.0,0.0,0.0,28.8135593220339,0.0,0.0,0.0
2025-10-01,NT449,LANCASTER PRIVATE HOSPITAL,343,103.0,0.0,0.0,0.0,30.029154518950435,0.0,0.0,0.0
2025-11-01,NT449,LANCASTER PRIVATE HOSPITAL,339,103.0,1.0,0.0,0.0,30.383480825958703,0.2949852507374631,0.0,0.0
2025-12-01,NT449,LANCASTER PRIVATE HOSPITAL,302,93.0,4.0,2.0,0.0,30.79470198675497,1.3245033112582782,0.6622516556291391,0.0
2026-01-01,NT449,LANCASTER PRIVATE HOSPITAL,291,83.0,1.0,1.0,0.0,28.52233676975945,0.3436426116838488,0.3436426116838488,0.0
2026-02-01,NT449,LANCASTER PRIVATE HOSPITAL,336,96.0,2.0,0.0,0.0,28.57142857142857,0.5952380952380952,0.0,0.0
2026-03-01,NT449,LANCASTER PRIVATE HOSPITAL,332,81.0,0.0,0.0,0.0,24.397590361445783,0.0,0.0,0.0
2026-04-01,NT449,LANCASTER PRIVATE HOSPITAL,299,46.0,1.0,0.0,0.0,15.384615384615385,0.33444816053511706,0.0,0.0
2026-05-01,NT449,LANCASTER PRIVATE HOSPITAL,296,29.0,1.0,0.0,0.0,9.797297297297296,0.33783783783783783,0.0,0.0
2026-06-01,NT449,LANCASTER PRIVATE HOSPITAL,284,25.0,1.0,0.0,0.0,8.80281690140845,0.35211267605633806,0.0,0.0
2025-04-01,NT450,LINCOLN PRIVATE HOSPITAL,1231,380.0,2.0,0.0,0.0,30.869212022745735,0.16246953696181965,0.0,0.0
2025-05-01,NT450,LINCOLN PRIVATE HOSPITAL,1215,402.0,4.0,0.0,0.0,33.086419753086425,0.3292181069958848,0.0,0.0
2025-06-01,NT450,LINCOLN PRIVATE HOSPITAL,1261,405.0,4.0,0.0,0.0,32.11736716891356,0.317208564631245,0.0,0.0
2025-07-01,NT450,LINCOLN PRIVATE HOSPITAL,1278,380.0,7.0,0.0,0.0,29.7339593114241,0.5477308294209703,0.0,0.0
2025-08-01,NT450,LINCOLN PRIVATE HOSPITAL,1260,370.0,0.0,0.0,0.0,29.365079365079367,0.0,0.0,0.0
2025-09-01,NT450,LINCOLN PRIVATE HOSPITAL,1269,357.0,0.0,0.0,0.0,28.132387706855795,0.0,0.0,0.0
2025-10-01,NT450,LINCOLN PRIVATE HOSPITAL,1272,361.0,2.0,0.0,0.0,28.38050314465409,0.15723270440251574,0.0,0.0
2025-11-01,NT450,LINCOLN PRIVATE HOSPITAL,1279,384.0,0.0,0.0,0.0,30.023455824863177,0.0,0.0,0.0
2025-12-01,NT450,LINCOLN PRIVATE HOSPITAL,1263,404.0,0.0,0.0,0.0,31.987331749802056,0.0,0.0,0.0
2026-01-01,NT450,LINCOLN PRIVATE HOSPITAL,1226,387.0,0.0,0.0,0.0,31.56606851549755,0.0,0.0,0.0
2026-02-01,NT450,LINCOLN PRIVATE HOSPITAL,1230,412.0,1.0,0.0,0.0,33.4959349593496,0.08130081300813008,0.0,0.0
2026-03-01,NT450,LINCOLN PRIVATE HOSPITAL,1126,462.0,0.0,0.0,0.0,41.03019538188277,0.0,0.0,0.0
2026-04-01,NT450,LINCOLN PRIVATE HOSPITAL,1152,474.0,0.0,0.0,0.0,41.14583333333333,0.0,0.0,0.0
2026-05-01,NT450,LINCOLN PRIVATE HOSPITAL,1164,440.0,0.0,0.0,0.0,37.80068728522337,0.0,0.0,0.0
2026-06-01,NT450,LINCOLN PRIVATE HOSPITAL,1198,381.0,0.0,0.0,0.0,31.803005008347245,0.0,0.0,0.0
2025-04-01,NT451,CAVELL HOSPITAL,1370,402.0,3.0,0.0,0.0,29.34306569343066,0.21897810218978103,0.0,0.0
2025-05-01,NT451,CAVELL HOSPITAL,1428,363.0,9.0,0.0,0.0,25.42016806722689,0.6302521008403361,0.0,0.0
2025-06-01,NT451,CAVELL HOSPITAL,1352,277.0,6.0,0.0,0.0,20.488165680473372,0.4437869822485207,0.0,0.0
2025-07-01,NT451,CAVELL HOSPITAL,1330,264.0,3.0,0.0,0.0,19.849624060150376,0.2255639097744361,0.0,0.0
2025-08-01,NT451,CAVELL HOSPITAL,1347,286.0,3.0,0.0,0.0,21.232368225686713,0.22271714922048996,0.0,0.0
2025-09-01,NT451,CAVELL HOSPITAL,1390,286.0,3.0,1.0,0.0,20.575539568345324,0.2158273381294964,0.07194244604316546,0.0
2025-10-01,NT451,CAVELL HOSPITAL,1316,289.0,3.0,1.0,0.0,21.960486322188448,0.22796352583586624,0.07598784194528875,0.0
2025-11-01,NT451,CAVELL HOSPITAL,1230,326.0,3.0,0.0,0.0,26.504065040650403,0.24390243902439024,0.0,0.0
2025-12-01,NT451,CAVELL HOSPITAL,1284,355.0,1.0,1.0,0.0,27.647975077881622,0.0778816199376947,0.0778816199376947,0.0
2026-01-01,NT451,CAVELL HOSPITAL,1220,300.0,3.0,2.0,0.0,24.59016393442623,0.24590163934426232,0.16393442622950818,0.0
2026-02-01,NT451,CAVELL HOSPITAL,1269,321.0,3.0,1.0,0.0,25.295508274231675,0.2364066193853428,0.07880220646178093,0.0
2026-03-01,NT451,CAVELL HOSPITAL,1348,364.0,5.0,0.0,0.0,27.002967359050444,0.370919881305638,0.0,0.0
2026-04-01,NT451,CAVELL HOSPITAL,1334,376.0,6.0,1.0,0.0,28.18590704647676,0.4497751124437781,0.07496251874062969,0.0
2026-05-01,NT451,CAVELL HOSPITAL,1370,388.0,7.0,0.0,0.0,28.32116788321168,0.5109489051094891,0.0,0.0
2026-06-01,NT451,CAVELL HOSPITAL,1499,427.0,5.0,2.0,0.0,28.48565710473649,0.333555703802535,0.13342228152101399,0.0
2025-04-01,NT455,MOUNT ALVERNIA HOSPITAL,217,34.0,1.0,0.0,0.0,15.668202764976957,0.4608294930875576,0.0,0.0
2025-05-01,NT455,MOUNT ALVERNIA HOSPITAL,219,40.0,0.0,0.0,0.0,18.2648401826484,0.0,0.0,0.0
2025-06-01,NT455,MOUNT ALVERNIA HOSPITAL,239,46.0,0.0,0.0,0.0,19.246861924686193,0.0,0.0,0.0
2025-07-01,NT455,MOUNT ALVERNIA HOSPITAL,260,56.0,0.0,0.0,0.0,21.53846153846154,0.0,0.0,0.0
2025-08-01,NT455,MOUNT ALVERNIA HOSPITAL,264,52.0,0.0,0.0,0.0,19.696969696969695,0.0,0.0,0.0
2025-09-01,NT455,MOUNT ALVERNIA HOSPITAL,268,47.0,0.0,0.0,0.0,17.537313432835823,0.0,0.0,0.0
2025-10-01,NT455,MOUNT ALVERNIA HOSPITAL,272,47.0,0.0,0.0,0.0,17.27941176470588,0.0,0.0,0.0
2025-11-01,NT455,MOUNT ALVERNIA HOSPITAL,269,74.0,0.0,0.0,0.0,27.509293680297397,0.0,0.0,0.0
2025-12-01,NT455,MOUNT ALVERNIA HOSPITAL,261,82.0,1.0,0.0,0.0,31.417624521072796,0.38314176245210724,0.0,0.0
2026-01-01,NT455,MOUNT ALVERNIA HOSPITAL,251,71.0,1.0,0.0,0.0,28.286852589641438,0.398406374501992,0.0,0.0
2026-02-01,NT455,MOUNT ALVERNIA HOSPITAL,237,64.0,1.0,0.0,0.0,27.004219409282697,0.42194092827004215,0.0,0.0
2026-03-01,NT455,MOUNT ALVERNIA HOSPITAL,223,68.0,1.0,0.0,0.0,30.493273542600896,0.4484304932735426,0.0,0.0
2026-04-01,NT455,MOUNT ALVERNIA HOSPITAL,229,72.0,3.0,0.0,0.0,31.4410480349345,1.3100436681222707,0.0,0.0
2026-05-01,NT455,MOUNT ALVERNIA HOSPITAL,251,79.0,4.0,1.0,0.0,31.47410358565737,1.593625498007968,0.398406374501992,0.0
2026-06-01,NT455,MOUNT ALVERNIA HOSPITAL,255,71.0,4.0,0.0,0.0,27.84313725490196,1.5686274509803921,0.0,0.0
2025-04-01,NT457,WOODLANDS HOSPITAL,2051,458.0,1.0,1.0,0.0,22.33057045343735,0.04875670404680643,0.04875670404680643,0.0
2025-05-01,NT457,WOODLANDS HOSPITAL,2108,444.0,0.0,0.0,0.0,21.062618595825427,0.0,0.0,0.0
2025-06-01,NT457,WOODLANDS HOSPITAL,2053,407.0,0.0,0.0,0.0,19.82464685825621,0.0,0.0,0.0
2025-07-01,NT457,WOODLANDS HOSPITAL,2167,435.0,0.0,0.0,0.0,20.073834794646977,0.0,0.0,0.0
2025-08-01,NT457,WOODLANDS HOSPITAL,2228,465.0,0.0,0.0,0.0,20.870736086175942,0.0,0.0,0.0
2025-09-01,NT457,WOODLANDS HOSPITAL,2332,498.0,1.0,0.0,0.0,21.355060034305318,0.04288164665523156,0.0,0.0
2025-10-01,NT457,WOODLANDS HOSPITAL,2315,499.0,2.0,0.0,0.0,21.555075593952484,0.08639308855291576,0.0,0.0
2025-11-01,NT457,WOODLANDS HOSPITAL,2469,522.0,6.0,0.0,0.0,21.142162818955043,0.24301336573511542,0.0,0.0
2025-12-01,NT457,WOODLANDS HOSPITAL,2376,509.0,0.0,0.0,0.0,21.422558922558924,0.0,0.0,0.0
2026-01-01,NT457,WOODLANDS HOSPITAL,2403,531.0,1.0,0.0,0.0,22.09737827715356,0.04161464835622139,0.0,0.0
2026-02-01,NT457,WOODLANDS HOSPITAL,2510,566.0,6.0,1.0,0.0,22.54980079681275,0.2390438247011952,0.0398406374501992,0.0
2026-03-01,NT457,WOODLANDS HOSPITAL,2661,579.0,0.0,0.0,0.0,21.758737316798197,0.0,0.0,0.0
2026-04-01,NT457,WOODLANDS HOSPITAL,2757,585.0,7.0,0.0,0.0,21.218715995647443,0.25389916575988397,0.0,0.0
2026-05-01,NT457,WOODLANDS HOSPITAL,2849,580.0,8.0,0.0,0.0,20.358020358020358,0.2808002808002808,0.0,0.0
2026-06-01,NT457,WOODLANDS HOSPITAL,2800,499.0,4.0,0.0,0.0,17.821428571428573,0.14285714285714285,0.0,0.0
2025-04-01,NT490,SOUTHEND PRIVATE HOSPITAL,1303,82.0,0.0,0.0,0.0,6.293169608595549,0.0,0.0,0.0
2025-05-01,NT490,SOUTHEND PRIVATE HOSPITAL,1343,149.0,0.0,0.0,0.0,11.094564408041698,0.0,0.0,0.0
2025-06-01,NT490,SOUTHEND PRIVATE HOSPITAL,1460,194.0,0.0,0.0,0.0,13.287671232876713,0.0,0.0,0.0
2025-07-01,NT490,SOUTHEND PRIVATE HOSPITAL,1554,265.0,0.0,0.0,0.0,17.052767052767052,0.0,0.0,0.0
2025-08-01,NT490,SOUTHEND PRIVATE HOSPITAL,1670,349.0,2.0,0.0,0.0,20.898203592814372,0.11976047904191617,0.0,0.0
2025-09-01,NT490,SOUTHEND PRIVATE HOSPITAL,1412,366.0,1.0,1.0,0.0,25.920679886685555,0.0708215297450425,0.0708215297450425,0.0
2025-10-01,NT490,SOUTHEND PRIVATE HOSPITAL,1287,336.0,0.0,0.0,0.0,26.107226107226104,0.0,0.0,0.0
2025-11-01,NT490,SOUTHEND PRIVATE HOSPITAL,1480,437.0,0.0,0.0,0.0,29.527027027027025,0.0,0.0,0.0
2025-12-01,NT490,SOUTHEND PRIVATE HOSPITAL,1476,464.0,1.0,0.0,0.0,31.43631436314363,0.06775067750677506,0.0,0.0
2026-01-01,NT490,SOUTHEND PRIVATE HOSPITAL,1433,425.0,0.0,0.0,0.0,29.65806001395673,0.0,0.0,0.0
2026-02-01,NT490,SOUTHEND PRIVATE HOSPITAL,1363,398.0,0.0,0.0,0.0,29.20029347028613,0.0,0.0,0.0
2026-03-01,NT490,SOUTHEND PRIVATE HOSPITAL,1038,133.0,0.0,0.0,0.0,12.8131021194605,0.0,0.0,0.0
2026-04-01,NT490,SOUTHEND PRIVATE HOSPITAL,1252,142.0,0.0,0.0,0.0,11.341853035143771,0.0,0.0,0.0
2026-05-01,NT490,SOUTHEND PRIVATE HOSPITAL,1268,175.0,8.0,0.0,0.0,13.801261829652997,0.6309148264984227,0.0,0.0
2026-06-01,NT490,SOUTHEND PRIVATE HOSPITAL,1234,195.0,0.0,0.0,0.0,15.80226904376013,0.0,0.0,0.0
2025-04-01,NTE02,ST HUGH'S HOSPITAL,2752,979.0,84.0,16.0,0.0,35.57412790697674,3.0523255813953485,0.5813953488372093,0.0
2025-05-01,NTE02,ST HUGH'S HOSPITAL,2593,930.0,99.0,20.0,0.0,35.86579251831855,3.8179714616274585,0.7713073659853451,0.0
2025-06-01,NTE02,ST HUGH'S HOSPITAL,2421,832.0,61.0,17.0,0.0,34.36596447748864,2.5196199917389506,0.7021891780256092,0.0
2025-07-01,NTE02,ST HUGH'S HOSPITAL,2259,610.0,52.0,19.0,1.0,27.003098716246125,2.3019034971226207,0.84108012394865,0.04426737494466578
2025-08-01,NTE02,ST HUGH'S HOSPITAL,2164,543.0,42.0,16.0,0.0,25.092421441774494,1.9408502772643252,0.7393715341959335,0.0
2025-09-01,NTE02,ST HUGH'S HOSPITAL,2045,503.0,35.0,8.0,1.0,24.596577017114914,1.7114914425427872,0.3911980440097799,0.04889975550122249
2025-10-01,NTE02,ST HUGH'S HOSPITAL,2009,449.0,21.0,7.0,0.0,22.34942757590841,1.0452961672473868,0.34843205574912894,0.0
2025-11-01,NTE02,ST HUGH'S HOSPITAL,1929,341.0,11.0,4.0,0.0,17.67755313634007,0.5702436495593572,0.20736132711249353,0.0
2025-12-01,NTE02,ST HUGH'S HOSPITAL,2026,389.0,5.0,2.0,0.0,19.200394866732477,0.24679170779861795,0.09871668311944717,0.0
2026-01-01,NTE02,ST HUGH'S HOSPITAL,1998,425.0,4.0,0.0,0.0,21.27127127127127,0.20020020020020018,0.0,0.0
2026-02-01,NTE02,ST HUGH'S HOSPITAL,1983,479.0,5.0,0.0,0.0,24.155320221886033,0.2521432173474533,0.0,0.0
2026-03-01,NTE02,ST HUGH'S HOSPITAL,1941,444.0,12.0,0.0,0.0,22.874806800618238,0.6182380216383307,0.0,0.0
2026-04-01,NTE02,ST HUGH'S HOSPITAL,2063,406.0,11.0,3.0,0.0,19.680077556955887,0.5332040717401841,0.1454192922927775,0.0
2026-05-01,NTE02,ST HUGH'S HOSPITAL,2157,364.0,14.0,5.0,1.0,16.875289754288364,0.6490496059341678,0.23180343069077425,0.04636068613815484
2026-06-01,NTE02,ST HUGH'S HOSPITAL,2229,389.0,9.0,2.0,0.0,17.451772095109916,0.4037685060565276,0.08972633467922835,0.0
2025-04-01,NTP11,PRACTICE PLUS GROUP HOSPITAL - SOUTHAMPTON,8057,2784.0,19.0,1.0,0.0,34.55380414546357,0.23581978403872408,0.012411567580985477,0.0
2025-05-01,NTP11,PRACTICE PLUS GROUP HOSPITAL - SOUTHAMPTON,8073,2473.0,24.0,0.0,0.0,30.63297411123498,0.29728725380899296,0.0,0.0
2025-06-01,NTP11,PRACTICE PLUS GROUP HOSPITAL - SOUTHAMPTON,8074,2370.0,37.0,0.0,0.0,29.35348030715878,0.4582610849640822,0.0,0.0
2025-07-01,NTP11,PRACTICE PLUS GROUP HOSPITAL - SOUTHAMPTON,7943,2398.0,31.0,0.0,0.0,30.190104494523478,0.3902807503462168,0.0,0.0
2025-08-01,NTP11,PRACTICE PLUS GROUP HOSPITAL - SOUTHAMPTON,8141,2530.0,19.0,0.0,0.0,31.077263235474756,0.2333865618474389,0.0,0.0
2025-09-01,NTP11,PRACTICE PLUS GROUP HOSPITAL - SOUTHAMPTON,8494,2868.0,26.0,1.0,0.0,33.76501059571462,0.30609842241582297,0.01177301624676242,0.0
2025-10-01,NTP11,PRACTICE PLUS GROUP HOSPITAL - SOUTHAMPTON,8323,3083.0,22.0,0.0,0.0,37.04193199567464,0.26432776643037365,0.0,0.0
2025-11-01,NTP11,PRACTICE PLUS GROUP HOSPITAL - SOUTHAMPTON,8154,3018.0,11.0,0.0,0.0,37.012509197939664,0.13490311503556535,0.0,0.0
2025-12-01,NTP11,PRACTICE PLUS GROUP HOSPITAL - SOUTHAMPTON,8095,3192.0,7.0,0.0,0.0,39.431747992588015,0.08647313156269301,0.0,0.0
2026-01-01,NTP11,PRACTICE PLUS GROUP HOSPITAL - SOUTHAMPTON,8984,3359.0,5.0,0.0,0.0,37.3886910062333,0.05565449688334817,0.0,0.0
2026-02-01,NTP11,PRACTICE PLUS GROUP HOSPITAL - SOUTHAMPTON,9590,3518.0,7.0,0.0,0.0,36.68404588112617,0.072992700729927,0.0,0.0
2026-03-01,NTP11,PRACTICE PLUS GROUP HOSPITAL - SOUTHAMPTON,10619,3851.0,13.0,0.0,0.0,36.26518504567285,0.12242207364158585,0.0,0.0
2026-04-01,NTP11,PRACTICE PLUS GROUP HOSPITAL - SOUTHAMPTON,10899,3987.0,12.0,0.0,0.0,36.5813377374071,0.11010184420589045,0.0,0.0
2026-05-01,NTP11,PRACTICE PLUS GROUP HOSPITAL - SOUTHAMPTON,10853,4007.0,7.0,0.0,0.0,36.9206670966553,0.06449829540219294,0.0,0.0
2026-06-01,NTP11,PRACTICE PLUS GROUP HOSPITAL - SOUTHAMPTON,10481,4232.0,7.0,0.0,0.0,40.377826543268775,0.06678752027478295,0.0,0.0
2025-04-01,NTP13,PRACTICE PLUS GROUP HOSPITAL - BARLBOROUGH,2139,630.0,5.0,0.0,0.0,29.453015427769984,0.23375409069658717,0.0,0.0
2025-05-01,NTP13,PRACTICE PLUS GROUP HOSPITAL - BARLBOROUGH,2064,620.0,4.0,0.0,0.0,30.03875968992248,0.1937984496124031,0.0,0.0
2025-06-01,NTP13,PRACTICE PLUS GROUP HOSPITAL - BARLBOROUGH,2168,605.0,7.0,0.0,0.0,27.905904059040594,0.32287822878228783,0.0,0.0
2025-07-01,NTP13,PRACTICE PLUS GROUP HOSPITAL - BARLBOROUGH,2098,522.0,3.0,1.0,0.0,24.880838894184937,0.14299332697807435,0.047664442326024785,0.0
2025-08-01,NTP13,PRACTICE PLUS GROUP HOSPITAL - BARLBOROUGH,2034,544.0,3.0,1.0,0.0,26.745329400196656,0.14749262536873156,0.049164208456243856,0.0
2025-09-01,NTP13,PRACTICE PLUS GROUP HOSPITAL - BARLBOROUGH,2013,536.0,5.0,1.0,0.0,26.626924987580725,0.24838549428713363,0.04967709885742673,0.0
2025-10-01,NTP13,PRACTICE PLUS GROUP HOSPITAL - BARLBOROUGH,2062,549.0,3.0,1.0,0.0,26.624636275460716,0.1454898157129001,0.04849660523763337,0.0
2025-11-01,NTP13,PRACTICE PLUS GROUP HOSPITAL - BARLBOROUGH,1948,545.0,5.0,2.0,0.0,27.97741273100616,0.25667351129363447,0.10266940451745381,0.0
2025-12-01,NTP13,PRACTICE PLUS GROUP HOSPITAL - BARLBOROUGH,1978,539.0,3.0,1.0,0.0,27.24974721941355,0.15166835187057634,0.05055611729019212,0.0
2026-01-01,NTP13,PRACTICE PLUS GROUP HOSPITAL - BARLBOROUGH,1959,504.0,6.0,1.0,0.0,25.727411944869832,0.3062787136294028,0.05104645227156713,0.0
2026-02-01,NTP13,PRACTICE PLUS GROUP HOSPITAL - BARLBOROUGH,1964,484.0,3.0,1.0,0.0,24.643584521384927,0.15274949083503053,0.05091649694501018,0.0
2026-03-01,NTP13,PRACTICE PLUS GROUP HOSPITAL - BARLBOROUGH,1953,458.0,0.0,0.0,0.0,23.45110087045571,0.0,0.0,0.0
2026-04-01,NTP13,PRACTICE PLUS GROUP HOSPITAL - BARLBOROUGH,1867,437.0,2.0,0.0,0.0,23.40653454740225,0.10712372790573112,0.0,0.0
2026-05-01,NTP13,PRACTICE PLUS GROUP HOSPITAL - BARLBOROUGH,1760,444.0,2.0,0.0,0.0,25.227272727272727,0.11363636363636363,0.0,0.0
2026-06-01,NTP13,PRACTICE PLUS GROUP HOSPITAL - BARLBOROUGH,2017,444.0,3.0,0.0,0.0,22.012890431333666,0.1487357461576599,0.0,0.0
2025-04-01,NTP15,PRACTICE PLUS GROUP HOSPITAL - ILFORD,5952,1614.0,8.0,1.0,1.0,27.116935483870968,0.13440860215053765,0.016801075268817207,0.016801075268817207
2025-05-01,NTP15,PRACTICE PLUS GROUP HOSPITAL - ILFORD,5626,1517.0,3.0,0.0,0.0,26.964095271951656,0.053323853537148955,0.0,0.0
2025-06-01,NTP15,PRACTICE PLUS GROUP HOSPITAL - ILFORD,5530,1425.0,2.0,1.0,0.0,25.76853526220615,0.03616636528028933,0.018083182640144666,0.0
2025-07-01,NTP15,PRACTICE PLUS GROUP HOSPITAL - ILFORD,5659,1451.0,4.0,3.0,1.0,25.6405725393179,0.0706838664074925,0.05301289980561937,0.017670966601873124
2025-08-01,NTP15,PRACTICE PLUS GROUP HOSPITAL - ILFORD,5822,1606.0,1.0,1.0,0.0,27.58502232909653,0.017176228100309172,0.017176228100309172,0.0
2025-09-01,NTP15,PRACTICE PLUS GROUP HOSPITAL - ILFORD,6073,1736.0,14.0,8.0,2.0,28.585542565453647,0.23052856907623911,0.13173061090070806,0.032932652725177015
2025-10-01,NTP15,PRACTICE PLUS GROUP HOSPITAL - ILFORD,5810,1712.0,2.0,1.0,0.0,29.466437177280554,0.034423407917383825,0.017211703958691912,0.0
2025-11-01,NTP15,PRACTICE PLUS GROUP HOSPITAL - ILFORD,5660,1697.0,1.0,0.0,0.0,29.98233215547703,0.0176678445229682,0.0,0.0
2025-12-01,NTP15,PRACTICE PLUS GROUP HOSPITAL - ILFORD,5471,1732.0,13.0,2.0,1.0,31.65783220617803,0.23761652348747944,0.03655638822884299,0.018278194114421494
2026-01-01,NTP15,PRACTICE PLUS GROUP HOSPITAL - ILFORD,5032,1626.0,13.0,3.0,2.0,32.31319554848967,0.25834658187599363,0.05961844197138314,0.0397456279809221
2026-02-01,NTP15,PRACTICE PLUS GROUP HOSPITAL - ILFORD,4822,1536.0,16.0,1.0,0.0,31.854002488593945,0.33181252592285354,0.020738282870178346,0.0
2026-03-01,NTP15,PRACTICE PLUS GROUP HOSPITAL - ILFORD,4719,1579.0,16.0,11.0,2.0,33.460478915024375,0.33905488450943,0.2331002331002331,0.04238186056367875
2026-04-01,NTP15,PRACTICE PLUS GROUP HOSPITAL - ILFORD,4656,1481.0,38.0,9.0,0.0,31.80841924398625,0.816151202749141,0.19329896907216496,0.0
2026-05-01,NTP15,PRACTICE PLUS GROUP HOSPITAL - ILFORD,4836,1387.0,47.0,12.0,0.0,28.68072787427626,0.9718775847808105,0.24813895781637718,0.0
2026-06-01,NTP15,PRACTICE PLUS GROUP HOSPITAL - ILFORD,4736,1270.0,53.0,12.0,0.0,26.81587837837838,1.119087837837838,0.2533783783783784,0.0
2025-04-01,NTP16,PRACTICE PLUS GROUP SURGICAL CENTRE - GILLINGHAM,1050,311.0,161.0,137.0,22.0,29.619047619047617,15.333333333333332,13.047619047619047,2.0952380952380953
2025-05-01,NTP16,PRACTICE PLUS GROUP SURGICAL CENTRE - GILLINGHAM,961,227.0,153.0,147.0,33.0,23.621227887617067,15.920915712799166,15.29656607700312,3.433922996878252
2025-06-01,NTP16,PRACTICE PLUS GROUP SURGICAL CENTRE - GILLINGHAM,1056,222.0,153.0,149.0,54.0,21.022727272727273,14.488636363636365,14.109848484848486,5.113636363636364
2025-07-01,NTP16,PRACTICE PLUS GROUP SURGICAL CENTRE - GILLINGHAM,1076,219.0,152.0,146.0,73.0,20.353159851301115,14.12639405204461,13.568773234200743,6.784386617100371
2025-08-01,NTP16,PRACTICE PLUS GROUP SURGICAL CENTRE - GILLINGHAM,930,99.0,16.0,13.0,9.0,10.64516129032258,1.7204301075268817,1.3978494623655915,0.967741935483871
2025-09-01,NTP16,PRACTICE PLUS GROUP SURGICAL CENTRE - GILLINGHAM,1019,86.0,5.0,3.0,0.0,8.4396467124632,0.49067713444553485,0.2944062806673209,0.0
2025-10-01,NTP16,PRACTICE PLUS GROUP SURGICAL CENTRE - GILLINGHAM,1019,90.0,0.0,0.0,0.0,8.832188420019627,0.0,0.0,0.0
2025-11-01,NTP16,PRACTICE PLUS GROUP SURGICAL CENTRE - GILLINGHAM,990,75.0,0.0,0.0,0.0,7.575757575757576,0.0,0.0,0.0
2025-12-01,NTP16,PRACTICE PLUS GROUP SURGICAL CENTRE - GILLINGHAM,1059,85.0,9.0,2.0,1.0,8.026440037771483,0.84985835694051,0.18885741265344666,0.09442870632672333
2026-01-01,NTP16,PRACTICE PLUS GROUP SURGICAL CENTRE - GILLINGHAM,979,79.0,8.0,2.0,0.0,8.069458631256383,0.8171603677221655,0.20429009193054137,0.0
2026-02-01,NTP16,PRACTICE PLUS GROUP SURGICAL CENTRE - GILLINGHAM,945,86.0,10.0,5.0,1.0,9.100529100529101,1.0582010582010581,0.5291005291005291,0.10582010582010583
2026-03-01,NTP16,PRACTICE PLUS GROUP SURGICAL CENTRE - GILLINGHAM,1030,100.0,8.0,6.0,2.0,9.70873786407767,0.7766990291262136,0.5825242718446602,0.1941747572815534
2026-04-01,NTP16,PRACTICE PLUS GROUP SURGICAL CENTRE - GILLINGHAM,1032,113.0,6.0,4.0,1.0,10.949612403100776,0.5813953488372093,0.3875968992248062,0.09689922480620156
2026-05-01,NTP16,PRACTICE PLUS GROUP SURGICAL CENTRE - GILLINGHAM,1002,117.0,4.0,2.0,0.0,11.676646706586826,0.39920159680638717,0.19960079840319359,0.0
2026-06-01,NTP16,PRACTICE PLUS GROUP SURGICAL CENTRE - GILLINGHAM,1072,104.0,3.0,0.0,0.0,9.701492537313433,0.2798507462686567,0.0,0.0
2025-04-01,NTPAD,PRACTICE PLUS GROUP SURGICAL CENTRE - ST MARYS PORTSMOUTH,1968,143.0,0.0,0.0,0.0,7.266260162601626,0.0,0.0,0.0
2025-05-01,NTPAD,PRACTICE PLUS GROUP SURGICAL CENTRE - ST MARYS PORTSMOUTH,1879,123.0,0.0,0.0,0.0,6.546035125066525,0.0,0.0,0.0
2025-06-01,NTPAD,PRACTICE PLUS GROUP SURGICAL CENTRE - ST MARYS PORTSMOUTH,2113,101.0,1.0,0.0,0.0,4.7799337434926645,0.047326076668244205,0.0,0.0
2025-07-01,NTPAD,PRACTICE PLUS GROUP SURGICAL CENTRE - ST MARYS PORTSMOUTH,2193,97.0,0.0,0.0,0.0,4.423164614683082,0.0,0.0,0.0
2025-08-01,NTPAD,PRACTICE PLUS GROUP SURGICAL CENTRE - ST MARYS PORTSMOUTH,2134,106.0,0.0,0.0,0.0,4.967197750702906,0.0,0.0,0.0
2025-09-01,NTPAD,PRACTICE PLUS GROUP SURGICAL CENTRE - ST MARYS PORTSMOUTH,2327,134.0,0.0,0.0,0.0,5.758487322733133,0.0,0.0,0.0
2025-10-01,NTPAD,PRACTICE PLUS GROUP SURGICAL CENTRE - ST MARYS PORTSMOUTH,2350,163.0,0.0,0.0,0.0,6.9361702127659575,0.0,0.0,0.0
2025-11-01,NTPAD,PRACTICE PLUS GROUP SURGICAL CENTRE - ST MARYS PORTSMOUTH,2261,143.0,2.0,0.0,0.0,6.324635117204777,0.08845643520566121,0.0,0.0
2025-12-01,NTPAD,PRACTICE PLUS GROUP SURGICAL CENTRE - ST MARYS PORTSMOUTH,2055,129.0,0.0,0.0,0.0,6.2773722627737225,0.0,0.0,0.0
2026-01-01,NTPAD,PRACTICE PLUS GROUP SURGICAL CENTRE - ST MARYS PORTSMOUTH,2070,148.0,0.0,0.0,0.0,7.149758454106281,0.0,0.0,0.0
2026-02-01,NTPAD,PRACTICE PLUS GROUP SURGICAL CENTRE - ST MARYS PORTSMOUTH,1968,99.0,0.0,0.0,0.0,5.0304878048780495,0.0,0.0,0.0
2026-03-01,NTPAD,PRACTICE PLUS GROUP SURGICAL CENTRE - ST MARYS PORTSMOUTH,1863,65.0,0.0,0.0,0.0,3.4889962426194314,0.0,0.0,0.0
2026-04-01,NTPAD,PRACTICE PLUS GROUP SURGICAL CENTRE - ST MARYS PORTSMOUTH,1756,64.0,0.0,0.0,0.0,3.644646924829157,0.0,0.0,0.0
2026-05-01,NTPAD,PRACTICE PLUS GROUP SURGICAL CENTRE - ST MARYS PORTSMOUTH,1848,66.0,0.0,0.0,0.0,3.571428571428571,0.0,0.0,0.0
2026-06-01,NTPAD,PRACTICE PLUS GROUP SURGICAL CENTRE - ST MARYS PORTSMOUTH,1937,71.0,0.0,0.0,0.0,3.6654620547237995,0.0,0.0,0.0
2025-04-01,NTPAE,PRACTICE PLUS GROUP OPHTHALMOLOGY - NORTH WEST,1635,191.0,0.0,0.0,0.0,11.681957186544341,0.0,0.0,0.0
2025-05-01,NTPAE,PRACTICE PLUS GROUP OPHTHALMOLOGY - NORTH WEST,1791,253.0,0.0,0.0,0.0,14.126186487995534,0.0,0.0,0.0
2025-06-01,NTPAE,PRACTICE PLUS GROUP OPHTHALMOLOGY - NORTH WEST,2170,368.0,0.0,0.0,0.0,16.958525345622117,0.0,0.0,0.0
2025-07-01,NTPAE,PRACTICE PLUS GROUP OPHTHALMOLOGY - NORTH WEST,2431,608.0,3.0,0.0,0.0,25.010283833813247,0.12340600575894693,0.0,0.0
2025-08-01,NTPAE,PRACTICE PLUS GROUP OPHTHALMOLOGY - NORTH WEST,318,15.0,0.0,0.0,0.0,4.716981132075472,0.0,0.0,0.0
2025-09-01,NTPAE,PRACTICE PLUS GROUP OPHTHALMOLOGY - NORTH WEST,389,14.0,0.0,0.0,0.0,3.5989717223650386,0.0,0.0,0.0
2025-10-01,NTPAE,PRACTICE PLUS GROUP OPHTHALMOLOGY - NORTH WEST,1822,88.0,0.0,0.0,0.0,4.829857299670691,0.0,0.0,0.0
2025-11-01,NTPAE,PRACTICE PLUS GROUP OPHTHALMOLOGY - NORTH WEST,2551,1128.0,0.0,0.0,0.0,44.21795374362995,0.0,0.0,0.0
2025-12-01,NTPAE,PRACTICE PLUS GROUP OPHTHALMOLOGY - NORTH WEST,2323,1002.0,0.0,0.0,0.0,43.13387860525183,0.0,0.0,0.0
2026-01-01,NTPAE,PRACTICE PLUS GROUP OPHTHALMOLOGY - NORTH WEST,2164,794.0,0.0,0.0,0.0,36.69131238447319,0.0,0.0,0.0
2026-02-01,NTPAE,PRACTICE PLUS GROUP OPHTHALMOLOGY - NORTH WEST,1338,17.0,0.0,0.0,0.0,1.2705530642750373,0.0,0.0,0.0
2026-03-01,NTPAE,PRACTICE PLUS GROUP OPHTHALMOLOGY - NORTH WEST,1585,59.0,0.0,0.0,0.0,3.722397476340694,0.0,0.0,0.0
2026-04-01,NTPAE,PRACTICE PLUS GROUP OPHTHALMOLOGY - NORTH WEST,1748,182.0,0.0,0.0,0.0,10.411899313501143,0.0,0.0,0.0
2026-05-01,NTPAE,PRACTICE PLUS GROUP OPHTHALMOLOGY - NORTH WEST,1590,154.0,0.0,0.0,0.0,9.685534591194969,0.0,0.0,0.0
2026-06-01,NTPAE,PRACTICE PLUS GROUP OPHTHALMOLOGY - NORTH WEST,1544,114.0,0.0,0.0,0.0,7.383419689119171,0.0,0.0,0.0
2025-04-01,NTPH1,PRACTICE PLUS GROUP HOSPITAL - SHEPTON MALLET,2603,595.0,2.0,1.0,0.0,22.8582404917403,0.0768344218209758,0.0384172109104879,0.0
2025-05-01,NTPH1,PRACTICE PLUS GROUP HOSPITAL - SHEPTON MALLET,2493,526.0,2.0,0.0,0.0,21.09907741676695,0.08022462896109105,0.0,0.0
2025-06-01,NTPH1,PRACTICE PLUS GROUP HOSPITAL - SHEPTON MALLET,2505,541.0,5.0,0.0,0.0,21.59680638722555,0.19960079840319359,0.0,0.0
2025-07-01,NTPH1,PRACTICE PLUS GROUP HOSPITAL - SHEPTON MALLET,2680,609.0,7.0,0.0,0.0,22.723880597014926,0.2611940298507463,0.0,0.0
2025-08-01,NTPH1,PRACTICE PLUS GROUP HOSPITAL - SHEPTON MALLET,2747,610.0,3.0,0.0,0.0,22.206042955951947,0.10921004732435385,0.0,0.0
2025-09-01,NTPH1,PRACTICE PLUS GROUP HOSPITAL - SHEPTON MALLET,2723,673.0,4.0,0.0,0.0,24.715387440323173,0.14689680499449137,0.0,0.0
2025-10-01,NTPH1,PRACTICE PLUS GROUP HOSPITAL - SHEPTON MALLET,2992,732.0,9.0,0.0,0.0,24.46524064171123,0.30080213903743314,0.0,0.0
2025-11-01,NTPH1,PRACTICE PLUS GROUP HOSPITAL - SHEPTON MALLET,3011,761.0,11.0,0.0,0.0,25.273995350381934,0.3653271338425772,0.0,0.0
2025-12-01,NTPH1,PRACTICE PLUS GROUP HOSPITAL - SHEPTON MALLET,3039,837.0,14.0,0.0,0.0,27.541954590325762,0.46067785455742016,0.0,0.0
2026-01-01,NTPH1,PRACTICE PLUS GROUP HOSPITAL - SHEPTON MALLET,2934,872.0,18.0,2.0,0.0,29.720518064076344,0.6134969325153374,0.0681663258350375,0.0
2026-02-01,NTPH1,PRACTICE PLUS GROUP HOSPITAL - SHEPTON MALLET,2816,838.0,20.0,2.0,0.0,29.75852272727273,0.7102272727272727,0.07102272727272728,0.0
2026-03-01,NTPH1,PRACTICE PLUS GROUP HOSPITAL - SHEPTON MALLET,2705,777.0,31.0,2.0,0.0,28.72458410351201,1.146025878003697,0.07393715341959334,0.0
2026-04-01,NTPH1,PRACTICE PLUS GROUP HOSPITAL - SHEPTON MALLET,2857,743.0,33.0,6.0,0.0,26.00630031501575,1.1550577528876445,0.21001050052502626,0.0
2026-05-01,NTPH1,PRACTICE PLUS GROUP HOSPITAL - SHEPTON MALLET,2721,694.0,29.0,3.0,0.0,25.505328923190003,1.065784638000735,0.11025358324145534,0.0
2026-06-01,NTPH1,PRACTICE PLUS GROUP HOSPITAL - SHEPTON MALLET,2947,820.0,32.0,4.0,0.0,27.824906684764166,1.0858500169664065,0.1357312521208008,0.0
2025-04-01,NTPH2,PRACTICE PLUS GROUP HOSPITAL - EMERSONS GREEN,5193,848.0,0.0,0.0,0.0,16.329674561910267,0.0,0.0,0.0
2025-05-01,NTPH2,PRACTICE PLUS GROUP HOSPITAL - EMERSONS GREEN,5455,932.0,0.0,0.0,0.0,17.0852428964253,0.0,0.0,0.0
2025-06-01,NTPH2,PRACTICE PLUS GROUP HOSPITAL - EMERSONS GREEN,5421,1084.0,0.0,0.0,0.0,19.996310643792658,0.0,0.0,0.0
2025-07-01,NTPH2,PRACTICE PLUS GROUP HOSPITAL - EMERSONS GREEN,5070,1167.0,0.0,0.0,0.0,23.01775147928994,0.0,0.0,0.0
2025-08-01,NTPH2,PRACTICE PLUS GROUP HOSPITAL - EMERSONS GREEN,4873,937.0,0.0,0.0,0.0,19.228401395444287,0.0,0.0,0.0
2025-09-01,NTPH2,PRACTICE PLUS GROUP HOSPITAL - EMERSONS GREEN,4458,833.0,0.0,0.0,0.0,18.685509196949305,0.0,0.0,0.0
2025-10-01,NTPH2,PRACTICE PLUS GROUP HOSPITAL - EMERSONS GREEN,4220,903.0,0.0,0.0,0.0,21.398104265402843,0.0,0.0,0.0
2025-11-01,NTPH2,PRACTICE PLUS GROUP HOSPITAL - EMERSONS GREEN,4393,899.0,0.0,0.0,0.0,20.464375142271795,0.0,0.0,0.0
2025-12-01,NTPH2,PRACTICE PLUS GROUP HOSPITAL - EMERSONS GREEN,4523,917.0,0.0,0.0,0.0,20.274154322352423,0.0,0.0,0.0
2026-01-01,NTPH2,PRACTICE PLUS GROUP HOSPITAL - EMERSONS GREEN,4975,998.0,0.0,0.0,0.0,20.06030150753769,0.0,0.0,0.0
2026-02-01,NTPH2,PRACTICE PLUS GROUP HOSPITAL - EMERSONS GREEN,5079,1096.0,1.0,0.0,0.0,21.579050994290213,0.019688915140775743,0.0,0.0
2026-03-01,NTPH2,PRACTICE PLUS GROUP HOSPITAL - EMERSONS GREEN,5173,1092.0,0.0,0.0,0.0,21.10960757780785,0.0,0.0,0.0
2026-04-01,NTPH2,PRACTICE PLUS GROUP HOSPITAL - EMERSONS GREEN,5770,1278.0,0.0,0.0,0.0,22.14904679376083,0.0,0.0,0.0
2026-05-01,NTPH2,PRACTICE PLUS GROUP HOSPITAL - EMERSONS GREEN,5735,1307.0,0.0,0.0,0.0,22.789886660854403,0.0,0.0,0.0
2026-06-01,NTPH2,PRACTICE PLUS GROUP HOSPITAL - EMERSONS GREEN,5409,1240.0,1.0,1.0,0.0,22.924755037899796,0.018487705675725642,0.018487705675725642,0.0
2025-04-01,NTPH3,PRACTICE PLUS GROUP SURGICAL CENTRE - DEVIZES,3067,687.0,19.0,0.0,0.0,22.39973915878709,0.6194978806651451,0.0,0.0
2025-05-01,NTPH3,PRACTICE PLUS GROUP SURGICAL CENTRE - DEVIZES,3003,628.0,13.0,1.0,0.0,20.912420912420913,0.4329004329004329,0.0333000333000333,0.0
2025-06-01,NTPH3,PRACTICE PLUS GROUP SURGICAL CENTRE - DEVIZES,2836,696.0,12.0,3.0,0.0,24.541607898448518,0.4231311706629055,0.10578279266572638,0.0
2025-07-01,NTPH3,PRACTICE PLUS GROUP SURGICAL CENTRE - DEVIZES,2785,682.0,12.0,2.0,0.0,24.488330341113105,0.43087971274685816,0.0718132854578097,0.0
2025-08-01,NTPH3,PRACTICE PLUS GROUP SURGICAL CENTRE - DEVIZES,2742,578.0,5.0,2.0,0.0,21.079504011670313,0.18234865061998543,0.07293946024799416,0.0
2025-09-01,NTPH3,PRACTICE PLUS GROUP SURGICAL CENTRE - DEVIZES,2509,527.0,5.0,2.0,0.0,21.00438421681945,0.19928258270227184,0.07971303308090873,0.0
2025-10-01,NTPH3,PRACTICE PLUS GROUP SURGICAL CENTRE - DEVIZES,2510,617.0,2.0,0.0,0.0,24.58167330677291,0.0796812749003984,0.0,0.0
2025-11-01,NTPH3,PRACTICE PLUS GROUP SURGICAL CENTRE - DEVIZES,2589,581.0,3.0,1.0,0.0,22.441096948628815,0.11587485515643105,0.03862495171881035,0.0
2025-12-01,NTPH3,PRACTICE PLUS GROUP SURGICAL CENTRE - DEVIZES,2584,604.0,4.0,1.0,0.0,23.374613003095977,0.15479876160990713,0.03869969040247678,0.0
2026-01-01,NTPH3,PRACTICE PLUS GROUP SURGICAL CENTRE - DEVIZES,2831,628.0,3.0,0.0,0.0,22.18297421405864,0.1059696220416814,0.0,0.0
2026-02-01,NTPH3,PRACTICE PLUS GROUP SURGICAL CENTRE - DEVIZES,3096,714.0,6.0,1.0,0.0,23.06201550387597,0.1937984496124031,0.03229974160206719,0.0
2026-03-01,NTPH3,PRACTICE PLUS GROUP SURGICAL CENTRE - DEVIZES,2913,669.0,5.0,0.0,0.0,22.966014418125642,0.17164435290078955,0.0,0.0
2026-04-01,NTPH3,PRACTICE PLUS GROUP SURGICAL CENTRE - DEVIZES,3157,646.0,1.0,0.0,0.0,20.46246436490339,0.031675641431738996,0.0,0.0
2026-05-01,NTPH3,PRACTICE PLUS GROUP SURGICAL CENTRE - DEVIZES,2850,576.0,2.0,0.0,0.0,20.210526315789473,0.07017543859649122,0.0,0.0
2026-06-01,NTPH3,PRACTICE PLUS GROUP SURGICAL CENTRE - DEVIZES,2722,522.0,1.0,0.0,0.0,19.177075679647317,0.03673769287288758,0.0,0.0
2025-04-01,NTPH5,PRACTICE PLUS GROUP HOSPITAL - PLYMOUTH,1365,283.0,40.0,2.0,0.0,20.732600732600734,2.93040293040293,0.14652014652014653,0.0
2025-05-01,NTPH5,PRACTICE PLUS GROUP HOSPITAL - PLYMOUTH,1357,215.0,44.0,4.0,0.0,15.843773028739868,3.2424465733235075,0.2947678703021371,0.0
2025-06-01,NTPH5,PRACTICE PLUS GROUP HOSPITAL - PLYMOUTH,1669,216.0,34.0,6.0,0.0,12.941881366087477,2.037147992810066,0.35949670461354105,0.0
2025-07-01,NTPH5,PRACTICE PLUS GROUP HOSPITAL - PLYMOUTH,2185,232.0,26.0,10.0,0.0,10.617848970251716,1.1899313501144164,0.4576659038901602,0.0
2025-08-01,NTPH5,PRACTICE PLUS GROUP HOSPITAL - PLYMOUTH,2306,230.0,23.0,8.0,0.0,9.97398091934085,0.997398091934085,0.3469210754553339,0.0
2025-09-01,NTPH5,PRACTICE PLUS GROUP HOSPITAL - PLYMOUTH,2296,327.0,20.0,10.0,0.0,14.242160278745644,0.8710801393728222,0.4355400696864111,0.0
2025-10-01,NTPH5,PRACTICE PLUS GROUP HOSPITAL - PLYMOUTH,1900,443.0,7.0,4.0,0.0,23.31578947368421,0.3684210526315789,0.21052631578947367,0.0
2025-11-01,NTPH5,PRACTICE PLUS GROUP HOSPITAL - PLYMOUTH,1827,607.0,9.0,5.0,0.0,33.22386425834702,0.49261083743842365,0.27367268746579093,0.0
2025-12-01,NTPH5,PRACTICE PLUS GROUP HOSPITAL - PLYMOUTH,1846,654.0,5.0,2.0,0.0,35.42795232936078,0.27085590465872156,0.10834236186348861,0.0
2026-01-01,NTPH5,PRACTICE PLUS GROUP HOSPITAL - PLYMOUTH,1774,528.0,4.0,1.0,0.0,29.763246899661784,0.2254791431792559,0.05636978579481398,0.0
2026-02-01,NTPH5,PRACTICE PLUS GROUP HOSPITAL - PLYMOUTH,1668,332.0,2.0,0.0,0.0,19.904076738609113,0.1199040767386091,0.0,0.0
2026-03-01,NTPH5,PRACTICE PLUS GROUP HOSPITAL - PLYMOUTH,1571,239.0,4.0,0.0,0.0,15.213239974538512,0.2546148949713558,0.0,0.0
2026-04-01,NTPH5,PRACTICE PLUS GROUP HOSPITAL - PLYMOUTH,1592,249.0,4.0,1.0,0.0,15.640703517587939,0.25125628140703515,0.06281407035175879,0.0
2026-05-01,NTPH5,PRACTICE PLUS GROUP HOSPITAL - PLYMOUTH,1564,216.0,9.0,1.0,0.0,13.810741687979538,0.5754475703324808,0.0639386189258312,0.0
2026-06-01,NTPH5,PRACTICE PLUS GROUP HOSPITAL - PLYMOUTH,1575,237.0,9.0,0.0,0.0,15.04761904761905,0.5714285714285714,0.0,0.0
2025-04-01,NTX,THE ONE HEALTH GROUP PLC,4309,1046.0,122.0,63.0,1.0,24.274773729403574,2.8312833604084475,1.462056161522395,0.023207240659085637
2025-05-01,NTX,THE ONE HEALTH GROUP PLC,4443,887.0,34.0,13.0,1.0,19.963988296196263,0.7652487058293945,0.2925950934053567,0.022507314877335132
2025-06-01,NTX,THE ONE HEALTH GROUP PLC,4255,898.0,37.0,9.0,0.0,21.104582843713278,0.8695652173913043,0.21151586368977673,0.0
2025-07-01,NTX,THE ONE HEALTH GROUP PLC,4579,956.0,37.0,7.0,0.0,20.87792094343743,0.8080366892334571,0.15287180607119458,0.0
2025-08-01,NTX,THE ONE HEALTH GROUP PLC,4777,980.0,39.0,15.0,0.0,20.514967552857442,0.8164119740422859,0.3140046054008792,0.0
2025-09-01,NTX,THE ONE HEALTH GROUP PLC,5420,1029.0,58.0,20.0,3.0,18.985239852398525,1.0701107011070112,0.36900369003690037,0.055350553505535055
2025-10-01,NTX,THE ONE HEALTH GROUP PLC,5468,1063.0,50.0,15.0,1.0,19.440380395025603,0.9144111192392099,0.274323335771763,0.0182882223847842
2025-11-01,NTX,THE ONE HEALTH GROUP PLC,5214,1156.0,51.0,14.0,1.0,22.1710778672804,0.9781357882623706,0.2685078634445723,0.019179133103183737
2025-12-01,NTX,THE ONE HEALTH GROUP PLC,5373,1270.0,31.0,2.0,0.0,23.636702028661826,0.5769588684161548,0.03722315280104225,0.0
2026-01-01,NTX,THE ONE HEALTH GROUP PLC,5398,1418.0,29.0,4.0,0.0,26.268988514264542,0.5372360133382734,0.07410151908114117,0.0
2026-02-01,NTX,THE ONE HEALTH GROUP PLC,5498,1521.0,21.0,3.0,1.0,27.66460531102219,0.38195707530010914,0.054565296471444154,0.018188432157148052
2026-03-01,NTX,THE ONE HEALTH GROUP PLC,5728,1575.0,6.0,1.0,1.0,27.49650837988827,0.10474860335195531,0.017458100558659217,0.017458100558659217
2026-04-01,NTX,THE ONE HEALTH GROUP PLC,5314,1369.0,20.0,3.0,0.0,25.762137749341363,0.37636432066240116,0.05645464809936018,0.0
2026-05-01,NTX,THE ONE HEALTH GROUP PLC,5045,1272.0,19.0,0.0,0.0,25.213082259663032,0.37661050545094155,0.0,0.0
2026-06-01,NTX,THE ONE HEALTH GROUP PLC,4988,1063.0,30.0,4.0,1.0,21.311146752205293,0.6014434643143545,0.08019246190858059,0.020048115477145148
2025-04-01,NV1,INHEALTH LIMITED,534,1.0,0.0,0.0,0.0,0.18726591760299627,0.0,0.0,0.0
2025-05-01,NV1,INHEALTH LIMITED,2681,377.0,0.0,0.0,0.0,14.061917195076465,0.0,0.0,0.0
2025-06-01,NV1,INHEALTH LIMITED,2047,362.0,0.0,0.0,0.0,17.684416218856864,0.0,0.0,0.0
2025-07-01,NV1,INHEALTH LIMITED,1840,443.0,0.0,0.0,0.0,24.07608695652174,0.0,0.0,0.0
2025-08-01,NV1,INHEALTH LIMITED,1755,537.0,0.0,0.0,0.0,30.5982905982906,0.0,0.0,0.0
2025-09-01,NV1,INHEALTH LIMITED,1403,292.0,0.0,0.0,0.0,20.81254454739843,0.0,0.0,0.0
2025-10-01,NV1,INHEALTH LIMITED,846,212.0,0.0,0.0,0.0,25.059101654846334,0.0,0.0,0.0
2025-11-01,NV1,INHEALTH LIMITED,856,173.0,0.0,0.0,0.0,20.210280373831775,0.0,0.0,0.0
2025-12-01,NV1,INHEALTH LIMITED,739,90.0,0.0,0.0,0.0,12.178619756427606,0.0,0.0,0.0
2026-01-01,NV1,INHEALTH LIMITED,780,108.0,0.0,0.0,0.0,13.846153846153847,0.0,0.0,0.0
2026-02-01,NV1,INHEALTH LIMITED,774,118.0,0.0,0.0,0.0,15.245478036175712,0.0,0.0,0.0
2026-03-01,NV1,INHEALTH LIMITED,1014,195.0,0.0,0.0,0.0,19.230769230769234,0.0,0.0,0.0
2026-04-01,NV1,INHEALTH LIMITED,1063,207.0,0.0,0.0,0.0,19.47318908748824,0.0,0.0,0.0
2026-05-01,NV1,INHEALTH LIMITED,935,152.0,0.0,0.0,0.0,16.25668449197861,0.0,0.0,0.0
2026-06-01,NV1,INHEALTH LIMITED,826,163.0,0.0,0.0,0.0,19.73365617433414,0.0,0.0,0.0
2025-04-01,NVC01,ASHTEAD HOSPITAL,998,259.0,6.0,1.0,0.0,25.951903807615228,0.6012024048096193,0.1002004008016032,0.0
2025-05-01,NVC01,ASHTEAD HOSPITAL,796,147.0,1.0,0.0,0.0,18.467336683417084,0.12562814070351758,0.0,0.0
2025-06-01,NVC01,ASHTEAD HOSPITAL,850,158.0,2.0,0.0,0.0,18.58823529411765,0.2352941176470588,0.0,0.0
2025-07-01,NVC01,ASHTEAD HOSPITAL,944,183.0,1.0,0.0,0.0,19.385593220338983,0.1059322033898305,0.0,0.0
2025-08-01,NVC01,ASHTEAD HOSPITAL,1061,175.0,0.0,0.0,0.0,16.49387370405278,0.0,0.0,0.0
2025-09-01,NVC01,ASHTEAD HOSPITAL,1027,148.0,0.0,0.0,0.0,14.410905550146055,0.0,0.0,0.0
2025-10-01,NVC01,ASHTEAD HOSPITAL,1076,185.0,0.0,0.0,0.0,17.193308550185872,0.0,0.0,0.0
2025-11-01,NVC01,ASHTEAD HOSPITAL,1044,195.0,2.0,0.0,0.0,18.67816091954023,0.19157088122605362,0.0,0.0
2025-12-01,NVC01,ASHTEAD HOSPITAL,1084,258.0,4.0,0.0,0.0,23.800738007380073,0.36900369003690037,0.0,0.0
2026-01-01,NVC01,ASHTEAD HOSPITAL,938,212.0,1.0,0.0,0.0,22.60127931769723,0.10660980810234541,0.0,0.0
2026-02-01,NVC01,ASHTEAD HOSPITAL,967,231.0,1.0,0.0,0.0,23.888314374353673,0.1034126163391934,0.0,0.0
2026-03-01,NVC01,ASHTEAD HOSPITAL,1033,291.0,4.0,0.0,0.0,28.170377541142305,0.3872216844143272,0.0,0.0
2026-04-01,NVC01,ASHTEAD HOSPITAL,1028,261.0,5.0,0.0,0.0,25.389105058365757,0.48638132295719844,0.0,0.0
2026-05-01,NVC01,ASHTEAD HOSPITAL,1070,248.0,5.0,0.0,0.0,23.177570093457945,0.46728971962616817,0.0,0.0
2026-06-01,NVC01,ASHTEAD HOSPITAL,1051,240.0,10.0,1.0,0.0,22.835394862036157,0.9514747859181731,0.09514747859181732,0.0
2025-04-01,NVC02,THE BERKSHIRE INDEPENDENT HOSPITAL,1228,328.0,2.0,0.0,0.0,26.710097719869708,0.16286644951140067,0.0,0.0
2025-05-01,NVC02,THE BERKSHIRE INDEPENDENT HOSPITAL,1184,310.0,3.0,0.0,0.0,26.182432432432435,0.2533783783783784,0.0,0.0
2025-06-01,NVC02,THE BERKSHIRE INDEPENDENT HOSPITAL,1143,344.0,5.0,0.0,0.0,30.09623797025372,0.4374453193350831,0.0,0.0
2025-07-01,NVC02,THE BERKSHIRE INDEPENDENT HOSPITAL,1165,382.0,5.0,2.0,0.0,32.78969957081545,0.4291845493562232,0.17167381974248927,0.0
2025-08-01,NVC02,THE BERKSHIRE INDEPENDENT HOSPITAL,1196,426.0,5.0,3.0,0.0,35.618729096989966,0.4180602006688963,0.2508361204013378,0.0
2025-09-01,NVC02,THE BERKSHIRE INDEPENDENT HOSPITAL,1122,366.0,12.0,0.0,0.0,32.62032085561498,1.06951871657754,0.0,0.0
2025-10-01,NVC02,THE BERKSHIRE INDEPENDENT HOSPITAL,1110,367.0,1.0,1.0,0.0,33.06306306306306,0.09009009009009009,0.09009009009009009,0.0
2025-11-01,NVC02,THE BERKSHIRE INDEPENDENT HOSPITAL,1069,347.0,1.0,0.0,0.0,32.46024321796071,0.09354536950420954,0.0,0.0
2025-12-01,NVC02,THE BERKSHIRE INDEPENDENT HOSPITAL,1133,361.0,0.0,0.0,0.0,31.862312444836714,0.0,0.0,0.0
2026-01-01,NVC02,THE BERKSHIRE INDEPENDENT HOSPITAL,1006,231.0,0.0,0.0,0.0,22.962226640159045,0.0,0.0,0.0
2026-02-01,NVC02,THE BERKSHIRE INDEPENDENT HOSPITAL,1012,253.0,0.0,0.0,0.0,25.0,0.0,0.0,0.0
2026-03-01,NVC02,THE BERKSHIRE INDEPENDENT HOSPITAL,1095,251.0,1.0,0.0,0.0,22.922374429223744,0.091324200913242,0.0,0.0
2026-04-01,NVC02,THE BERKSHIRE INDEPENDENT HOSPITAL,1139,272.0,7.0,0.0,0.0,23.88059701492537,0.6145741878841089,0.0,0.0
2026-05-01,NVC02,THE BERKSHIRE INDEPENDENT HOSPITAL,1206,287.0,10.0,0.0,0.0,23.797678275290217,0.8291873963515755,0.0,0.0
2026-06-01,NVC02,THE BERKSHIRE INDEPENDENT HOSPITAL,1096,279.0,6.0,0.0,0.0,25.456204379562042,0.5474452554744526,0.0,0.0
2025-04-01,NVC04,DUCHY HOSPITAL,2078,1019.0,20.0,0.0,0.0,49.037536092396536,0.9624639076034648,0.0,0.0
2025-05-01,NVC04,DUCHY HOSPITAL,2051,1005.0,6.0,0.0,0.0,49.000487567040466,0.29254022428083865,0.0,0.0
2025-06-01,NVC04,DUCHY HOSPITAL,2020,981.0,9.0,0.0,0.0,48.56435643564356,0.4455445544554455,0.0,0.0
2025-07-01,NVC04,DUCHY HOSPITAL,1955,968.0,8.0,0.0,0.0,49.514066496163686,0.40920716112531963,0.0,0.0
2025-08-01,NVC04,DUCHY HOSPITAL,1938,955.0,7.0,0.0,0.0,49.27760577915377,0.3611971104231166,0.0,0.0
2025-09-01,NVC04,DUCHY HOSPITAL,2005,940.0,15.0,0.0,0.0,46.88279301745636,0.7481296758104738,0.0,0.0
2025-10-01,NVC04,DUCHY HOSPITAL,1992,963.0,19.0,0.0,0.0,48.3433734939759,0.9538152610441768,0.0,0.0
2025-11-01,NVC04,DUCHY HOSPITAL,2094,1072.0,39.0,0.0,0.0,51.19388729703916,1.8624641833810889,0.0,0.0
2025-12-01,NVC04,DUCHY HOSPITAL,2126,1144.0,25.0,0.0,0.0,53.80997177798683,1.175917215428034,0.0,0.0
2026-01-01,NVC04,DUCHY HOSPITAL,1783,861.0,30.0,0.0,0.0,48.2893998878295,1.682557487380819,0.0,0.0
2026-02-01,NVC04,DUCHY HOSPITAL,1776,798.0,34.0,0.0,0.0,44.932432432432435,1.9144144144144142,0.0,0.0
2026-03-01,NVC04,DUCHY HOSPITAL,1620,640.0,23.0,0.0,0.0,39.50617283950617,1.4197530864197532,0.0,0.0
2026-04-01,NVC04,DUCHY HOSPITAL,1736,662.0,11.0,0.0,0.0,38.13364055299539,0.6336405529953917,0.0,0.0
2026-05-01,NVC04,DUCHY HOSPITAL,1729,624.0,10.0,0.0,0.0,36.09022556390977,0.578368999421631,0.0,0.0
2026-06-01,NVC04,DUCHY HOSPITAL,1730,584.0,4.0,0.0,0.0,33.75722543352601,0.23121387283236997,0.0,0.0
2025-04-01,NVC05,EUXTON HALL HOSPITAL,3167,1004.0,50.0,1.0,0.0,31.701926113040734,1.5787811809283232,0.031575623618566466,0.0
2025-05-01,NVC05,EUXTON HALL HOSPITAL,2950,830.0,19.0,1.0,0.0,28.135593220338983,0.6440677966101694,0.03389830508474576,0.0
2025-06-01,NVC05,EUXTON HALL HOSPITAL,3125,991.0,23.0,1.0,0.0,31.712,0.736,0.032,0.0
2025-07-01,NVC05,EUXTON HALL HOSPITAL,3221,1063.0,33.0,4.0,0.0,33.002173238124804,1.0245265445513816,0.12418503570319776,0.0
2025-08-01,NVC05,EUXTON HALL HOSPITAL,3213,1089.0,34.0,2.0,0.0,33.89355742296919,1.0582010582010581,0.06224712107065049,0.0
2025-09-01,NVC05,EUXTON HALL HOSPITAL,3071,955.0,49.0,13.0,1.0,31.097362422663625,1.5955714750895473,0.4233148811462064,0.0325626831650928
2025-10-01,NVC05,EUXTON HALL HOSPITAL,2777,570.0,45.0,11.0,0.0,20.52574720921858,1.620453727043572,0.39611091105509544,0.0
2025-11-01,NVC05,EUXTON HALL HOSPITAL,2972,651.0,38.0,11.0,0.0,21.904441453566623,1.278600269179004,0.37012113055181695,0.0
2025-12-01,NVC05,EUXTON HALL HOSPITAL,3071,672.0,12.0,3.0,0.0,21.882123086942364,0.39075219798111366,0.09768804949527841,0.0
2026-01-01,NVC05,EUXTON HALL HOSPITAL,3246,825.0,9.0,1.0,0.0,25.41589648798521,0.27726432532347506,0.030807147258163897,0.0
2026-02-01,NVC05,EUXTON HALL HOSPITAL,3326,930.0,2.0,0.0,0.0,27.961515333734216,0.06013229104028864,0.0,0.0
2026-03-01,NVC05,EUXTON HALL HOSPITAL,3342,1048.0,5.0,0.0,0.0,31.358467983243564,0.14961101137043686,0.0,0.0
2026-04-01,NVC05,EUXTON HALL HOSPITAL,3350,1194.0,5.0,0.0,0.0,35.64179104477612,0.1492537313432836,0.0,0.0
2026-05-01,NVC05,EUXTON HALL HOSPITAL,3228,1167.0,4.0,0.0,0.0,36.152416356877325,0.12391573729863693,0.0,0.0
2026-06-01,NVC05,EUXTON HALL HOSPITAL,3232,1223.0,13.0,1.0,0.0,37.84034653465346,0.40222772277227725,0.03094059405940594,0.0
2025-04-01,NVC06,FITZWILLIAM HOSPITAL,6056,2561.0,49.0,1.0,0.0,42.288639365918094,0.8091149273447821,0.016512549537648614,0.0
2025-05-01,NVC06,FITZWILLIAM HOSPITAL,5877,2285.0,35.0,0.0,0.0,38.88038114684363,0.5955419431682831,0.0,0.0
2025-06-01,NVC06,FITZWILLIAM HOSPITAL,5940,2342.0,25.0,1.0,0.0,39.427609427609426,0.42087542087542085,0.016835016835016835,0.0
2025-07-01,NVC06,FITZWILLIAM HOSPITAL,6089,2427.0,28.0,1.0,0.0,39.858761701428804,0.45984562325505013,0.016423057973394647,0.0
2025-08-01,NVC06,FITZWILLIAM HOSPITAL,5865,2296.0,15.0,1.0,0.0,39.14748508098892,0.2557544757033248,0.017050298380221655,0.0
2025-09-01,NVC06,FITZWILLIAM HOSPITAL,5779,2222.0,6.0,0.0,0.0,38.44955874718809,0.1038241910365115,0.0,0.0
2025-10-01,NVC06,FITZWILLIAM HOSPITAL,5911,2282.0,13.0,1.0,0.0,38.60598883437659,0.21992894603282015,0.01691761123329386,0.0
2025-11-01,NVC06,FITZWILLIAM HOSPITAL,6072,2483.0,21.0,0.0,0.0,40.89262187088274,0.3458498023715415,0.0,0.0
2025-12-01,NVC06,FITZWILLIAM HOSPITAL,6240,2865.0,63.0,0.0,0.0,45.91346153846153,1.0096153846153846,0.0,0.0
2026-01-01,NVC06,FITZWILLIAM HOSPITAL,6469,3241.0,100.0,0.0,0.0,50.100479208533,1.5458339774308238,0.0,0.0
2026-02-01,NVC06,FITZWILLIAM HOSPITAL,6665,3543.0,138.0,0.0,0.0,53.1582895723931,2.0705176294073517,0.0,0.0
2026-03-01,NVC06,FITZWILLIAM HOSPITAL,6880,3835.0,165.0,0.0,0.0,55.741279069767444,2.3982558139534884,0.0,0.0
2026-04-01,NVC06,FITZWILLIAM HOSPITAL,6612,3429.0,103.0,1.0,0.0,51.86025408348457,1.557773744706594,0.015124016938898973,0.0
2026-05-01,NVC06,FITZWILLIAM HOSPITAL,6539,3162.0,90.0,0.0,0.0,48.356017739715554,1.3763572411683744,0.0,0.0
2026-06-01,NVC06,FITZWILLIAM HOSPITAL,6455,2949.0,120.0,0.0,0.0,45.6855151045701,1.8590240123934934,0.0,0.0
2025-04-01,NVC07,FULWOOD HALL HOSPITAL,5765,2080.0,54.0,6.0,0.0,36.07979184735473,0.9366869037294014,0.10407632263660017,0.0
2025-05-01,NVC07,FULWOOD HALL HOSPITAL,5280,1727.0,43.0,4.0,0.0,32.708333333333336,0.8143939393939394,0.07575757575757576,0.0
2025-06-01,NVC07,FULWOOD HALL HOSPITAL,5596,1777.0,40.0,4.0,0.0,31.754824874910653,0.7147962830593281,0.07147962830593281,0.0
2025-07-01,NVC07,FULWOOD HALL HOSPITAL,5780,1770.0,49.0,3.0,0.0,30.622837370242213,0.8477508650519031,0.051903114186851215,0.0
2025-08-01,NVC07,FULWOOD HALL HOSPITAL,5286,1394.0,53.0,3.0,0.0,26.371547483919787,1.00264850548619,0.056753688989784334,0.0
2025-09-01,NVC07,FULWOOD HALL HOSPITAL,5234,1219.0,45.0,4.0,0.0,23.290026748184943,0.8597630875047766,0.07642338555598013,0.0
2025-10-01,NVC07,FULWOOD HALL HOSPITAL,5172,1229.0,41.0,7.0,0.0,23.762567672080433,0.7927300850734725,0.13534416086620263,0.0
2025-11-01,NVC07,FULWOOD HALL HOSPITAL,4840,1178.0,20.0,1.0,0.0,24.338842975206614,0.4132231404958678,0.02066115702479339,0.0
2025-12-01,NVC07,FULWOOD HALL HOSPITAL,4333,1132.0,13.0,0.0,0.0,26.125086545118855,0.3000230786983614,0.0,0.0
2026-01-01,NVC07,FULWOOD HALL HOSPITAL,4190,1083.0,22.0,0.0,0.0,25.8472553699284,0.5250596658711217,0.0,0.0
2026-02-01,NVC07,FULWOOD HALL HOSPITAL,4221,1158.0,17.0,0.0,0.0,27.434257285003554,0.40274816394219376,0.0,0.0
2026-03-01,NVC07,FULWOOD HALL HOSPITAL,4313,1234.0,14.0,0.0,0.0,28.611175515882216,0.3246000463714352,0.0,0.0
2026-04-01,NVC07,FULWOOD HALL HOSPITAL,4419,1311.0,12.0,0.0,0.0,29.667345553292602,0.2715546503733876,0.0,0.0
2026-05-01,NVC07,FULWOOD HALL HOSPITAL,4110,1130.0,0.0,0.0,0.0,27.49391727493917,0.0,0.0,0.0
2026-06-01,NVC07,FULWOOD HALL HOSPITAL,4115,1099.0,7.0,1.0,1.0,26.707168894289186,0.1701093560145808,0.024301336573511544,0.024301336573511544
2025-04-01,NVC08,MOUNT STUART HOSPITAL,1964,752.0,18.0,0.0,0.0,38.289205702647656,0.9164969450101833,0.0,0.0
2025-05-01,NVC08,MOUNT STUART HOSPITAL,2001,764.0,24.0,0.0,0.0,38.18090954522739,1.199400299850075,0.0,0.0
2025-06-01,NVC08,MOUNT STUART HOSPITAL,1976,793.0,40.0,0.0,0.0,40.131578947368425,2.0242914979757085,0.0,0.0
2025-07-01,NVC08,MOUNT STUART HOSPITAL,1963,758.0,46.0,0.0,0.0,38.61436576668365,2.3433520122261844,0.0,0.0
2025-08-01,NVC08,MOUNT STUART HOSPITAL,2030,738.0,51.0,1.0,0.0,36.354679802955665,2.5123152709359604,0.04926108374384236,0.0
2025-09-01,NVC08,MOUNT STUART HOSPITAL,1908,695.0,16.0,1.0,0.0,36.42557651991614,0.8385744234800839,0.052410901467505246,0.0
2025-10-01,NVC08,MOUNT STUART HOSPITAL,2019,719.0,34.0,2.0,0.0,35.611688954928184,1.6840019811788014,0.09905894006934125,0.0
2025-11-01,NVC08,MOUNT STUART HOSPITAL,2146,767.0,37.0,1.0,0.0,35.740913327120225,1.7241379310344827,0.046598322460391424,0.0
2025-12-01,NVC08,MOUNT STUART HOSPITAL,2218,797.0,26.0,2.0,0.0,35.933273219116316,1.1722272317403066,0.09017132551848511,0.0
2026-01-01,NVC08,MOUNT STUART HOSPITAL,2394,881.0,34.0,1.0,0.0,36.80033416875522,1.4202172096908938,0.04177109440267335,0.0
2026-02-01,NVC08,MOUNT STUART HOSPITAL,2290,839.0,23.0,1.0,0.0,36.637554585152834,1.0043668122270744,0.043668122270742356,0.0
2026-03-01,NVC08,MOUNT STUART HOSPITAL,2312,958.0,20.0,2.0,0.0,41.43598615916955,0.8650519031141869,0.08650519031141869,0.0
2026-04-01,NVC08,MOUNT STUART HOSPITAL,2275,961.0,25.0,4.0,0.0,42.24175824175824,1.098901098901099,0.1758241758241758,0.0
2026-05-01,NVC08,MOUNT STUART HOSPITAL,2267,937.0,25.0,2.0,0.0,41.33215703573004,1.102779003087781,0.08822232024702249,0.0
2026-06-01,NVC08,MOUNT STUART HOSPITAL,2200,988.0,49.0,4.0,0.0,44.90909090909091,2.2272727272727275,0.18181818181818182,0.0
2025-04-01,NVC09,NEW HALL HOSPITAL,3460,1075.0,34.0,1.0,0.0,31.069364161849713,0.9826589595375723,0.028901734104046246,0.0
2025-05-01,NVC09,NEW HALL HOSPITAL,3369,1027.0,29.0,0.0,0.0,30.483823092905908,0.8607895517957851,0.0,0.0
2025-06-01,NVC09,NEW HALL HOSPITAL,3433,1055.0,38.0,0.0,0.0,30.73113894552869,1.1069035828721234,0.0,0.0
2025-07-01,NVC09,NEW HALL HOSPITAL,3419,1113.0,51.0,0.0,0.0,32.553378180754606,1.491664229306815,0.0,0.0
2025-08-01,NVC09,NEW HALL HOSPITAL,3364,1114.0,41.0,0.0,0.0,33.115338882283,1.2187871581450653,0.0,0.0
2025-09-01,NVC09,NEW HALL HOSPITAL,3298,1101.0,36.0,0.0,0.0,33.38386901152213,1.0915706488781078,0.0,0.0
2025-10-01,NVC09,NEW HALL HOSPITAL,3320,1050.0,20.0,0.0,0.0,31.626506024096386,0.6024096385542169,0.0,0.0
2025-11-01,NVC09,NEW HALL HOSPITAL,3246,1038.0,28.0,0.0,0.0,31.97781885397412,0.8626001232285889,0.0,0.0
2025-12-01,NVC09,NEW HALL HOSPITAL,3315,998.0,19.0,0.0,0.0,30.105580693815988,0.5731523378582202,0.0,0.0
2026-01-01,NVC09,NEW HALL HOSPITAL,3313,921.0,14.0,0.0,0.0,27.799577422275885,0.42257772411711436,0.0,0.0
2026-02-01,NVC09,NEW HALL HOSPITAL,3454,1013.0,42.0,8.0,4.0,29.328314997104805,1.2159814707585408,0.23161551823972204,0.11580775911986102
2026-03-01,NVC09,NEW HALL HOSPITAL,3426,969.0,27.0,5.0,2.0,28.283712784588445,0.7880910683012259,0.14594279042615294,0.05837711617046118
2026-04-01,NVC09,NEW HALL HOSPITAL,3471,1013.0,29.0,0.0,0.0,29.184673004897725,0.8354940939210601,0.0,0.0
2026-05-01,NVC09,NEW HALL HOSPITAL,3441,935.0,18.0,1.0,0.0,27.172333623946525,0.5231037489102005,0.029061319383900032,0.0
2026-06-01,NVC09,NEW HALL HOSPITAL,3486,980.0,19.0,1.0,0.0,28.11244979919679,0.5450372920252439,0.028686173264486515,0.0
2025-04-01,NVC0I,BEACON PARK HOSPITAL,957,167.0,0.0,0.0,0.0,17.450365726227794,0.0,0.0,0.0
2025-05-01,NVC0I,BEACON PARK HOSPITAL,938,154.0,0.0,0.0,0.0,16.417910447761194,0.0,0.0,0.0
2025-06-01,NVC0I,BEACON PARK HOSPITAL,915,159.0,0.0,0.0,0.0,17.37704918032787,0.0,0.0,0.0
2025-07-01,NVC0I,BEACON PARK HOSPITAL,944,158.0,0.0,0.0,0.0,16.73728813559322,0.0,0.0,0.0
2025-08-01,NVC0I,BEACON PARK HOSPITAL,899,186.0,0.0,0.0,0.0,20.689655172413794,0.0,0.0,0.0
2025-09-01,NVC0I,BEACON PARK HOSPITAL,993,218.0,0.0,0.0,0.0,21.953675730110774,0.0,0.0,0.0
2025-10-01,NVC0I,BEACON PARK HOSPITAL,1029,219.0,0.0,0.0,0.0,21.282798833819243,0.0,0.0,0.0
2025-11-01,NVC0I,BEACON PARK HOSPITAL,1014,217.0,0.0,0.0,0.0,21.400394477317555,0.0,0.0,0.0
2025-12-01,NVC0I,BEACON PARK HOSPITAL,1103,265.0,0.0,0.0,0.0,24.025385312783317,0.0,0.0,0.0
2026-01-01,NVC0I,BEACON PARK HOSPITAL,1132,309.0,0.0,0.0,0.0,27.296819787985864,0.0,0.0,0.0
2026-02-01,NVC0I,BEACON PARK HOSPITAL,1237,397.0,0.0,0.0,0.0,32.093775262732414,0.0,0.0,0.0
2026-03-01,NVC0I,BEACON PARK HOSPITAL,1443,592.0,1.0,1.0,0.0,41.02564102564102,0.0693000693000693,0.0693000693000693,0.0
2026-04-01,NVC0I,BEACON PARK HOSPITAL,1405,597.0,1.0,1.0,1.0,42.49110320284697,0.0711743772241993,0.0711743772241993,0.0711743772241993
2026-05-01,NVC0I,BEACON PARK HOSPITAL,1272,508.0,2.0,1.0,0.0,39.937106918238996,0.15723270440251574,0.07861635220125787,0.0
2026-06-01,NVC0I,BEACON PARK HOSPITAL,1184,503.0,0.0,0.0,0.0,42.483108108108105,0.0,0.0,0.0
2025-04-01,NVC0R,TEES VALLEY HOSPITAL,3883,743.0,3.0,0.0,0.0,19.1346896729333,0.07725985063095545,0.0,0.0
2025-05-01,NVC0R,TEES VALLEY HOSPITAL,3898,776.0,5.0,0.0,0.0,19.90764494612622,0.12827090815802974,0.0,0.0
2025-06-01,NVC0R,TEES VALLEY HOSPITAL,4151,872.0,1.0,0.0,0.0,21.00698626836907,0.02409058058299205,0.0,0.0
2025-07-01,NVC0R,TEES VALLEY HOSPITAL,3992,740.0,0.0,0.0,0.0,18.537074148296593,0.0,0.0,0.0
2025-08-01,NVC0R,TEES VALLEY HOSPITAL,4039,771.0,0.0,0.0,0.0,19.088883386976974,0.0,0.0,0.0
2025-09-01,NVC0R,TEES VALLEY HOSPITAL,4326,893.0,0.0,0.0,0.0,20.64262598243181,0.0,0.0,0.0
2025-10-01,NVC0R,TEES VALLEY HOSPITAL,4658,992.0,10.0,0.0,0.0,21.296693860025762,0.21468441391155002,0.0,0.0
2025-11-01,NVC0R,TEES VALLEY HOSPITAL,4560,978.0,6.0,0.0,0.0,21.44736842105263,0.13157894736842105,0.0,0.0
2025-12-01,NVC0R,TEES VALLEY HOSPITAL,4726,1132.0,22.0,0.0,0.0,23.952602623783324,0.46550994498518833,0.0,0.0
2026-01-01,NVC0R,TEES VALLEY HOSPITAL,4292,1015.0,2.0,0.0,0.0,23.64864864864865,0.046598322460391424,0.0,0.0
2026-02-01,NVC0R,TEES VALLEY HOSPITAL,4254,1058.0,0.0,0.0,0.0,24.870709920075225,0.0,0.0,0.0
2026-03-01,NVC0R,TEES VALLEY HOSPITAL,4304,1059.0,0.0,0.0,0.0,24.605018587360593,0.0,0.0,0.0
2026-04-01,NVC0R,TEES VALLEY HOSPITAL,4297,1048.0,0.0,0.0,0.0,24.38910868047475,0.0,0.0,0.0
2026-05-01,NVC0R,TEES VALLEY HOSPITAL,4210,990.0,0.0,0.0,0.0,23.51543942992874,0.0,0.0,0.0
2026-06-01,NVC0R,TEES VALLEY HOSPITAL,4112,1060.0,1.0,0.0,0.0,25.778210116731515,0.024319066147859923,0.0,0.0
2025-04-01,NVC0Y,EXETER MEDICAL,334,40.0,2.0,0.0,0.0,11.976047904191617,0.5988023952095809,0.0,0.0
2025-05-01,NVC0Y,EXETER MEDICAL,376,70.0,0.0,0.0,0.0,18.617021276595743,0.0,0.0,0.0
2025-06-01,NVC0Y,EXETER MEDICAL,388,117.0,0.0,0.0,0.0,30.15463917525773,0.0,0.0,0.0
2025-07-01,NVC0Y,EXETER MEDICAL,297,110.0,0.0,0.0,0.0,37.03703703703704,0.0,0.0,0.0
2025-08-01,NVC0Y,EXETER MEDICAL,217,75.0,3.0,0.0,0.0,34.56221198156682,1.3824884792626728,0.0,0.0
2025-09-01,NVC0Y,EXETER MEDICAL,193,60.0,3.0,0.0,0.0,31.088082901554404,1.5544041450777202,0.0,0.0
2025-10-01,NVC0Y,EXETER MEDICAL,191,50.0,1.0,0.0,0.0,26.17801047120419,0.5235602094240838,0.0,0.0
2025-11-01,NVC0Y,EXETER MEDICAL,199,43.0,0.0,0.0,0.0,21.608040201005025,0.0,0.0,0.0
2025-12-01,NVC0Y,EXETER MEDICAL,221,46.0,0.0,0.0,0.0,20.81447963800905,0.0,0.0,0.0
2026-01-01,NVC0Y,EXETER MEDICAL,245,35.0,0.0,0.0,0.0,14.285714285714285,0.0,0.0,0.0
2026-02-01,NVC0Y,EXETER MEDICAL,261,38.0,0.0,0.0,0.0,14.559386973180077,0.0,0.0,0.0
2026-03-01,NVC0Y,EXETER MEDICAL,256,37.0,1.0,0.0,0.0,14.453125,0.390625,0.0,0.0
2026-04-01,NVC0Y,EXETER MEDICAL,272,44.0,2.0,0.0,0.0,16.176470588235293,0.7352941176470588,0.0,0.0
2026-05-01,NVC0Y,EXETER MEDICAL,266,48.0,2.0,0.0,0.0,18.045112781954884,0.7518796992481203,0.0,0.0
2026-06-01,NVC0Y,EXETER MEDICAL,275,46.0,3.0,1.0,0.0,16.727272727272727,1.090909090909091,0.36363636363636365,0.0
2025-04-01,NVC11,NORTH DOWNS HOSPITAL,1579,523.0,31.0,5.0,0.0,33.1222292590247,1.9632678910702976,0.31665611146295125,0.0
2025-05-01,NVC11,NORTH DOWNS HOSPITAL,1590,485.0,16.0,0.0,0.0,30.50314465408805,1.0062893081761006,0.0,0.0
2025-06-01,NVC11,NORTH DOWNS HOSPITAL,1616,539.0,16.0,1.0,0.0,33.353960396039604,0.9900990099009901,0.06188118811881188,0.0
2025-07-01,NVC11,NORTH DOWNS HOSPITAL,1692,617.0,23.0,4.0,0.0,36.46572104018912,1.3593380614657211,0.2364066193853428,0.0
2025-08-01,NVC11,NORTH DOWNS HOSPITAL,1745,649.0,29.0,4.0,0.0,37.191977077363894,1.66189111747851,0.2292263610315186,0.0
2025-09-01,NVC11,NORTH DOWNS HOSPITAL,1726,640.0,28.0,3.0,0.0,37.07995365005794,1.6222479721900347,0.17381228273464658,0.0
2025-10-01,NVC11,NORTH DOWNS HOSPITAL,1580,532.0,28.0,1.0,0.0,33.67088607594937,1.7721518987341773,0.06329113924050633,0.0
2025-11-01,NVC11,NORTH DOWNS HOSPITAL,1557,484.0,11.0,2.0,0.0,31.085420680796403,0.7064868336544637,0.12845215157353884,0.0
2025-12-01,NVC11,NORTH DOWNS HOSPITAL,1569,537.0,8.0,1.0,0.0,34.22562141491396,0.5098789037603569,0.06373486297004462,0.0
2026-01-01,NVC11,NORTH DOWNS HOSPITAL,1559,534.0,8.0,0.0,0.0,34.25272610647851,0.5131494547787042,0.0,0.0
2026-02-01,NVC11,NORTH DOWNS HOSPITAL,1447,447.0,6.0,0.0,0.0,30.891499654457498,0.414651002073255,0.0,0.0
2026-03-01,NVC11,NORTH DOWNS HOSPITAL,1514,518.0,10.0,1.0,0.0,34.21400264200793,0.6605019815059445,0.06605019815059446,0.0
2026-04-01,NVC11,NORTH DOWNS HOSPITAL,1469,464.0,12.0,1.0,0.0,31.586113002042204,0.8168822328114363,0.06807351940095302,0.0
2026-05-01,NVC11,NORTH DOWNS HOSPITAL,1497,456.0,9.0,0.0,0.0,30.460921843687377,0.6012024048096193,0.0,0.0
2026-06-01,NVC11,NORTH DOWNS HOSPITAL,1533,472.0,12.0,1.0,0.0,30.78930202217873,0.7827788649706457,0.06523157208088715,0.0
2025-04-01,NVC12,OAKLANDS HOSPITAL,4176,1144.0,7.0,0.0,0.0,27.39463601532567,0.16762452107279693,0.0,0.0
2025-05-01,NVC12,OAKLANDS HOSPITAL,4107,957.0,6.0,0.0,0.0,23.301680058436816,0.1460920379839299,0.0,0.0
2025-06-01,NVC12,OAKLANDS HOSPITAL,4282,907.0,5.0,0.0,0.0,21.1816907986922,0.11676786548341896,0.0,0.0
2025-07-01,NVC12,OAKLANDS HOSPITAL,4308,915.0,8.0,1.0,0.0,21.23955431754875,0.18570102135561745,0.02321262766945218,0.0
2025-08-01,NVC12,OAKLANDS HOSPITAL,4200,913.0,5.0,0.0,0.0,21.738095238095237,0.11904761904761905,0.0,0.0
2025-09-01,NVC12,OAKLANDS HOSPITAL,4215,938.0,3.0,0.0,0.0,22.25385527876631,0.0711743772241993,0.0,0.0
2025-10-01,NVC12,OAKLANDS HOSPITAL,4087,905.0,0.0,0.0,0.0,22.143381453388795,0.0,0.0,0.0
2025-11-01,NVC12,OAKLANDS HOSPITAL,4105,1004.0,0.0,0.0,0.0,24.457978075517662,0.0,0.0,0.0
2025-12-01,NVC12,OAKLANDS HOSPITAL,4258,1294.0,0.0,0.0,0.0,30.389854391733206,0.0,0.0,0.0
2026-01-01,NVC12,OAKLANDS HOSPITAL,4257,1501.0,1.0,0.0,0.0,35.259572468874794,0.02349072116513977,0.0,0.0
2026-02-01,NVC12,OAKLANDS HOSPITAL,4093,1582.0,0.0,0.0,0.0,38.65135597361349,0.0,0.0,0.0
2026-03-01,NVC12,OAKLANDS HOSPITAL,3807,1452.0,0.0,0.0,0.0,38.14026792750197,0.0,0.0,0.0
2026-04-01,NVC12,OAKLANDS HOSPITAL,3653,1296.0,0.0,0.0,0.0,35.477689570216256,0.0,0.0,0.0
2026-05-01,NVC12,OAKLANDS HOSPITAL,3583,1157.0,0.0,0.0,0.0,32.29137594194809,0.0,0.0,0.0
2026-06-01,NVC12,OAKLANDS HOSPITAL,3352,972.0,0.0,0.0,0.0,28.997613365155132,0.0,0.0,0.0
2025-04-01,NVC13,OAKS HOSPITAL,709,343.0,27.0,1.0,0.0,48.37799717912553,3.80818053596615,0.14104372355430184,0.0
2025-05-01,NVC13,OAKS HOSPITAL,669,311.0,21.0,0.0,0.0,46.48729446935725,3.1390134529147984,0.0,0.0
2025-06-01,NVC13,OAKS HOSPITAL,729,337.0,27.0,0.0,0.0,46.22770919067216,3.7037037037037033,0.0,0.0
2025-07-01,NVC13,OAKS HOSPITAL,746,341.0,31.0,1.0,0.0,45.71045576407507,4.1554959785522785,0.13404825737265416,0.0
2025-08-01,NVC13,OAKS HOSPITAL,785,328.0,13.0,0.0,0.0,41.783439490445865,1.6560509554140128,0.0,0.0
2025-09-01,NVC13,OAKS HOSPITAL,764,281.0,13.0,0.0,0.0,36.78010471204188,1.7015706806282722,0.0,0.0
2025-10-01,NVC13,OAKS HOSPITAL,809,277.0,10.0,0.0,0.0,34.2398022249691,1.2360939431396787,0.0,0.0
2025-11-01,NVC13,OAKS HOSPITAL,885,322.0,16.0,0.0,0.0,36.38418079096045,1.807909604519774,0.0,0.0
2025-12-01,NVC13,OAKS HOSPITAL,913,330.0,12.0,0.0,0.0,36.144578313253014,1.3143483023001095,0.0,0.0
2026-01-01,NVC13,OAKS HOSPITAL,990,358.0,19.0,1.0,0.0,36.16161616161616,1.9191919191919191,0.10101010101010101,0.0
2026-02-01,NVC13,OAKS HOSPITAL,1101,479.0,18.0,1.0,0.0,43.50590372388737,1.6348773841961852,0.09082652134423251,0.0
2026-03-01,NVC13,OAKS HOSPITAL,1147,489.0,16.0,1.0,0.0,42.63295553618134,1.3949433304272014,0.08718395815170009,0.0
2026-04-01,NVC13,OAKS HOSPITAL,1123,474.0,4.0,0.0,0.0,42.20837043633126,0.3561887800534283,0.0,0.0
2026-05-01,NVC13,OAKS HOSPITAL,1052,449.0,0.0,0.0,0.0,42.68060836501901,0.0,0.0,0.0
2026-06-01,NVC13,OAKS HOSPITAL,964,397.0,0.0,0.0,0.0,41.18257261410788,0.0,0.0,0.0
2025-04-01,NVC14,PARK HILL HOSPITAL,798,222.0,3.0,0.0,0.0,27.819548872180448,0.37593984962406013,0.0,0.0
2025-05-01,NVC14,PARK HILL HOSPITAL,766,180.0,2.0,0.0,0.0,23.49869451697128,0.26109660574412535,0.0,0.0
2025-06-01,NVC14,PARK HILL HOSPITAL,823,201.0,3.0,0.0,0.0,24.4228432563791,0.3645200486026731,0.0,0.0
2025-07-01,NVC14,PARK HILL HOSPITAL,828,168.0,2.0,0.0,0.0,20.28985507246377,0.24154589371980675,0.0,0.0
2025-08-01,NVC14,PARK HILL HOSPITAL,804,167.0,4.0,0.0,0.0,20.771144278606965,0.4975124378109453,0.0,0.0
2025-09-01,NVC14,PARK HILL HOSPITAL,778,154.0,2.0,0.0,0.0,19.794344473007712,0.2570694087403599,0.0,0.0
2025-10-01,NVC14,PARK HILL HOSPITAL,715,137.0,1.0,0.0,0.0,19.16083916083916,0.13986013986013987,0.0,0.0
2025-11-01,NVC14,PARK HILL HOSPITAL,763,146.0,0.0,0.0,0.0,19.134993446920053,0.0,0.0,0.0
2025-12-01,NVC14,PARK HILL HOSPITAL,738,126.0,0.0,0.0,0.0,17.073170731707318,0.0,0.0,0.0
2026-01-01,NVC14,PARK HILL HOSPITAL,733,139.0,0.0,0.0,0.0,18.963165075034105,0.0,0.0,0.0
2026-02-01,NVC14,PARK HILL HOSPITAL,726,147.0,0.0,0.0,0.0,20.24793388429752,0.0,0.0,0.0
2026-03-01,NVC14,PARK HILL HOSPITAL,765,187.0,0.0,0.0,0.0,24.444444444444443,0.0,0.0,0.0
2026-04-01,NVC14,PARK HILL HOSPITAL,722,178.0,0.0,0.0,0.0,24.653739612188367,0.0,0.0,0.0
2026-05-01,NVC14,PARK HILL HOSPITAL,723,167.0,0.0,0.0,0.0,23.09820193637621,0.0,0.0,0.0
2026-06-01,NVC14,PARK HILL HOSPITAL,734,125.0,0.0,0.0,0.0,17.029972752043594,0.0,0.0,0.0
2025-04-01,NVC15,PINEHILL HOSPITAL,1534,415.0,4.0,0.0,0.0,27.053455019556715,0.2607561929595828,0.0,0.0
2025-05-01,NVC15,PINEHILL HOSPITAL,1287,291.0,5.0,0.0,0.0,22.61072261072261,0.3885003885003885,0.0,0.0
2025-06-01,NVC15,PINEHILL HOSPITAL,1334,324.0,3.0,0.0,0.0,24.28785607196402,0.22488755622188905,0.0,0.0
2025-07-01,NVC15,PINEHILL HOSPITAL,1405,349.0,0.0,0.0,0.0,24.839857651245552,0.0,0.0,0.0
2025-08-01,NVC15,PINEHILL HOSPITAL,1269,227.0,0.0,0.0,0.0,17.88810086682427,0.0,0.0,0.0
2025-09-01,NVC15,PINEHILL HOSPITAL,1360,300.0,5.0,0.0,0.0,22.058823529411764,0.3676470588235294,0.0,0.0
2025-10-01,NVC15,PINEHILL HOSPITAL,1465,321.0,3.0,0.0,0.0,21.911262798634812,0.20477815699658702,0.0,0.0
2025-11-01,NVC15,PINEHILL HOSPITAL,1551,336.0,2.0,0.0,0.0,21.663442940038685,0.1289490651192779,0.0,0.0
2025-12-01,NVC15,PINEHILL HOSPITAL,1599,415.0,6.0,1.0,0.0,25.95372107567229,0.37523452157598497,0.06253908692933083,0.0
2026-01-01,NVC15,PINEHILL HOSPITAL,1607,435.0,2.0,1.0,0.0,27.069072806471688,0.12445550715619166,0.06222775357809583,0.0
2026-02-01,NVC15,PINEHILL HOSPITAL,1655,519.0,0.0,0.0,0.0,31.3595166163142,0.0,0.0,0.0
2026-03-01,NVC15,PINEHILL HOSPITAL,1812,667.0,3.0,0.0,0.0,36.81015452538631,0.16556291390728478,0.0,0.0
2026-04-01,NVC15,PINEHILL HOSPITAL,1818,685.0,6.0,0.0,0.0,37.678767876787674,0.33003300330033003,0.0,0.0
2026-05-01,NVC15,PINEHILL HOSPITAL,1842,696.0,42.0,0.0,0.0,37.785016286644954,2.2801302931596092,0.0,0.0
2026-06-01,NVC15,PINEHILL HOSPITAL,1909,714.0,72.0,0.0,0.0,37.40178103719225,3.771608171817706,0.0,0.0
2025-04-01,NVC16,RENACRES HOSPITAL,4500,1147.0,5.0,0.0,0.0,25.488888888888887,0.1111111111111111,0.0,0.0
2025-05-01,NVC16,RENACRES HOSPITAL,4370,1005.0,12.0,0.0,0.0,22.99771167048055,0.2745995423340961,0.0,0.0
2025-06-01,NVC16,RENACRES HOSPITAL,4596,1191.0,13.0,0.0,0.0,25.913838120104437,0.2828546562228024,0.0,0.0
2025-07-01,NVC16,RENACRES HOSPITAL,4586,1172.0,6.0,0.0,0.0,25.556040122110772,0.13083296990841692,0.0,0.0
2025-08-01,NVC16,RENACRES HOSPITAL,4680,1161.0,8.0,0.0,0.0,24.807692307692307,0.17094017094017094,0.0,0.0
2025-09-01,NVC16,RENACRES HOSPITAL,4858,1229.0,6.0,0.0,0.0,25.29847673939893,0.12350761630300536,0.0,0.0
2025-10-01,NVC16,RENACRES HOSPITAL,4971,1349.0,9.0,0.0,0.0,27.137396902031785,0.18105009052504525,0.0,0.0
2025-11-01,NVC16,RENACRES HOSPITAL,4958,1442.0,10.0,0.0,0.0,29.0843081887858,0.20169423154497781,0.0,0.0
2025-12-01,NVC16,RENACRES HOSPITAL,4912,1611.0,6.0,0.0,0.0,32.79723127035831,0.12214983713355047,0.0,0.0
2026-01-01,NVC16,RENACRES HOSPITAL,5128,1974.0,19.0,0.0,0.0,38.494539781591264,0.3705148205928237,0.0,0.0
2026-02-01,NVC16,RENACRES HOSPITAL,5247,2380.0,32.0,0.0,0.0,45.35925290642272,0.6098723079855155,0.0,0.0
2026-03-01,NVC16,RENACRES HOSPITAL,5292,2635.0,41.0,1.0,0.0,49.79213907785336,0.7747543461829176,0.01889644746787604,0.0
2026-04-01,NVC16,RENACRES HOSPITAL,4927,2587.0,60.0,0.0,0.0,52.5065963060686,1.217779581895677,0.0,0.0
2026-05-01,NVC16,RENACRES HOSPITAL,4874,2640.0,113.0,1.0,0.0,54.164956914238815,2.318424292162495,0.02051702913418137,0.0
2026-06-01,NVC16,RENACRES HOSPITAL,4854,2783.0,193.0,1.0,0.0,57.334157395962094,3.9761021837659665,0.020601565718994644,0.0
2025-04-01,NVC17,ROWLEY HALL HOSPITAL,2474,774.0,2.0,0.0,0.0,31.285367825383993,0.08084074373484236,0.0,0.0
2025-05-01,NVC17,ROWLEY HALL HOSPITAL,2337,657.0,1.0,1.0,0.0,28.11296534017972,0.04278990158322636,0.04278990158322636,0.0
2025-06-01,NVC17,ROWLEY HALL HOSPITAL,2440,656.0,2.0,2.0,0.0,26.885245901639344,0.08196721311475409,0.08196721311475409,0.0
2025-07-01,NVC17,ROWLEY HALL HOSPITAL,2353,704.0,0.0,0.0,0.0,29.91925201869953,0.0,0.0,0.0
2025-08-01,NVC17,ROWLEY HALL HOSPITAL,2343,716.0,0.0,0.0,0.0,30.559112249253097,0.0,0.0,0.0
2025-09-01,NVC17,ROWLEY HALL HOSPITAL,2359,711.0,2.0,2.0,0.0,30.1398897838067,0.0847816871555744,0.0847816871555744,0.0
2025-10-01,NVC17,ROWLEY HALL HOSPITAL,2400,718.0,1.0,0.0,0.0,29.916666666666668,0.04166666666666667,0.0,0.0
2025-11-01,NVC17,ROWLEY HALL HOSPITAL,2438,670.0,2.0,0.0,0.0,27.481542247744052,0.08203445447087777,0.0,0.0
2025-12-01,NVC17,ROWLEY HALL HOSPITAL,2580,825.0,4.0,0.0,0.0,31.976744186046513,0.15503875968992248,0.0,0.0
2026-01-01,NVC17,ROWLEY HALL HOSPITAL,2575,877.0,1.0,0.0,0.0,34.05825242718446,0.03883495145631068,0.0,0.0
2026-02-01,NVC17,ROWLEY HALL HOSPITAL,2590,1008.0,2.0,1.0,0.0,38.91891891891892,0.07722007722007722,0.03861003861003861,0.0
2026-03-01,NVC17,ROWLEY HALL HOSPITAL,2629,1088.0,0.0,0.0,0.0,41.38455686572841,0.0,0.0,0.0
2026-04-01,NVC17,ROWLEY HALL HOSPITAL,2553,1037.0,1.0,1.0,1.0,40.61887974931453,0.03916960438699569,0.03916960438699569,0.03916960438699569
2026-05-01,NVC17,ROWLEY HALL HOSPITAL,2480,978.0,1.0,1.0,1.0,39.435483870967744,0.04032258064516129,0.04032258064516129,0.04032258064516129
2026-06-01,NVC17,ROWLEY HALL HOSPITAL,2354,896.0,1.0,0.0,0.0,38.062871707731524,0.04248088360237893,0.0,0.0
2025-04-01,NVC18,SPRINGFIELD HOSPITAL,4550,1258.0,33.0,16.0,0.0,27.64835164835165,0.7252747252747254,0.3516483516483516,0.0
2025-05-01,NVC18,SPRINGFIELD HOSPITAL,4455,1259.0,33.0,17.0,2.0,28.26038159371493,0.7407407407407408,0.38159371492704824,0.044893378226711564
2025-06-01,NVC18,SPRINGFIELD HOSPITAL,4708,1357.0,69.0,22.0,0.0,28.8232795242141,1.465590484282073,0.46728971962616817,0.0
2025-07-01,NVC18,SPRINGFIELD HOSPITAL,4715,1374.0,102.0,17.0,0.0,29.141039236479322,2.1633085896076354,0.3605514316012725,0.0
2025-08-01,NVC18,SPRINGFIELD HOSPITAL,4759,1424.0,103.0,19.0,0.0,29.922252574070185,2.1643202353435598,0.3992435385585207,0.0
2025-09-01,NVC18,SPRINGFIELD HOSPITAL,4842,1418.0,125.0,17.0,0.0,29.285419248244526,2.5815778603882693,0.3510945890128046,0.0
2025-10-01,NVC18,SPRINGFIELD HOSPITAL,5009,1365.0,138.0,20.0,0.0,27.25094829307247,2.755040926332601,0.3992812936713915,0.0
2025-11-01,NVC18,SPRINGFIELD HOSPITAL,5115,1342.0,157.0,29.0,0.0,26.236559139784948,3.069403714565005,0.5669599217986315,0.0
2025-12-01,NVC18,SPRINGFIELD HOSPITAL,5196,1314.0,146.0,32.0,0.0,25.28868360277136,2.809853733641263,0.6158583525789069,0.0
2026-01-01,NVC18,SPRINGFIELD HOSPITAL,5105,1321.0,182.0,43.0,1.0,25.876591576885406,3.5651322233104796,0.8423114593535749,0.01958863858961802
2026-02-01,NVC18,SPRINGFIELD HOSPITAL,5052,1364.0,164.0,52.0,1.0,26.999208234362627,3.246239113222486,1.0292953285827395,0.01979414093428345
2026-03-01,NVC18,SPRINGFIELD HOSPITAL,4975,1402.0,141.0,59.0,0.0,28.180904522613066,2.834170854271357,1.185929648241206,0.0
2026-04-01,NVC18,SPRINGFIELD HOSPITAL,4671,1402.0,103.0,58.0,0.0,30.014986084350248,2.205095268679084,1.2417041318775424,0.0
2026-05-01,NVC18,SPRINGFIELD HOSPITAL,4602,1496.0,98.0,66.0,0.0,32.507605388961316,2.1295089091699264,1.4341590612777053,0.0
2026-06-01,NVC18,SPRINGFIELD HOSPITAL,4412,1573.0,94.0,38.0,0.0,35.65276518585676,2.1305530371713512,0.8612873980054397,0.0
2025-04-01,NVC19,RIVERS HOSPITAL,4045,1215.0,80.0,4.0,0.0,30.03708281829419,1.9777503090234856,0.0988875154511743,0.0
2025-05-01,NVC19,RIVERS HOSPITAL,3992,1251.0,38.0,0.0,0.0,31.337675350701407,0.9519038076152305,0.0,0.0
2025-06-01,NVC19,RIVERS HOSPITAL,4077,1248.0,30.0,1.0,0.0,30.61074319352465,0.7358351729212657,0.02452783909737552,0.0
2025-07-01,NVC19,RIVERS HOSPITAL,4106,1213.0,41.0,0.0,0.0,29.542133463224552,0.9985387238188018,0.0,0.0
2025-08-01,NVC19,RIVERS HOSPITAL,4257,1307.0,36.0,3.0,1.0,30.702372562837677,0.8456659619450317,0.07047216349541931,0.02349072116513977
2025-09-01,NVC19,RIVERS HOSPITAL,4396,1359.0,45.0,1.0,0.0,30.914467697907188,1.0236578707916288,0.02274795268425842,0.0
2025-10-01,NVC19,RIVERS HOSPITAL,4256,1285.0,40.0,0.0,0.0,30.19266917293233,0.9398496240601504,0.0,0.0
2025-11-01,NVC19,RIVERS HOSPITAL,4246,1305.0,43.0,1.0,0.0,30.734809232218556,1.0127178520960904,0.023551577955723033,0.0
2025-12-01,NVC19,RIVERS HOSPITAL,4396,1360.0,25.0,0.0,0.0,30.937215650591448,0.5686988171064604,0.0,0.0
2026-01-01,NVC19,RIVERS HOSPITAL,4396,1407.0,47.0,0.0,0.0,32.00636942675159,1.0691537761601457,0.0,0.0
2026-02-01,NVC19,RIVERS HOSPITAL,4593,1423.0,31.0,1.0,0.0,30.98192902242543,0.6749401262791204,0.021772262138036142,0.0
2026-03-01,NVC19,RIVERS HOSPITAL,4766,1605.0,24.0,1.0,0.0,33.67603860679815,0.5035669324381032,0.0209819555182543,0.0
2026-04-01,NVC19,RIVERS HOSPITAL,4499,1386.0,29.0,0.0,0.0,30.80684596577017,0.6445876861524783,0.0,0.0
2026-05-01,NVC19,RIVERS HOSPITAL,4279,1334.0,30.0,0.0,0.0,31.175508296330918,0.7010983874737089,0.0,0.0
2026-06-01,NVC19,RIVERS HOSPITAL,4242,1494.0,30.0,0.0,0.0,35.21923620933522,0.7072135785007072,0.0,0.0
2025-04-01,NVC1H,STOURSIDE HOSPITAL,2941,835.0,21.0,0.0,0.0,28.39170350221013,0.7140428425705543,0.0,0.0
2025-05-01,NVC1H,STOURSIDE HOSPITAL,3021,815.0,16.0,0.0,0.0,26.977821913273754,0.529625951671632,0.0,0.0
2025-06-01,NVC1H,STOURSIDE HOSPITAL,2938,750.0,15.0,0.0,0.0,25.527569775357385,0.5105513955071478,0.0,0.0
2025-07-01,NVC1H,STOURSIDE HOSPITAL,2913,775.0,11.0,0.0,0.0,26.604874699622382,0.37761757638173704,0.0,0.0
2025-08-01,NVC1H,STOURSIDE HOSPITAL,3047,816.0,18.0,0.0,0.0,26.780439776829667,0.5907449950771251,0.0,0.0
2025-09-01,NVC1H,STOURSIDE HOSPITAL,3278,888.0,20.0,1.0,0.0,27.089688834655277,0.6101281269066504,0.03050640634533252,0.0
2025-10-01,NVC1H,STOURSIDE HOSPITAL,3407,910.0,20.0,0.0,0.0,26.70971529204579,0.587026709715292,0.0,0.0
2025-11-01,NVC1H,STOURSIDE HOSPITAL,3489,1002.0,22.0,2.0,0.0,28.71883061049011,0.6305531670965893,0.05732301519059903,0.0
2025-12-01,NVC1H,STOURSIDE HOSPITAL,3445,1133.0,16.0,1.0,0.0,32.888243831640054,0.46444121915820025,0.029027576197387515,0.0
2026-01-01,NVC1H,STOURSIDE HOSPITAL,3405,1139.0,17.0,2.0,0.0,33.45080763582966,0.499265785609398,0.05873715124816446,0.0
2026-02-01,NVC1H,STOURSIDE HOSPITAL,3316,1149.0,17.0,0.0,0.0,34.650180940892646,0.5126658624849216,0.0,0.0
2026-03-01,NVC1H,STOURSIDE HOSPITAL,2961,879.0,17.0,0.0,0.0,29.68591691995947,0.5741303613644039,0.0,0.0
2026-04-01,NVC1H,STOURSIDE HOSPITAL,2961,849.0,19.0,1.0,0.0,28.67274569402229,0.6416751097602161,0.033772374197906116,0.0
2026-05-01,NVC1H,STOURSIDE HOSPITAL,2978,847.0,12.0,2.0,0.0,28.44190732034923,0.4029550033579583,0.0671591672263264,0.0
2026-06-01,NVC1H,STOURSIDE HOSPITAL,2866,835.0,7.0,2.0,0.0,29.134682484298676,0.24424284717376132,0.06978367062107467,0.0
2025-04-01,NVC20,THE YORKSHIRE CLINIC,7678,2382.0,77.0,0.0,0.0,31.023704089606667,1.002865329512894,0.0,0.0
2025-05-01,NVC20,THE YORKSHIRE CLINIC,7359,2273.0,93.0,2.0,0.0,30.887348824568555,1.2637586628618018,0.027177605652941975,0.0
2025-06-01,NVC20,THE YORKSHIRE CLINIC,7275,2159.0,98.0,5.0,0.0,29.67697594501718,1.3470790378006872,0.06872852233676977,0.0
2025-07-01,NVC20,THE YORKSHIRE CLINIC,7251,2192.0,89.0,8.0,0.0,30.230313060267548,1.227416908012688,0.11032960970900565,0.0
2025-08-01,NVC20,THE YORKSHIRE CLINIC,7328,2172.0,115.0,8.0,0.0,29.639737991266372,1.5693231441048034,0.10917030567685589,0.0
2025-09-01,NVC20,THE YORKSHIRE CLINIC,7311,2146.0,130.0,21.0,0.0,29.353029681302147,1.7781425249623852,0.28723840787853916,0.0
2025-10-01,NVC20,THE YORKSHIRE CLINIC,7343,2144.0,145.0,24.0,0.0,29.197875527713467,1.974669753506741,0.32684189023559856,0.0
2025-11-01,NVC20,THE YORKSHIRE CLINIC,7167,2001.0,91.0,11.0,0.0,27.919631645039765,1.2697083856564813,0.1534812334310032,0.0
2025-12-01,NVC20,THE YORKSHIRE CLINIC,6988,1940.0,60.0,9.0,0.0,27.761877504293075,0.8586147681740127,0.12879221522610187,0.0
2026-01-01,NVC20,THE YORKSHIRE CLINIC,7063,1880.0,42.0,2.0,0.0,26.61758459578083,0.5946481665014867,0.02831657935721365,0.0
2026-02-01,NVC20,THE YORKSHIRE CLINIC,7190,1872.0,25.0,3.0,0.0,26.036161335187764,0.34770514603616137,0.04172461752433936,0.0
2026-03-01,NVC20,THE YORKSHIRE CLINIC,7414,1895.0,24.0,3.0,0.0,25.559751820879416,0.3237118964121931,0.04046398705152414,0.0
2026-04-01,NVC20,THE YORKSHIRE CLINIC,7488,1871.0,21.0,2.0,0.0,24.986645299145298,0.28044871794871795,0.02670940170940171,0.0
2026-05-01,NVC20,THE YORKSHIRE CLINIC,7428,1894.0,34.0,1.0,0.0,25.49811523963382,0.45772751750134627,0.013462574044157244,0.0
2026-06-01,NVC20,THE YORKSHIRE CLINIC,7268,1742.0,17.0,2.0,0.0,23.968079251513483,0.23390203632361034,0.0275178866263071,0.0
2025-04-01,NVC21,WEST MIDLANDS HOSPITAL,976,437.0,22.0,0.0,0.0,44.77459016393443,2.2540983606557377,0.0,0.0
2025-05-01,NVC21,WEST MIDLANDS HOSPITAL,807,371.0,8.0,2.0,0.0,45.9727385377943,0.9913258983890955,0.24783147459727387,0.0
2025-06-01,NVC21,WEST MIDLANDS HOSPITAL,834,392.0,8.0,0.0,0.0,47.00239808153477,0.9592326139088728,0.0,0.0
2025-07-01,NVC21,WEST MIDLANDS HOSPITAL,852,405.0,14.0,0.0,0.0,47.53521126760563,1.643192488262911,0.0,0.0
2025-08-01,NVC21,WEST MIDLANDS HOSPITAL,800,380.0,5.0,0.0,0.0,47.5,0.625,0.0,0.0
2025-09-01,NVC21,WEST MIDLANDS HOSPITAL,639,364.0,5.0,0.0,0.0,56.96400625978091,0.7824726134585289,0.0,0.0
2025-10-01,NVC21,WEST MIDLANDS HOSPITAL,504,316.0,5.0,0.0,0.0,62.698412698412696,0.992063492063492,0.0,0.0
2025-11-01,NVC21,WEST MIDLANDS HOSPITAL,412,263.0,5.0,0.0,0.0,63.834951456310684,1.2135922330097086,0.0,0.0
2025-12-01,NVC21,WEST MIDLANDS HOSPITAL,512,252.0,6.0,0.0,0.0,49.21875,1.171875,0.0,0.0
2026-01-01,NVC21,WEST MIDLANDS HOSPITAL,508,210.0,9.0,2.0,1.0,41.338582677165356,1.7716535433070866,0.39370078740157477,0.19685039370078738
2026-02-01,NVC21,WEST MIDLANDS HOSPITAL,479,198.0,9.0,0.0,0.0,41.33611691022965,1.8789144050104383,0.0,0.0
2026-03-01,NVC21,WEST MIDLANDS HOSPITAL,439,155.0,8.0,0.0,0.0,35.30751708428246,1.8223234624145785,0.0,0.0
2026-04-01,NVC21,WEST MIDLANDS HOSPITAL,497,173.0,8.0,0.0,0.0,34.80885311871227,1.6096579476861168,0.0,0.0
2026-05-01,NVC21,WEST MIDLANDS HOSPITAL,574,176.0,7.0,0.0,0.0,30.66202090592334,1.2195121951219512,0.0,0.0
2026-06-01,NVC21,WEST MIDLANDS HOSPITAL,671,184.0,3.0,0.0,0.0,27.421758569299552,0.44709388971684055,0.0,0.0
2025-04-01,NVC22,WINFIELD HOSPITAL,1626,561.0,11.0,0.0,0.0,34.50184501845018,0.6765067650676507,0.0,0.0
2025-05-01,NVC22,WINFIELD HOSPITAL,1561,512.0,6.0,1.0,0.0,32.79948750800769,0.38436899423446513,0.06406149903907751,0.0
2025-06-01,NVC22,WINFIELD HOSPITAL,1595,530.0,2.0,0.0,0.0,33.22884012539185,0.12539184952978058,0.0,0.0
2025-07-01,NVC22,WINFIELD HOSPITAL,1622,591.0,5.0,0.0,0.0,36.43649815043157,0.3082614056720099,0.0,0.0
2025-08-01,NVC22,WINFIELD HOSPITAL,1638,610.0,6.0,0.0,0.0,37.24053724053724,0.3663003663003663,0.0,0.0
2025-09-01,NVC22,WINFIELD HOSPITAL,1544,572.0,9.0,0.0,0.0,37.04663212435233,0.582901554404145,0.0,0.0
2025-10-01,NVC22,WINFIELD HOSPITAL,1461,509.0,12.0,0.0,0.0,34.83915126625599,0.8213552361396305,0.0,0.0
2025-11-01,NVC22,WINFIELD HOSPITAL,1356,464.0,5.0,0.0,0.0,34.21828908554572,0.3687315634218289,0.0,0.0
2025-12-01,NVC22,WINFIELD HOSPITAL,1245,407.0,4.0,0.0,0.0,32.69076305220884,0.321285140562249,0.0,0.0
2026-01-01,NVC22,WINFIELD HOSPITAL,1197,378.0,6.0,0.0,0.0,31.57894736842105,0.5012531328320802,0.0,0.0
2026-02-01,NVC22,WINFIELD HOSPITAL,1128,330.0,6.0,0.0,0.0,29.25531914893617,0.5319148936170213,0.0,0.0
2026-03-01,NVC22,WINFIELD HOSPITAL,1115,284.0,0.0,0.0,0.0,25.47085201793722,0.0,0.0,0.0
2026-04-01,NVC22,WINFIELD HOSPITAL,1195,298.0,0.0,0.0,0.0,24.93723849372385,0.0,0.0,0.0
2026-05-01,NVC22,WINFIELD HOSPITAL,1281,315.0,0.0,0.0,0.0,24.59016393442623,0.0,0.0,0.0
2026-06-01,NVC22,WINFIELD HOSPITAL,1384,363.0,1.0,0.0,0.0,26.228323699421964,0.0722543352601156,0.0,0.0
2025-04-01,NVC23,WOODLAND HOSPITAL,4869,1709.0,49.0,0.0,0.0,35.099609776134734,1.0063668104333539,0.0,0.0
2025-05-01,NVC23,WOODLAND HOSPITAL,4691,1548.0,42.0,0.0,0.0,32.99936047751012,0.8953314858239182,0.0,0.0
2025-06-01,NVC23,WOODLAND HOSPITAL,4674,1464.0,37.0,1.0,0.0,31.322207958921695,0.7916131792896877,0.02139495079161318,0.0
2025-07-01,NVC23,WOODLAND HOSPITAL,4771,1543.0,51.0,1.0,0.0,32.341228254034796,1.0689582896667364,0.020959966464053657,0.0
2025-08-01,NVC23,WOODLAND HOSPITAL,4786,1509.0,37.0,0.0,0.0,31.52946092770581,0.7730881738403678,0.0,0.0
2025-09-01,NVC23,WOODLAND HOSPITAL,4899,1518.0,33.0,0.0,0.0,30.985915492957744,0.6736068585425597,0.0,0.0
2025-10-01,NVC23,WOODLAND HOSPITAL,5041,1520.0,23.0,0.0,0.0,30.152747470739932,0.4562586788335648,0.0,0.0
2025-11-01,NVC23,WOODLAND HOSPITAL,5111,1574.0,29.0,0.0,0.0,30.7963216591665,0.5674036392095481,0.0,0.0
2025-12-01,NVC23,WOODLAND HOSPITAL,5097,1683.0,29.0,0.0,0.0,33.01942319011183,0.5689621345889739,0.0,0.0
2026-01-01,NVC23,WOODLAND HOSPITAL,5121,1845.0,19.0,0.0,0.0,36.02811950790861,0.3710212849052919,0.0,0.0
2026-02-01,NVC23,WOODLAND HOSPITAL,5164,1913.0,23.0,0.0,0.0,37.044926413632844,0.44539116963594116,0.0,0.0
2026-03-01,NVC23,WOODLAND HOSPITAL,5086,1927.0,4.0,0.0,0.0,37.88832088084939,0.07864726700747149,0.0,0.0
2026-04-01,NVC23,WOODLAND HOSPITAL,4941,1837.0,2.0,0.0,0.0,37.17870876340822,0.04047763610605141,0.0,0.0
2026-05-01,NVC23,WOODLAND HOSPITAL,4817,1756.0,3.0,0.0,0.0,36.454224621133484,0.062279427029271334,0.0,0.0
2026-06-01,NVC23,WOODLAND HOSPITAL,4641,1664.0,3.0,0.0,0.0,35.85434173669468,0.06464124111182934,0.0,0.0
2025-04-01,NVC25,THE CHERWELL HOSPITAL,2403,1082.0,19.0,10.0,2.0,45.02704952143154,0.7906783187682065,0.41614648356221395,0.08322929671244278
2025-05-01,NVC25,THE CHERWELL HOSPITAL,2319,933.0,8.0,4.0,1.0,40.23285899094437,0.344976282880552,0.172488141440276,0.043122035360069
2025-06-01,NVC25,THE CHERWELL HOSPITAL,2284,868.0,8.0,2.0,1.0,38.003502626970224,0.3502626970227671,0.08756567425569177,0.043782837127845885
2025-07-01,NVC25,THE CHERWELL HOSPITAL,2171,782.0,13.0,3.0,1.0,36.02026715799171,0.5988023952095809,0.1381851681252879,0.046061722708429294
2025-08-01,NVC25,THE CHERWELL HOSPITAL,2176,761.0,14.0,4.0,1.0,34.97242647058824,0.6433823529411764,0.1838235294117647,0.04595588235294117
2025-09-01,NVC25,THE CHERWELL HOSPITAL,2164,763.0,12.0,3.0,0.0,35.25878003696858,0.5545286506469501,0.13863216266173753,0.0
2025-10-01,NVC25,THE CHERWELL HOSPITAL,2217,814.0,14.0,2.0,0.0,36.716283265674335,0.6314839873703203,0.09021199819576003,0.0
2025-11-01,NVC25,THE CHERWELL HOSPITAL,2243,803.0,11.0,2.0,1.0,35.80026749888542,0.490414623272403,0.08916629514043692,0.04458314757021846
2025-12-01,NVC25,THE CHERWELL HOSPITAL,2190,816.0,7.0,1.0,0.0,37.26027397260274,0.31963470319634707,0.045662100456621,0.0
2026-01-01,NVC25,THE CHERWELL HOSPITAL,2132,728.0,9.0,1.0,0.0,34.146341463414636,0.42213883677298314,0.04690431519699812,0.0
2026-02-01,NVC25,THE CHERWELL HOSPITAL,2031,708.0,7.0,0.0,0.0,34.85967503692763,0.34465780403741997,0.0,0.0
2026-03-01,NVC25,THE CHERWELL HOSPITAL,2059,719.0,8.0,0.0,0.0,34.919864011656145,0.38853812530354537,0.0,0.0
2026-04-01,NVC25,THE CHERWELL HOSPITAL,2034,640.0,6.0,3.0,0.0,31.465093411996065,0.2949852507374631,0.14749262536873156,0.0
2026-05-01,NVC25,THE CHERWELL HOSPITAL,2092,661.0,4.0,4.0,1.0,31.59655831739962,0.19120458891013384,0.19120458891013384,0.04780114722753346
2026-06-01,NVC25,THE CHERWELL HOSPITAL,2197,670.0,5.0,3.0,0.0,30.49613108784706,0.22758306781975418,0.13654984069185253,0.0
2025-04-01,NVC27,BOSTON WEST HOSPITAL,1690,578.0,19.0,0.0,0.0,34.201183431952664,1.1242603550295858,0.0,0.0
2025-05-01,NVC27,BOSTON WEST HOSPITAL,1547,474.0,8.0,0.0,0.0,30.639948287007112,0.5171299288946347,0.0,0.0
2025-06-01,NVC27,BOSTON WEST HOSPITAL,1629,522.0,12.0,0.0,0.0,32.04419889502763,0.7366482504604052,0.0,0.0
2025-07-01,NVC27,BOSTON WEST HOSPITAL,1749,534.0,10.0,0.0,0.0,30.53173241852487,0.5717552887364208,0.0,0.0
2025-08-01,NVC27,BOSTON WEST HOSPITAL,1814,535.0,12.0,1.0,0.0,29.492833517089306,0.6615214994487321,0.05512679162072767,0.0
2025-09-01,NVC27,BOSTON WEST HOSPITAL,1864,559.0,14.0,5.0,0.0,29.989270386266092,0.7510729613733905,0.26824034334763946,0.0
2025-10-01,NVC27,BOSTON WEST HOSPITAL,2145,587.0,8.0,2.0,0.0,27.365967365967364,0.372960372960373,0.09324009324009325,0.0
2025-11-01,NVC27,BOSTON WEST HOSPITAL,2220,633.0,6.0,1.0,0.0,28.513513513513512,0.2702702702702703,0.04504504504504504,0.0
2025-12-01,NVC27,BOSTON WEST HOSPITAL,2341,765.0,5.0,0.0,0.0,32.678342588637335,0.21358393848782573,0.0,0.0
2026-01-01,NVC27,BOSTON WEST HOSPITAL,2421,860.0,11.0,0.0,0.0,35.52251135894259,0.45435770342833537,0.0,0.0
2026-02-01,NVC27,BOSTON WEST HOSPITAL,2405,975.0,11.0,0.0,0.0,40.54054054054054,0.4573804573804574,0.0,0.0
2026-03-01,NVC27,BOSTON WEST HOSPITAL,2408,951.0,5.0,0.0,0.0,39.493355481727576,0.20764119601328906,0.0,0.0
2026-04-01,NVC27,BOSTON WEST HOSPITAL,2411,937.0,10.0,0.0,0.0,38.86354209871423,0.414765657403567,0.0,0.0
2026-05-01,NVC27,BOSTON WEST HOSPITAL,2346,851.0,20.0,0.0,0.0,36.27450980392157,0.8525149190110828,0.0,0.0
2026-06-01,NVC27,BOSTON WEST HOSPITAL,2353,804.0,21.0,1.0,0.0,34.169145771355716,0.8924776880577986,0.042498937526561836,0.0
2025-04-01,NVC28,CLIFTON PARK HOSPITAL,1606,631.0,30.0,5.0,0.0,39.29016189290162,1.86799501867995,0.311332503113325,0.0
2025-05-01,NVC28,CLIFTON PARK HOSPITAL,1657,645.0,17.0,0.0,0.0,38.92576946288473,1.0259505129752564,0.0,0.0
2025-06-01,NVC28,CLIFTON PARK HOSPITAL,1684,618.0,10.0,0.0,0.0,36.69833729216152,0.5938242280285035,0.0,0.0
2025-07-01,NVC28,CLIFTON PARK HOSPITAL,1677,594.0,6.0,0.0,0.0,35.42039355992844,0.35778175313059035,0.0,0.0
2025-08-01,NVC28,CLIFTON PARK HOSPITAL,1691,572.0,11.0,1.0,0.0,33.826138379657,0.6505026611472502,0.05913660555884093,0.0
2025-09-01,NVC28,CLIFTON PARK HOSPITAL,1715,628.0,8.0,1.0,0.0,36.61807580174927,0.46647230320699706,0.05830903790087463,0.0
2025-10-01,NVC28,CLIFTON PARK HOSPITAL,1751,666.0,7.0,1.0,0.0,38.035408338092516,0.3997715591090805,0.05711022272986865,0.0
2025-11-01,NVC28,CLIFTON PARK HOSPITAL,1798,695.0,6.0,0.0,0.0,38.654060066740826,0.33370411568409347,0.0,0.0
2025-12-01,NVC28,CLIFTON PARK HOSPITAL,1778,667.0,17.0,0.0,0.0,37.5140607424072,0.9561304836895388,0.0,0.0
2026-01-01,NVC28,CLIFTON PARK HOSPITAL,1598,536.0,20.0,0.0,0.0,33.54192740926158,1.2515644555694618,0.0,0.0
2026-02-01,NVC28,CLIFTON PARK HOSPITAL,1527,532.0,7.0,0.0,0.0,34.83955468238376,0.45841519318926005,0.0,0.0
2026-03-01,NVC28,CLIFTON PARK HOSPITAL,1443,555.0,2.0,0.0,0.0,38.46153846153847,0.1386001386001386,0.0,0.0
2026-04-01,NVC28,CLIFTON PARK HOSPITAL,1567,574.0,7.0,1.0,0.0,36.6305041480536,0.4467134652201659,0.06381620931716657,0.0
2026-05-01,NVC28,CLIFTON PARK HOSPITAL,1621,566.0,4.0,0.0,0.0,34.91671807526218,0.24676125848241826,0.0,0.0
2026-06-01,NVC28,CLIFTON PARK HOSPITAL,1569,449.0,7.0,0.0,0.0,28.616953473550033,0.44614404079031234,0.0,0.0
2025-04-01,NVC29,COBALT HOSPITAL,1982,646.0,50.0,5.0,0.0,32.593340060544904,2.5227043390514634,0.2522704339051463,0.0
2025-05-01,NVC29,COBALT HOSPITAL,1719,537.0,31.0,6.0,0.0,31.239092495637,1.8033740546829553,0.34904013961605584,0.0
2025-06-01,NVC29,COBALT HOSPITAL,1700,504.0,30.0,3.0,0.0,29.64705882352941,1.7647058823529411,0.17647058823529413,0.0
2025-07-01,NVC29,COBALT HOSPITAL,1623,423.0,21.0,3.0,0.0,26.062846580406656,1.2939001848428837,0.18484288354898337,0.0
2025-08-01,NVC29,COBALT HOSPITAL,1607,388.0,23.0,1.0,0.0,24.14436838830118,1.4312383322962041,0.06222775357809583,0.0
2025-09-01,NVC29,COBALT HOSPITAL,1619,376.0,17.0,2.0,0.0,23.224212476837554,1.0500308832612724,0.12353304508956146,0.0
2025-10-01,NVC29,COBALT HOSPITAL,1611,385.0,9.0,1.0,0.0,23.898199875853507,0.5586592178770949,0.06207324643078833,0.0
2025-11-01,NVC29,COBALT HOSPITAL,1677,395.0,5.0,2.0,0.0,23.55396541443053,0.2981514609421586,0.11926058437686345,0.0
2025-12-01,NVC29,COBALT HOSPITAL,1652,451.0,7.0,0.0,0.0,27.300242130750608,0.423728813559322,0.0,0.0
2026-01-01,NVC29,COBALT HOSPITAL,1721,536.0,6.0,0.0,0.0,31.14468332364904,0.3486345148169669,0.0,0.0
2026-02-01,NVC29,COBALT HOSPITAL,1684,553.0,4.0,0.0,0.0,32.83847980997624,0.23752969121140144,0.0,0.0
2026-03-01,NVC29,COBALT HOSPITAL,1815,657.0,1.0,0.0,0.0,36.19834710743802,0.055096418732782364,0.0,0.0
2026-04-01,NVC29,COBALT HOSPITAL,1916,728.0,4.0,0.0,0.0,37.995824634655534,0.20876826722338201,0.0,0.0
2026-05-01,NVC29,COBALT HOSPITAL,2052,729.0,4.0,0.0,0.0,35.526315789473685,0.1949317738791423,0.0,0.0
2026-06-01,NVC29,COBALT HOSPITAL,2088,751.0,11.0,0.0,0.0,35.96743295019157,0.5268199233716475,0.0,0.0
2025-04-01,NVC31,BLAKELANDS HOSPITAL,2304,613.0,22.0,8.0,0.0,26.60590277777778,0.9548611111111112,0.3472222222222222,0.0
2025-05-01,NVC31,BLAKELANDS HOSPITAL,2324,573.0,16.0,1.0,0.0,24.655765920826163,0.6884681583476765,0.04302925989672978,0.0
2025-06-01,NVC31,BLAKELANDS HOSPITAL,2290,570.0,6.0,0.0,0.0,24.890829694323145,0.26200873362445415,0.0,0.0
2025-07-01,NVC31,BLAKELANDS HOSPITAL,2244,629.0,7.0,0.0,0.0,28.030303030303028,0.31194295900178254,0.0,0.0
2025-08-01,NVC31,BLAKELANDS HOSPITAL,2299,610.0,15.0,0.0,0.0,26.533275337103092,0.6524575902566333,0.0,0.0
2025-09-01,NVC31,BLAKELANDS HOSPITAL,2181,603.0,10.0,0.0,0.0,27.64786795048143,0.4585052728106373,0.0,0.0
2025-10-01,NVC31,BLAKELANDS HOSPITAL,2364,633.0,7.0,1.0,0.0,26.776649746192895,0.2961082910321489,0.04230118443316413,0.0
2025-11-01,NVC31,BLAKELANDS HOSPITAL,2200,631.0,2.0,0.0,0.0,28.68181818181818,0.09090909090909091,0.0,0.0
2025-12-01,NVC31,BLAKELANDS HOSPITAL,2392,634.0,3.0,0.0,0.0,26.505016722408026,0.1254180602006689,0.0,0.0
2026-01-01,NVC31,BLAKELANDS HOSPITAL,2286,590.0,5.0,0.0,0.0,25.809273840769904,0.21872265966754156,0.0,0.0
2026-02-01,NVC31,BLAKELANDS HOSPITAL,2393,671.0,4.0,1.0,0.0,28.040117007939823,0.1671541997492687,0.041788549937317176,0.0
2026-03-01,NVC31,BLAKELANDS HOSPITAL,2318,680.0,8.0,0.0,0.0,29.335634167385678,0.3451251078515962,0.0,0.0
2026-04-01,NVC31,BLAKELANDS HOSPITAL,2257,673.0,6.0,1.0,0.0,29.818342933097032,0.2658396101019052,0.044306601683650866,0.0
2026-05-01,NVC31,BLAKELANDS HOSPITAL,2178,631.0,7.0,1.0,0.0,28.971533516988064,0.3213957759412305,0.04591368227731864,0.0
2026-06-01,NVC31,BLAKELANDS HOSPITAL,2315,632.0,9.0,0.0,0.0,27.300215982721383,0.38876889848812096,0.0,0.0
2025-04-01,NVC40,WOODTHORPE HOSPITAL,3522,1113.0,5.0,1.0,0.0,31.601362862010223,0.1419647927314026,0.028392958546280524,0.0
2025-05-01,NVC40,WOODTHORPE HOSPITAL,3373,945.0,2.0,1.0,0.0,28.016602431070265,0.059294396679513785,0.029647198339756892,0.0
2025-06-01,NVC40,WOODTHORPE HOSPITAL,3516,1001.0,2.0,1.0,0.0,28.46985210466439,0.05688282138794084,0.02844141069397042,0.0
2025-07-01,NVC40,WOODTHORPE HOSPITAL,3489,888.0,2.0,0.0,0.0,25.45141874462597,0.05732301519059903,0.0,0.0
2025-08-01,NVC40,WOODTHORPE HOSPITAL,3370,610.0,0.0,0.0,0.0,18.100890207715135,0.0,0.0,0.0
2025-09-01,NVC40,WOODTHORPE HOSPITAL,3647,737.0,40.0,6.0,1.0,20.20839045791061,1.0967918837400603,0.16451878256100905,0.027419797093501508
2025-10-01,NVC40,WOODTHORPE HOSPITAL,3966,893.0,91.0,5.0,1.0,22.516389309127586,2.2945032778618253,0.12607160867372666,0.02521432173474534
2025-11-01,NVC40,WOODTHORPE HOSPITAL,4110,1082.0,79.0,5.0,0.0,26.32603406326034,1.9221411192214113,0.12165450121654502,0.0
2025-12-01,NVC40,WOODTHORPE HOSPITAL,3961,996.0,30.0,1.0,0.0,25.145165362282253,0.7573844988639232,0.025246149962130777,0.0
2026-01-01,NVC40,WOODTHORPE HOSPITAL,3866,1045.0,20.0,1.0,0.0,27.03052250387998,0.5173305742369374,0.02586652871184687,0.0
2026-02-01,NVC40,WOODTHORPE HOSPITAL,3781,1121.0,25.0,1.0,0.0,29.64824120603015,0.6612007405448295,0.026448029621793177,0.0
2026-03-01,NVC40,WOODTHORPE HOSPITAL,3599,1073.0,7.0,1.0,0.0,29.81383717699361,0.1944984717977216,0.02778549597110308,0.0
2026-04-01,NVC40,WOODTHORPE HOSPITAL,3672,1088.0,10.0,0.0,0.0,29.629629629629626,0.27233115468409586,0.0,0.0
2026-05-01,NVC40,WOODTHORPE HOSPITAL,3642,957.0,5.0,0.0,0.0,26.27677100494234,0.1372872048325096,0.0,0.0
2026-06-01,NVC40,WOODTHORPE HOSPITAL,3628,844.0,2.0,2.0,0.0,23.26350606394708,0.05512679162072767,0.05512679162072767,0.0
2025-04-01,NVC44,THE WESTBOURNE CENTRE,3206,1206.0,4.0,0.0,0.0,37.61696818465378,0.12476606363069245,0.0,0.0
2025-05-01,NVC44,THE WESTBOURNE CENTRE,3317,1110.0,6.0,0.0,0.0,33.46397347000302,0.18088634308109736,0.0,0.0
2025-06-01,NVC44,THE WESTBOURNE CENTRE,3385,1201.0,4.0,0.0,0.0,35.48005908419498,0.11816838995568685,0.0,0.0
2025-07-01,NVC44,THE WESTBOURNE CENTRE,3271,1292.0,7.0,0.0,0.0,39.49862427392235,0.21400183430143688,0.0,0.0
2025-08-01,NVC44,THE WESTBOURNE CENTRE,3205,1334.0,10.0,0.0,0.0,41.62246489859594,0.31201248049922,0.0,0.0
2025-09-01,NVC44,THE WESTBOURNE CENTRE,3408,1433.0,14.0,0.0,0.0,42.048122065727696,0.41079812206572774,0.0,0.0
2025-10-01,NVC44,THE WESTBOURNE CENTRE,3502,1464.0,14.0,0.0,0.0,41.80468303826385,0.3997715591090805,0.0,0.0
2025-11-01,NVC44,THE WESTBOURNE CENTRE,3420,1362.0,18.0,0.0,0.0,39.824561403508774,0.5263157894736842,0.0,0.0
2025-12-01,NVC44,THE WESTBOURNE CENTRE,3444,1508.0,13.0,1.0,0.0,43.786295005807204,0.37746806039488967,0.029036004645760744,0.0
2026-01-01,NVC44,THE WESTBOURNE CENTRE,3505,1585.0,23.0,2.0,0.0,45.22111269614836,0.6562054208273894,0.05706134094151213,0.0
2026-02-01,NVC44,THE WESTBOURNE CENTRE,3541,1659.0,14.0,3.0,0.0,46.851171985314885,0.3953685399604632,0.08472182999152782,0.0
2026-03-01,NVC44,THE WESTBOURNE CENTRE,3666,1674.0,23.0,1.0,0.0,45.662847790507364,0.6273867975995636,0.027277686852154936,0.0
2026-04-01,NVC44,THE WESTBOURNE CENTRE,3423,1488.0,21.0,5.0,1.0,43.47063978965819,0.6134969325153374,0.1460706982179375,0.029214139643587496
2026-05-01,NVC44,THE WESTBOURNE CENTRE,3290,1441.0,16.0,3.0,0.0,43.79939209726444,0.48632218844984804,0.0911854103343465,0.0
2026-06-01,NVC44,THE WESTBOURNE CENTRE,3163,1300.0,19.0,3.0,0.0,41.100221308883974,0.6006955422067657,0.09484666455896301,0.0
2025-04-01,NVM,EPSOMEDICAL GROUP,2788,316.0,9.0,0.0,0.0,11.33428981348637,0.32281205164992827,0.0,0.0
2025-05-01,NVM,EPSOMEDICAL GROUP,2680,302.0,5.0,1.0,0.0,11.26865671641791,0.18656716417910446,0.0373134328358209,0.0
2025-06-01,NVM,EPSOMEDICAL GROUP,2568,268.0,11.0,0.0,0.0,10.43613707165109,0.4283489096573208,0.0,0.0
2025-07-01,NVM,EPSOMEDICAL GROUP,2612,291.0,8.0,1.0,1.0,11.140888208269525,0.3062787136294028,0.03828483920367535,0.03828483920367535
2025-08-01,NVM,EPSOMEDICAL GROUP,2935,318.0,22.0,1.0,0.0,10.834752981260648,0.7495741056218058,0.034071550255536626,0.0
2025-09-01,NVM,EPSOMEDICAL GROUP,2989,359.0,54.0,2.0,0.0,12.010705921712947,1.8066242890598863,0.06691201070592172,0.0
2025-10-01,NVM,EPSOMEDICAL GROUP,3187,457.0,70.0,5.0,0.0,14.33950423595858,2.196422968308754,0.15688735487919672,0.0
2025-11-01,NVM,EPSOMEDICAL GROUP,3130,540.0,63.0,14.0,0.0,17.252396166134183,2.0127795527156547,0.44728434504792336,0.0
2025-12-01,NVM,EPSOMEDICAL GROUP,3183,673.0,62.0,13.0,0.0,21.143575243480992,1.9478479421928998,0.4084197298146403,0.0
2026-01-01,NVM,EPSOMEDICAL GROUP,3126,711.0,108.0,46.0,2.0,22.744721689059503,3.45489443378119,1.471529110684581,0.06397952655150352
2026-02-01,NVM,EPSOMEDICAL GROUP,2986,636.0,73.0,26.0,2.0,21.299397186872067,2.4447421299397187,0.8707300736771602,0.06697923643670461
2026-03-01,NVM,EPSOMEDICAL GROUP,3130,754.0,58.0,16.0,1.0,24.089456869009584,1.853035143769968,0.5111821086261981,0.03194888178913738
2026-04-01,NVM,EPSOMEDICAL GROUP,3210,630.0,39.0,16.0,2.0,19.626168224299064,1.2149532710280373,0.4984423676012461,0.06230529595015576
2026-05-01,NVM,EPSOMEDICAL GROUP,3024,505.0,41.0,14.0,2.0,16.69973544973545,1.3558201058201058,0.4629629629629629,0.06613756613756613
2026-06-01,NVM,EPSOMEDICAL GROUP,2926,405.0,37.0,13.0,2.0,13.84142173615858,1.264524948735475,0.4442925495557075,0.0683526999316473
2025-04-01,NWF01,BENENDEN HOSPITAL,1447,466.0,72.0,13.0,0.0,32.2045611610228,4.97581202487906,0.8984105044920525,0.0
2025-05-01,NWF01,BENENDEN HOSPITAL,1419,403.0,65.0,17.0,0.0,28.400281888653982,4.580690627202255,1.1980267794221282,0.0
2025-06-01,NWF01,BENENDEN HOSPITAL,1488,382.0,34.0,10.0,0.0,25.672043010752688,2.28494623655914,0.6720430107526881,0.0
2025-07-01,NWF01,BENENDEN HOSPITAL,1477,319.0,16.0,2.0,0.0,21.59783344617468,1.0832769126607988,0.13540961408259986,0.0
2025-08-01,NWF01,BENENDEN HOSPITAL,1505,360.0,13.0,3.0,0.0,23.920265780730897,0.8637873754152824,0.19933554817275745,0.0
2025-09-01,NWF01,BENENDEN HOSPITAL,1511,374.0,12.0,3.0,0.0,24.75181998676373,0.7941760423560555,0.1985440105890139,0.0
2025-10-01,NWF01,BENENDEN HOSPITAL,1577,400.0,8.0,3.0,0.0,25.36461636017755,0.507292327203551,0.19023462270133165,0.0
2025-11-01,NWF01,BENENDEN HOSPITAL,1518,374.0,5.0,1.0,0.0,24.637681159420293,0.32938076416337286,0.06587615283267458,0.0
2025-12-01,NWF01,BENENDEN HOSPITAL,1491,349.0,2.0,0.0,0.0,23.407109322602278,0.1341381623071764,0.0,0.0
2026-01-01,NWF01,BENENDEN HOSPITAL,1507,370.0,4.0,0.0,0.0,24.5520902455209,0.26542800265428,0.0,0.0
2026-02-01,NWF01,BENENDEN HOSPITAL,1556,396.0,3.0,1.0,0.0,25.449871465295633,0.1928020565552699,0.06426735218508997,0.0
2026-03-01,NWF01,BENENDEN HOSPITAL,1432,249.0,3.0,0.0,0.0,17.38826815642458,0.20949720670391062,0.0,0.0
2026-04-01,NWF01,BENENDEN HOSPITAL,1415,275.0,3.0,1.0,0.0,19.434628975265017,0.21201413427561835,0.0706713780918728,0.0
2026-05-01,NWF01,BENENDEN HOSPITAL,1526,293.0,4.0,1.0,0.0,19.200524246395805,0.2621231979030144,0.0655307994757536,0.0
2026-06-01,NWF01,BENENDEN HOSPITAL,1517,325.0,4.0,1.0,0.0,21.423862887277522,0.26367831245880025,0.06591957811470006,0.0
2025-04-01,NXM01,THE HORDER CENTRE - ST JOHNS ROAD,1200,400.0,0.0,0.0,0.0,33.33333333333333,0.0,0.0,0.0
2025-05-01,NXM01,THE HORDER CENTRE - ST JOHNS ROAD,1154,363.0,0.0,0.0,0.0,31.455805892547662,0.0,0.0,0.0
2025-06-01,NXM01,THE HORDER CENTRE - ST JOHNS ROAD,1047,353.0,0.0,0.0,0.0,33.715377268385865,0.0,0.0,0.0
2025-07-01,NXM01,THE HORDER CENTRE - ST JOHNS ROAD,1038,329.0,2.0,1.0,0.0,31.695568400770714,0.1926782273603083,0.09633911368015415,0.0
2025-08-01,NXM01,THE HORDER CENTRE - ST JOHNS ROAD,1073,316.0,1.0,0.0,0.0,29.450139794967384,0.09319664492078285,0.0,0.0
2025-09-01,NXM01,THE HORDER CENTRE - ST JOHNS ROAD,1118,301.0,2.0,1.0,0.0,26.923076923076923,0.17889087656529518,0.08944543828264759,0.0
2025-10-01,NXM01,THE HORDER CENTRE - ST JOHNS ROAD,1214,378.0,2.0,0.0,0.0,31.13673805601318,0.16474464579901155,0.0,0.0
2025-11-01,NXM01,THE HORDER CENTRE - ST JOHNS ROAD,1249,447.0,2.0,0.0,0.0,35.78863090472378,0.16012810248198558,0.0,0.0
2025-12-01,NXM01,THE HORDER CENTRE - ST JOHNS ROAD,1342,497.0,5.0,2.0,0.0,37.034277198211626,0.37257824143070045,0.14903129657228018,0.0
2026-01-01,NXM01,THE HORDER CENTRE - ST JOHNS ROAD,1401,556.0,6.0,0.0,0.0,39.6859386152748,0.4282655246252677,0.0,0.0
2026-02-01,NXM01,THE HORDER CENTRE - ST JOHNS ROAD,1319,582.0,7.0,2.0,0.0,44.124336618650496,0.530705079605762,0.1516300227445034,0.0
2026-03-01,NXM01,THE HORDER CENTRE - ST JOHNS ROAD,1247,570.0,6.0,1.0,0.0,45.70970328789094,0.48115477145148355,0.08019246190858059,0.0
2026-04-01,NXM01,THE HORDER CENTRE - ST JOHNS ROAD,1242,602.0,7.0,3.0,1.0,48.470209339774556,0.5636070853462157,0.24154589371980675,0.08051529790660225
2026-05-01,NXM01,THE HORDER CENTRE - ST JOHNS ROAD,1297,598.0,5.0,2.0,1.0,46.106399383191984,0.3855050115651504,0.15420200462606012,0.07710100231303006
2026-06-01,NXM01,THE HORDER CENTRE - ST JOHNS ROAD,1288,569.0,7.0,2.0,0.0,44.17701863354037,0.5434782608695652,0.15527950310559005,0.0
2025-04-01,NXP,INDEPENDENT HEALTH GROUP,1077,19.0,1.0,0.0,0.0,1.7641597028783658,0.09285051067780872,0.0,0.0
2025-05-01,NXP,INDEPENDENT HEALTH GROUP,1137,16.0,0.0,0.0,0.0,1.4072119613016711,0.0,0.0,0.0
2025-06-01,NXP,INDEPENDENT HEALTH GROUP,1052,19.0,0.0,0.0,0.0,1.8060836501901139,0.0,0.0,0.0
2025-07-01,NXP,INDEPENDENT HEALTH GROUP,1224,28.0,0.0,0.0,0.0,2.287581699346405,0.0,0.0,0.0
2025-08-01,NXP,INDEPENDENT HEALTH GROUP,1006,30.0,0.0,0.0,0.0,2.982107355864811,0.0,0.0,0.0
2025-09-01,NXP,INDEPENDENT HEALTH GROUP,1027,34.0,0.0,0.0,0.0,3.3106134371957157,0.0,0.0,0.0
2025-10-01,NXP,INDEPENDENT HEALTH GROUP,1042,42.0,0.0,0.0,0.0,4.030710172744722,0.0,0.0,0.0
2025-11-01,NXP,INDEPENDENT HEALTH GROUP,938,51.0,0.0,0.0,0.0,5.437100213219616,0.0,0.0,0.0
2025-12-01,NXP,INDEPENDENT HEALTH GROUP,931,64.0,0.0,0.0,0.0,6.874328678839957,0.0,0.0,0.0
2026-01-01,NXP,INDEPENDENT HEALTH GROUP,966,72.0,0.0,0.0,0.0,7.453416149068323,0.0,0.0,0.0
2026-02-01,NXP,INDEPENDENT HEALTH GROUP,975,71.0,0.0,0.0,0.0,7.282051282051281,0.0,0.0,0.0
2026-03-01,NXP,INDEPENDENT HEALTH GROUP,1091,55.0,0.0,0.0,0.0,5.0412465627864345,0.0,0.0,0.0
2026-04-01,NXP,INDEPENDENT HEALTH GROUP,1121,50.0,0.0,0.0,0.0,4.460303300624442,0.0,0.0,0.0
2026-05-01,NXP,INDEPENDENT HEALTH GROUP,987,56.0,0.0,0.0,0.0,5.673758865248227,0.0,0.0,0.0
2026-06-01,NXP,INDEPENDENT HEALTH GROUP,855,48.0,1.0,0.0,0.0,5.614035087719298,0.11695906432748539,0.0,0.0
2025-04-01,NYG,SUSSEX COMMUNITY DERMATOLOGY SERVICE,14330,2207.0,3.0,0.0,0.0,15.401256106071179,0.0209351011863224,0.0,0.0
2025-05-01,NYG,SUSSEX COMMUNITY DERMATOLOGY SERVICE,14798,2109.0,0.0,0.0,0.0,14.25192593593729,0.0,0.0,0.0
2025-06-01,NYG,SUSSEX COMMUNITY DERMATOLOGY SERVICE,15658,2115.0,0.0,0.0,0.0,13.50747221867416,0.0,0.0,0.0
2025-07-01,NYG,SUSSEX COMMUNITY DERMATOLOGY SERVICE,17137,2280.0,2.0,0.0,0.0,13.304545719787594,0.011670654140164556,0.0,0.0
2025-08-01,NYG,SUSSEX COMMUNITY DERMATOLOGY SERVICE,17171,2387.0,4.0,0.0,0.0,13.901345291479823,0.02329509055966455,0.0,0.0
2025-09-01,NYG,SUSSEX COMMUNITY DERMATOLOGY SERVICE,17681,2708.0,0.0,0.0,0.0,15.315875798880155,0.0,0.0,0.0
2025-10-01,NYG,SUSSEX COMMUNITY DERMATOLOGY SERVICE,17270,3128.0,0.0,0.0,0.0,18.112333526346266,0.0,0.0,0.0
2025-11-01,NYG,SUSSEX COMMUNITY DERMATOLOGY SERVICE,17025,3704.0,0.0,0.0,0.0,21.756240822320116,0.0,0.0,0.0
2025-12-01,NYG,SUSSEX COMMUNITY DERMATOLOGY SERVICE,16123,3893.0,3.0,0.0,0.0,24.145630465794206,0.018606959002666998,0.0,0.0
2026-01-01,NYG,SUSSEX COMMUNITY DERMATOLOGY SERVICE,15436,4467.0,4.0,0.0,0.0,28.938844260171027,0.025913449080072558,0.0,0.0
2026-02-01,NYG,SUSSEX COMMUNITY DERMATOLOGY SERVICE,14455,3645.0,2.0,0.0,0.0,25.21618817018333,0.013836042891732965,0.0,0.0
2026-03-01,NYG,SUSSEX COMMUNITY DERMATOLOGY SERVICE,13362,3125.0,1.0,0.0,0.0,23.38721748241281,0.0074839095943721005,0.0,0.0
2026-04-01,NYG,SUSSEX COMMUNITY DERMATOLOGY SERVICE,13907,2772.0,27.0,0.0,0.0,19.93240813978572,0.1941468325303804,0.0,0.0
2026-05-01,NYG,SUSSEX COMMUNITY DERMATOLOGY SERVICE,13952,2495.0,32.0,0.0,0.0,17.882740825688074,0.22935779816513763,0.0,0.0
2026-06-01,NYG,SUSSEX COMMUNITY DERMATOLOGY SERVICE,16318,2376.0,60.0,0.0,0.0,14.560607917636965,0.3676921191322466,0.0,0.0
2025-04-01,O1P6X,SPAMEDICA OLDHAM,186,6.0,0.0,0.0,0.0,3.225806451612903,0.0,0.0,0.0
2025-05-01,O1P6X,SPAMEDICA OLDHAM,252,13.0,0.0,0.0,0.0,5.158730158730158,0.0,0.0,0.0
2025-06-01,O1P6X,SPAMEDICA OLDHAM,303,18.0,0.0,0.0,0.0,5.9405940594059405,0.0,0.0,0.0
2025-07-01,O1P6X,SPAMEDICA OLDHAM,225,14.0,0.0,0.0,0.0,6.222222222222222,0.0,0.0,0.0
2025-08-01,O1P6X,SPAMEDICA OLDHAM,231,7.0,0.0,0.0,0.0,3.0303030303030303,0.0,0.0,0.0
2025-09-01,O1P6X,SPAMEDICA OLDHAM,344,4.0,0.0,0.0,0.0,1.1627906976744187,0.0,0.0,0.0
2025-10-01,O1P6X,SPAMEDICA OLDHAM,353,9.0,0.0,0.0,0.0,2.5495750708215295,0.0,0.0,0.0
2025-11-01,O1P6X,SPAMEDICA OLDHAM,361,14.0,0.0,0.0,0.0,3.8781163434903045,0.0,0.0,0.0
2025-12-01,O1P6X,SPAMEDICA OLDHAM,483,19.0,0.0,0.0,0.0,3.9337474120082816,0.0,0.0,0.0
2026-01-01,O1P6X,SPAMEDICA OLDHAM,486,33.0,0.0,0.0,0.0,6.790123456790123,0.0,0.0,0.0
2026-02-01,O1P6X,SPAMEDICA OLDHAM,646,30.0,0.0,0.0,0.0,4.643962848297214,0.0,0.0,0.0
2026-03-01,O1P6X,SPAMEDICA OLDHAM,628,39.0,0.0,0.0,0.0,6.210191082802548,0.0,0.0,0.0
2026-04-01,O1P6X,SPAMEDICA OLDHAM,746,62.0,0.0,0.0,0.0,8.310991957104557,0.0,0.0,0.0
2026-05-01,O1P6X,SPAMEDICA OLDHAM,718,63.0,0.0,0.0,0.0,8.774373259052924,0.0,0.0,0.0
2026-06-01,O1P6X,SPAMEDICA OLDHAM,617,60.0,0.0,0.0,0.0,9.724473257698541,0.0,0.0,0.0
2025-04-01,O5Y9D,SPAMEDICA OXFORD,104,3.0,0.0,0.0,0.0,2.8846153846153846,0.0,0.0,0.0
2025-05-01,O5Y9D,SPAMEDICA OXFORD,118,3.0,0.0,0.0,0.0,2.5423728813559325,0.0,0.0,0.0
2025-06-01,O5Y9D,SPAMEDICA OXFORD,160,5.0,0.0,0.0,0.0,3.125,0.0,0.0,0.0
2025-07-01,O5Y9D,SPAMEDICA OXFORD,169,5.0,0.0,0.0,0.0,2.9585798816568047,0.0,0.0,0.0
2025-08-01,O5Y9D,SPAMEDICA OXFORD,205,5.0,0.0,0.0,0.0,2.4390243902439024,0.0,0.0,0.0
2025-09-01,O5Y9D,SPAMEDICA OXFORD,196,4.0,0.0,0.0,0.0,2.0408163265306123,0.0,0.0,0.0
2025-10-01,O5Y9D,SPAMEDICA OXFORD,212,4.0,0.0,0.0,0.0,1.8867924528301887,0.0,0.0,0.0
2025-11-01,O5Y9D,SPAMEDICA OXFORD,254,3.0,0.0,0.0,0.0,1.1811023622047243,0.0,0.0,0.0
2025-12-01,O5Y9D,SPAMEDICA OXFORD,270,11.0,0.0,0.0,0.0,4.074074074074074,0.0,0.0,0.0
2026-01-01,O5Y9D,SPAMEDICA OXFORD,194,14.0,0.0,0.0,0.0,7.216494845360824,0.0,0.0,0.0
2026-02-01,O5Y9D,SPAMEDICA OXFORD,199,15.0,0.0,0.0,0.0,7.537688442211055,0.0,0.0,0.0
2026-03-01,O5Y9D,SPAMEDICA OXFORD,177,14.0,0.0,0.0,0.0,7.909604519774012,0.0,0.0,0.0
2026-04-01,O5Y9D,SPAMEDICA OXFORD,200,14.0,0.0,0.0,0.0,7.000000000000001,0.0,0.0,0.0
2026-05-01,O5Y9D,SPAMEDICA OXFORD,201,22.0,0.0,0.0,0.0,10.945273631840797,0.0,0.0,0.0
2026-06-01,O5Y9D,SPAMEDICA OXFORD,165,12.0,0.0,0.0,0.0,7.2727272727272725,0.0,0.0,0.0
2025-04-01,O6X7Z,SPAMEDICA CAMBRIDGE,84,0.0,0.0,0.0,0.0,0.0,0.0,0.0,0.0
2025-05-01,O6X7Z,SPAMEDICA CAMBRIDGE,97,0.0,0.0,0.0,0.0,0.0,0.0,0.0,0.0
2025-06-01,O6X7Z,SPAMEDICA CAMBRIDGE,145,2.0,0.0,0.0,0.0,1.3793103448275863,0.0,0.0,0.0
2025-07-01,O6X7Z,SPAMEDICA CAMBRIDGE,161,7.0,0.0,0.0,0.0,4.3478260869565215,0.0,0.0,0.0
2025-08-01,O6X7Z,SPAMEDICA CAMBRIDGE,237,9.0,0.0,0.0,0.0,3.79746835443038,0.0,0.0,0.0
2025-09-01,O6X7Z,SPAMEDICA CAMBRIDGE,279,5.0,0.0,0.0,0.0,1.7921146953405016,0.0,0.0,0.0
2025-10-01,O6X7Z,SPAMEDICA CAMBRIDGE,206,3.0,0.0,0.0,0.0,1.4563106796116505,0.0,0.0,0.0
2025-11-01,O6X7Z,SPAMEDICA CAMBRIDGE,244,8.0,0.0,0.0,0.0,3.278688524590164,0.0,0.0,0.0
2025-12-01,O6X7Z,SPAMEDICA CAMBRIDGE,298,17.0,0.0,0.0,0.0,5.704697986577181,0.0,0.0,0.0
2026-01-01,O6X7Z,SPAMEDICA CAMBRIDGE,373,27.0,0.0,0.0,0.0,7.238605898123325,0.0,0.0,0.0
2026-02-01,O6X7Z,SPAMEDICA CAMBRIDGE,552,35.0,0.0,0.0,0.0,6.340579710144928,0.0,0.0,0.0
2026-03-01,O6X7Z,SPAMEDICA CAMBRIDGE,524,38.0,0.0,0.0,0.0,7.251908396946565,0.0,0.0,0.0
2026-04-01,O6X7Z,SPAMEDICA CAMBRIDGE,484,49.0,0.0,0.0,0.0,10.12396694214876,0.0,0.0,0.0
2026-05-01,O6X7Z,SPAMEDICA CAMBRIDGE,488,54.0,0.0,0.0,0.0,11.065573770491802,0.0,0.0,0.0
2026-06-01,O6X7Z,SPAMEDICA CAMBRIDGE,411,48.0,0.0,0.0,0.0,11.678832116788321,0.0,0.0,0.0
2025-04-01,P0C3F,SPAMEDICA LEEDS,82,3.0,0.0,0.0,0.0,3.6585365853658534,0.0,0.0,0.0
2025-05-01,P0C3F,SPAMEDICA LEEDS,119,2.0,0.0,0.0,0.0,1.680672268907563,0.0,0.0,0.0
2025-06-01,P0C3F,SPAMEDICA LEEDS,115,2.0,0.0,0.0,0.0,1.7391304347826086,0.0,0.0,0.0
2025-07-01,P0C3F,SPAMEDICA LEEDS,111,3.0,0.0,0.0,0.0,2.7027027027027026,0.0,0.0,0.0
2025-08-01,P0C3F,SPAMEDICA LEEDS,96,5.0,0.0,0.0,0.0,5.208333333333334,0.0,0.0,0.0
2025-09-01,P0C3F,SPAMEDICA LEEDS,147,1.0,0.0,0.0,0.0,0.6802721088435374,0.0,0.0,0.0
2025-10-01,P0C3F,SPAMEDICA LEEDS,187,2.0,0.0,0.0,0.0,1.06951871657754,0.0,0.0,0.0
2025-11-01,P0C3F,SPAMEDICA LEEDS,234,4.0,0.0,0.0,0.0,1.7094017094017095,0.0,0.0,0.0
2025-12-01,P0C3F,SPAMEDICA LEEDS,255,5.0,0.0,0.0,0.0,1.9607843137254901,0.0,0.0,0.0
2026-01-01,P0C3F,SPAMEDICA LEEDS,261,8.0,0.0,0.0,0.0,3.065134099616858,0.0,0.0,0.0
2026-02-01,P0C3F,SPAMEDICA LEEDS,278,12.0,0.0,0.0,0.0,4.316546762589928,0.0,0.0,0.0
2026-03-01,P0C3F,SPAMEDICA LEEDS,271,17.0,0.0,0.0,0.0,6.273062730627306,0.0,0.0,0.0
2026-04-01,P0C3F,SPAMEDICA LEEDS,334,24.0,0.0,0.0,0.0,7.18562874251497,0.0,0.0,0.0
2026-05-01,P0C3F,SPAMEDICA LEEDS,382,29.0,0.0,0.0,0.0,7.591623036649215,0.0,0.0,0.0
2026-06-01,P0C3F,SPAMEDICA LEEDS,319,20.0,1.0,1.0,0.0,6.269592476489027,0.3134796238244514,0.3134796238244514,0.0
2025-04-01,P1B7M,SPAMEDICA BRISTOL,84,2.0,0.0,0.0,0.0,2.380952380952381,0.0,0.0,0.0
2025-05-01,P1B7M,SPAMEDICA BRISTOL,102,3.0,0.0,0.0,0.0,2.941176470588235,0.0,0.0,0.0
2025-06-01,P1B7M,SPAMEDICA BRISTOL,149,5.0,0.0,0.0,0.0,3.3557046979865772,0.0,0.0,0.0
2025-07-01,P1B7M,SPAMEDICA BRISTOL,63,2.0,0.0,0.0,0.0,3.1746031746031744,0.0,0.0,0.0
2025-08-01,P1B7M,SPAMEDICA BRISTOL,91,8.0,0.0,0.0,0.0,8.791208791208792,0.0,0.0,0.0
2025-09-01,P1B7M,SPAMEDICA BRISTOL,101,4.0,0.0,0.0,0.0,3.9603960396039604,0.0,0.0,0.0
2025-10-01,P1B7M,SPAMEDICA BRISTOL,128,2.0,0.0,0.0,0.0,1.5625,0.0,0.0,0.0
2025-11-01,P1B7M,SPAMEDICA BRISTOL,120,4.0,0.0,0.0,0.0,3.3333333333333335,0.0,0.0,0.0
2025-12-01,P1B7M,SPAMEDICA BRISTOL,109,9.0,0.0,0.0,0.0,8.256880733944955,0.0,0.0,0.0
2026-01-01,P1B7M,SPAMEDICA BRISTOL,112,13.0,0.0,0.0,0.0,11.607142857142858,0.0,0.0,0.0
2026-02-01,P1B7M,SPAMEDICA BRISTOL,90,14.0,0.0,0.0,0.0,15.555555555555555,0.0,0.0,0.0
2026-03-01,P1B7M,SPAMEDICA BRISTOL,156,12.0,1.0,1.0,0.0,7.6923076923076925,0.641025641025641,0.641025641025641,0.0
2026-04-01,P1B7M,SPAMEDICA BRISTOL,208,15.0,0.0,0.0,0.0,7.211538461538461,0.0,0.0,0.0
2026-05-01,P1B7M,SPAMEDICA BRISTOL,304,12.0,0.0,0.0,0.0,3.9473684210526314,0.0,0.0,0.0
2026-06-01,P1B7M,SPAMEDICA BRISTOL,302,12.0,0.0,0.0,0.0,3.9735099337748347,0.0,0.0,0.0
2025-04-01,P5Y6K,NEWMEDICA - SHREWSBURY,245,3.0,0.0,0.0,0.0,1.2244897959183674,0.0,0.0,0.0
2025-05-01,P5Y6K,NEWMEDICA - SHREWSBURY,193,3.0,0.0,0.0,0.0,1.5544041450777202,0.0,0.0,0.0
2025-06-01,P5Y6K,NEWMEDICA - SHREWSBURY,207,3.0,1.0,0.0,0.0,1.4492753623188406,0.4830917874396135,0.0,0.0
2025-07-01,P5Y6K,NEWMEDICA - SHREWSBURY,170,2.0,0.0,0.0,0.0,1.1764705882352942,0.0,0.0,0.0
2025-08-01,P5Y6K,NEWMEDICA - SHREWSBURY,263,1.0,0.0,0.0,0.0,0.38022813688212925,0.0,0.0,0.0
2025-09-01,P5Y6K,NEWMEDICA - SHREWSBURY,321,1.0,0.0,0.0,0.0,0.3115264797507788,0.0,0.0,0.0
2025-10-01,P5Y6K,NEWMEDICA - SHREWSBURY,451,1.0,0.0,0.0,0.0,0.22172949002217296,0.0,0.0,0.0
2025-11-01,P5Y6K,NEWMEDICA - SHREWSBURY,588,19.0,0.0,0.0,0.0,3.231292517006803,0.0,0.0,0.0
2025-12-01,P5Y6K,NEWMEDICA - SHREWSBURY,578,33.0,0.0,0.0,0.0,5.709342560553633,0.0,0.0,0.0
2026-01-01,P5Y6K,NEWMEDICA - SHREWSBURY,510,30.0,0.0,0.0,0.0,5.88235294117647,0.0,0.0,0.0
2026-02-01,P5Y6K,NEWMEDICA - SHREWSBURY,456,24.0,2.0,0.0,0.0,5.263157894736842,0.43859649122807015,0.0,0.0
2026-03-01,P5Y6K,NEWMEDICA - SHREWSBURY,466,20.0,2.0,0.0,0.0,4.291845493562231,0.4291845493562232,0.0,0.0
2026-04-01,P5Y6K,NEWMEDICA - SHREWSBURY,495,6.0,1.0,1.0,0.0,1.2121212121212122,0.20202020202020202,0.20202020202020202,0.0
2026-05-01,P5Y6K,NEWMEDICA - SHREWSBURY,457,4.0,0.0,0.0,0.0,0.87527352297593,0.0,0.0,0.0
2026-06-01,P5Y6K,NEWMEDICA - SHREWSBURY,447,8.0,0.0,0.0,0.0,1.7897091722595078,0.0,0.0,0.0
2025-04-01,Q1W6P,SPAMEDICA WATFORD,128,9.0,0.0,0.0,0.0,7.03125,0.0,0.0,0.0
2025-05-01,Q1W6P,SPAMEDICA WATFORD,151,3.0,0.0,0.0,0.0,1.9867549668874174,0.0,0.0,0.0
2025-06-01,Q1W6P,SPAMEDICA WATFORD,149,3.0,0.0,0.0,0.0,2.013422818791946,0.0,0.0,0.0
2025-07-01,Q1W6P,SPAMEDICA WATFORD,145,6.0,0.0,0.0,0.0,4.137931034482759,0.0,0.0,0.0
2025-08-01,Q1W6P,SPAMEDICA WATFORD,159,9.0,0.0,0.0,0.0,5.660377358490567,0.0,0.0,0.0
2025-09-01,Q1W6P,SPAMEDICA WATFORD,190,18.0,0.0,0.0,0.0,9.473684210526317,0.0,0.0,0.0
2025-10-01,Q1W6P,SPAMEDICA WATFORD,176,14.0,0.0,0.0,0.0,7.954545454545454,0.0,0.0,0.0
2025-11-01,Q1W6P,SPAMEDICA WATFORD,213,12.0,0.0,0.0,0.0,5.633802816901409,0.0,0.0,0.0
2025-12-01,Q1W6P,SPAMEDICA WATFORD,288,17.0,0.0,0.0,0.0,5.902777777777778,0.0,0.0,0.0
2026-01-01,Q1W6P,SPAMEDICA WATFORD,289,18.0,0.0,0.0,0.0,6.228373702422145,0.0,0.0,0.0
2026-02-01,Q1W6P,SPAMEDICA WATFORD,335,21.0,0.0,0.0,0.0,6.26865671641791,0.0,0.0,0.0
2026-03-01,Q1W6P,SPAMEDICA WATFORD,380,18.0,0.0,0.0,0.0,4.736842105263158,0.0,0.0,0.0
2026-04-01,Q1W6P,SPAMEDICA WATFORD,451,24.0,0.0,0.0,0.0,5.321507760532151,0.0,0.0,0.0
2026-05-01,Q1W6P,SPAMEDICA WATFORD,536,28.0,0.0,0.0,0.0,5.223880597014925,0.0,0.0,0.0
2026-06-01,Q1W6P,SPAMEDICA WATFORD,468,39.0,0.0,0.0,0.0,8.333333333333332,0.0,0.0,0.0
2025-04-01,Q8X0X,SPAMEDICA ISLE OF WIGHT COMMUNITY DIAGNOSTIC & TREATMENT CENTRE,27,0.0,0.0,0.0,0.0,0.0,0.0,0.0,0.0
2025-05-01,Q8X0X,SPAMEDICA ISLE OF WIGHT COMMUNITY DIAGNOSTIC & TREATMENT CENTRE,28,0.0,0.0,0.0,0.0,0.0,0.0,0.0,0.0
2025-06-01,Q8X0X,SPAMEDICA ISLE OF WIGHT COMMUNITY DIAGNOSTIC & TREATMENT CENTRE,32,0.0,0.0,0.0,0.0,0.0,0.0,0.0,0.0
2025-07-01,Q8X0X,SPAMEDICA ISLE OF WIGHT COMMUNITY DIAGNOSTIC & TREATMENT CENTRE,35,0.0,0.0,0.0,0.0,0.0,0.0,0.0,0.0
2025-08-01,Q8X0X,SPAMEDICA ISLE OF WIGHT COMMUNITY DIAGNOSTIC & TREATMENT CENTRE,41,0.0,0.0,0.0,0.0,0.0,0.0,0.0,0.0
2025-09-01,Q8X0X,SPAMEDICA ISLE OF WIGHT COMMUNITY DIAGNOSTIC & TREATMENT CENTRE,53,4.0,0.0,0.0,0.0,7.547169811320755,0.0,0.0,0.0
2025-10-01,Q8X0X,SPAMEDICA ISLE OF WIGHT COMMUNITY DIAGNOSTIC & TREATMENT CENTRE,37,3.0,0.0,0.0,0.0,8.108108108108109,0.0,0.0,0.0
2025-11-01,Q8X0X,SPAMEDICA ISLE OF WIGHT COMMUNITY DIAGNOSTIC & TREATMENT CENTRE,30,3.0,0.0,0.0,0.0,10.0,0.0,0.0,0.0
2025-12-01,Q8X0X,SPAMEDICA ISLE OF WIGHT COMMUNITY DIAGNOSTIC & TREATMENT CENTRE,17,1.0,0.0,0.0,0.0,5.88235294117647,0.0,0.0,0.0
2026-01-01,Q8X0X,SPAMEDICA ISLE OF WIGHT COMMUNITY DIAGNOSTIC & TREATMENT CENTRE,16,2.0,0.0,0.0,0.0,12.5,0.0,0.0,0.0
2026-02-01,Q8X0X,SPAMEDICA ISLE OF WIGHT COMMUNITY DIAGNOSTIC & TREATMENT CENTRE,25,2.0,0.0,0.0,0.0,8.0,0.0,0.0,0.0
2026-03-01,Q8X0X,SPAMEDICA ISLE OF WIGHT COMMUNITY DIAGNOSTIC & TREATMENT CENTRE,23,1.0,0.0,0.0,0.0,4.3478260869565215,0.0,0.0,0.0
2026-04-01,Q8X0X,SPAMEDICA ISLE OF WIGHT COMMUNITY DIAGNOSTIC & TREATMENT CENTRE,27,1.0,0.0,0.0,0.0,3.7037037037037033,0.0,0.0,0.0
2026-05-01,Q8X0X,SPAMEDICA ISLE OF WIGHT COMMUNITY DIAGNOSTIC & TREATMENT CENTRE,37,4.0,0.0,0.0,0.0,10.81081081081081,0.0,0.0,0.0
2026-06-01,Q8X0X,SPAMEDICA ISLE OF WIGHT COMMUNITY DIAGNOSTIC & TREATMENT CENTRE,27,5.0,0.0,0.0,0.0,18.51851851851852,0.0,0.0,0.0
2025-04-01,R0A,MANCHESTER UNIVERSITY NHS FOUNDATION TRUST,193114,94540.0,8443.0,32.0,0.0,48.955539215178604,4.372028956989136,0.01657052311070145,0.0
2025-05-01,R0A,MANCHESTER UNIVERSITY NHS FOUNDATION TRUST,190970,90931.0,8231.0,23.0,0.0,47.61533225113892,4.310101062994188,0.012043776509399381,0.0
2025-06-01,R0A,MANCHESTER UNIVERSITY NHS FOUNDATION TRUST,187720,87793.0,7522.0,17.0,0.0,46.7680588109951,4.007031749414021,0.00905604091199659,0.0
2025-07-01,R0A,MANCHESTER UNIVERSITY NHS FOUNDATION TRUST,189038,88325.0,7188.0,16.0,0.0,46.72341010802061,3.8024100974407262,0.00846390672774786,0.0
2025-08-01,R0A,MANCHESTER UNIVERSITY NHS FOUNDATION TRUST,188681,89197.0,7210.0,9.0,0.0,47.27397035207573,3.821264462240501,0.0047699556394125535,0.0
2025-09-01,R0A,MANCHESTER UNIVERSITY NHS FOUNDATION TRUST,186474,86145.0,6611.0,13.0,0.0,46.19678882846938,3.5452663642116327,0.006971481278891427,0.0
2025-10-01,R0A,MANCHESTER UNIVERSITY NHS FOUNDATION TRUST,184633,85186.0,6018.0,2.0,0.0,46.138014331132574,3.259438995195875,0.001083229975139872,0.0
2025-11-01,R0A,MANCHESTER UNIVERSITY NHS FOUNDATION TRUST,180419,82862.0,5334.0,0.0,0.0,45.92753534827263,2.956451371529606,0.0,0.0
2025-12-01,R0A,MANCHESTER UNIVERSITY NHS FOUNDATION TRUST,178876,78589.0,3567.0,0.0,0.0,43.934904626668754,1.9941188309219795,0.0,0.0
2026-01-01,R0A,MANCHESTER UNIVERSITY NHS FOUNDATION TRUST,175344,74403.0,3065.0,0.0,0.0,42.43258965234054,1.7479925175654714,0.0,0.0
2026-02-01,R0A,MANCHESTER UNIVERSITY NHS FOUNDATION TRUST,172193,68869.0,2416.0,0.0,0.0,39.99523790165686,1.4030767801246276,0.0,0.0
2026-03-01,R0A,MANCHESTER UNIVERSITY NHS FOUNDATION TRUST,166330,61550.0,1534.0,0.0,0.0,37.00474959418024,0.9222629712018278,0.0,0.0
2026-04-01,R0A,MANCHESTER UNIVERSITY NHS FOUNDATION TRUST,168774,62513.0,1487.0,0.0,0.0,37.03947290459431,0.8810598788912984,0.0,0.0
2026-05-01,R0A,MANCHESTER UNIVERSITY NHS FOUNDATION TRUST,168762,61479.0,1525.0,0.0,0.0,36.42940946421588,0.9036394448987332,0.0,0.0
2026-06-01,R0A,MANCHESTER UNIVERSITY NHS FOUNDATION TRUST,166898,60335.0,1437.0,0.0,0.0,36.15082265815049,0.8610049251638725,0.0,0.0
2025-04-01,R0B,SOUTH TYNESIDE AND SUNDERLAND NHS FOUNDATION TRUST,57410,14357.0,25.0,6.0,0.0,25.007838355687163,0.043546420484236195,0.010451140916216687,0.0
2025-05-01,R0B,SOUTH TYNESIDE AND SUNDERLAND NHS FOUNDATION TRUST,57678,13977.0,27.0,9.0,0.0,24.23280973681473,0.04681160927910122,0.015603869759700406,0.0
2025-06-01,R0B,SOUTH TYNESIDE AND SUNDERLAND NHS FOUNDATION TRUST,58030,14105.0,18.0,6.0,0.0,24.30639324487334,0.031018438738583492,0.01033947957952783,0.0
2025-07-01,R0B,SOUTH TYNESIDE AND SUNDERLAND NHS FOUNDATION TRUST,59142,14616.0,28.0,5.0,0.0,24.71340164350208,0.047343681309390956,0.008454228805248385,0.0
2025-08-01,R0B,SOUTH TYNESIDE AND SUNDERLAND NHS FOUNDATION TRUST,59265,15154.0,26.0,7.0,0.0,25.56989791613937,0.043870750021091705,0.011811355774909306,0.0
2025-09-01,R0B,SOUTH TYNESIDE AND SUNDERLAND NHS FOUNDATION TRUST,58722,14121.0,18.0,3.0,1.0,24.047205476652703,0.03065290691733933,0.0051088178195565544,0.0017029392731855181
2025-10-01,R0B,SOUTH TYNESIDE AND SUNDERLAND NHS FOUNDATION TRUST,58700,14102.0,18.0,2.0,0.0,24.023850085178875,0.030664395229982964,0.0034071550255536623,0.0
2025-11-01,R0B,SOUTH TYNESIDE AND SUNDERLAND NHS FOUNDATION TRUST,57660,13855.0,13.0,3.0,0.0,24.028789455428374,0.022545959070412763,0.005202913631633715,0.0
2025-12-01,R0B,SOUTH TYNESIDE AND SUNDERLAND NHS FOUNDATION TRUST,57555,14029.0,4.0,0.0,0.0,24.374945704109113,0.006949874033533143,0.0,0.0
2026-01-01,R0B,SOUTH TYNESIDE AND SUNDERLAND NHS FOUNDATION TRUST,57271,14346.0,8.0,0.0,0.0,25.049326884461593,0.01396867524576138,0.0,0.0
2026-02-01,R0B,SOUTH TYNESIDE AND SUNDERLAND NHS FOUNDATION TRUST,57309,14314.0,6.0,0.0,0.0,24.97687972220768,0.010469559755012302,0.0,0.0
2026-03-01,R0B,SOUTH TYNESIDE AND SUNDERLAND NHS FOUNDATION TRUST,57899,13559.0,5.0,0.0,0.0,23.418366465742068,0.00863572773277604,0.0,0.0
2026-04-01,R0B,SOUTH TYNESIDE AND SUNDERLAND NHS FOUNDATION TRUST,58754,14030.0,2.0,0.0,0.0,23.87922524423869,0.003404023555843007,0.0,0.0
2026-05-01,R0B,SOUTH TYNESIDE AND SUNDERLAND NHS FOUNDATION TRUST,58858,13708.0,0.0,0.0,0.0,23.289952088076387,0.0,0.0,0.0
2026-06-01,R0B,SOUTH TYNESIDE AND SUNDERLAND NHS FOUNDATION TRUST,59937,13840.0,0.0,0.0,0.0,23.090912124397285,0.0,0.0,0.0
2025-04-01,R0D,UNIVERSITY HOSPITALS DORSET NHS FOUNDATION TRUST,64489,25278.0,2261.0,5.0,0.0,39.197382499340975,3.50602428321109,0.007753260245933415,0.0
2025-05-01,R0D,UNIVERSITY HOSPITALS DORSET NHS FOUNDATION TRUST,62270,23475.0,2065.0,15.0,0.0,37.69873133129918,3.31620362935603,0.024088646218082543,0.0
2025-06-01,R0D,UNIVERSITY HOSPITALS DORSET NHS FOUNDATION TRUST,62703,22855.0,2099.0,14.0,0.0,36.44961166132402,3.3475272315519193,0.022327480343843197,0.0
2025-07-01,R0D,UNIVERSITY HOSPITALS DORSET NHS FOUNDATION TRUST,62203,22794.0,1959.0,18.0,0.0,36.64453482950983,3.149365786216099,0.028937511052521583,0.0
2025-08-01,R0D,UNIVERSITY HOSPITALS DORSET NHS FOUNDATION TRUST,63172,23207.0,1832.0,13.0,0.0,36.736212245931746,2.9000189957576143,0.02057873741531058,0.0
2025-09-01,R0D,UNIVERSITY HOSPITALS DORSET NHS FOUNDATION TRUST,62706,22997.0,1657.0,9.0,0.0,36.67432143654515,2.6424903518004657,0.01435269352215099,0.0
2025-10-01,R0D,UNIVERSITY HOSPITALS DORSET NHS FOUNDATION TRUST,65111,23393.0,1639.0,4.0,0.0,35.92787701002903,2.517239790511588,0.006143355193438897,0.0
2025-11-01,R0D,UNIVERSITY HOSPITALS DORSET NHS FOUNDATION TRUST,62984,22924.0,1713.0,1.0,0.0,36.396545154324905,2.7197383462466656,0.0015877048139209958,0.0
2025-12-01,R0D,UNIVERSITY HOSPITALS DORSET NHS FOUNDATION TRUST,63335,24146.0,1674.0,0.0,0.0,38.124259887897686,2.6430883397805323,0.0,0.0
2026-01-01,R0D,UNIVERSITY HOSPITALS DORSET NHS FOUNDATION TRUST,65960,24242.0,1529.0,0.0,0.0,36.75257731958763,2.3180715585203155,0.0,0.0
2026-02-01,R0D,UNIVERSITY HOSPITALS DORSET NHS FOUNDATION TRUST,66134,23934.0,1254.0,0.0,0.0,36.19015937339341,1.8961502404209636,0.0,0.0
2026-03-01,R0D,UNIVERSITY HOSPITALS DORSET NHS FOUNDATION TRUST,66516,21605.0,631.0,0.0,0.0,32.48090684947982,0.9486439352937639,0.0,0.0
2026-04-01,R0D,UNIVERSITY HOSPITALS DORSET NHS FOUNDATION TRUST,67800,22742.0,619.0,0.0,0.0,33.54277286135694,0.9129793510324483,0.0,0.0
2026-05-01,R0D,UNIVERSITY HOSPITALS DORSET NHS FOUNDATION TRUST,67497,22346.0,672.0,0.0,0.0,33.10665659214484,0.9955998044357527,0.0,0.0
2026-06-01,R0D,UNIVERSITY HOSPITALS DORSET NHS FOUNDATION TRUST,67378,21816.0,672.0,0.0,0.0,32.378521179019856,0.9973581881326249,0.0,0.0
2025-04-01,R0F4N,NUFFIELD HEALTH PARKSIDE HOSPITAL,992,511.0,236.0,145.0,70.0,51.51209677419355,23.790322580645164,14.616935483870968,7.056451612903227
2025-05-01,R0F4N,NUFFIELD HEALTH PARKSIDE HOSPITAL,1076,470.0,234.0,144.0,64.0,43.68029739776952,21.74721189591078,13.382899628252787,5.947955390334572
2025-06-01,R0F4N,NUFFIELD HEALTH PARKSIDE HOSPITAL,1010,428.0,229.0,156.0,55.0,42.37623762376238,22.673267326732674,15.445544554455445,5.445544554455446
2025-07-01,R0F4N,NUFFIELD HEALTH PARKSIDE HOSPITAL,970,462.0,256.0,168.0,52.0,47.62886597938144,26.39175257731959,17.31958762886598,5.360824742268041
2025-08-01,R0F4N,NUFFIELD HEALTH PARKSIDE HOSPITAL,953,454.0,254.0,180.0,58.0,47.63903462749213,26.652675760755507,18.88772298006296,6.08604407135362
2025-09-01,R0F4N,NUFFIELD HEALTH PARKSIDE HOSPITAL,925,467.0,255.0,199.0,59.0,50.486486486486484,27.56756756756757,21.513513513513512,6.378378378378378
2025-10-01,R0F4N,NUFFIELD HEALTH PARKSIDE HOSPITAL,903,420.0,245.0,219.0,65.0,46.51162790697674,27.131782945736433,24.25249169435216,7.198228128460686
2025-11-01,R0F4N,NUFFIELD HEALTH PARKSIDE HOSPITAL,888,360.0,176.0,142.0,53.0,40.54054054054054,19.81981981981982,15.99099099099099,5.968468468468469
2025-12-01,R0F4N,NUFFIELD HEALTH PARKSIDE HOSPITAL,503,322.0,164.0,139.0,50.0,64.01590457256461,32.60437375745527,27.634194831013914,9.940357852882704
2026-01-01,R0F4N,NUFFIELD HEALTH PARKSIDE HOSPITAL,359,206.0,89.0,81.0,34.0,57.381615598885794,24.79108635097493,22.56267409470752,9.47075208913649
2026-02-01,R0F4N,NUFFIELD HEALTH PARKSIDE HOSPITAL,793,221.0,91.0,84.0,41.0,27.86885245901639,11.475409836065573,10.592686002522068,5.170239596469105
2026-03-01,R0F4N,NUFFIELD HEALTH PARKSIDE HOSPITAL,821,247.0,95.0,82.0,43.0,30.085261875761265,11.571254567600487,9.987819732034104,5.237515225334957
2026-04-01,R0F4N,NUFFIELD HEALTH PARKSIDE HOSPITAL,821,249.0,93.0,80.0,44.0,30.328867235079173,11.327649208282581,9.744214372716199,5.35931790499391
2026-05-01,R0F4N,NUFFIELD HEALTH PARKSIDE HOSPITAL,795,263.0,94.0,77.0,51.0,33.081761006289305,11.823899371069183,9.685534591194969,6.415094339622642
2026-06-01,R0F4N,NUFFIELD HEALTH PARKSIDE HOSPITAL,811,275.0,96.0,83.0,53.0,33.908754623921084,11.837237977805179,10.234278668310727,6.535141800246609
2025-04-01,R1A,HEREFORDSHIRE AND WORCESTERSHIRE HEALTH AND CARE NHS TRUST,96,3.0,0.0,0.0,0.0,3.125,0.0,0.0,0.0
2025-05-01,R1A,HEREFORDSHIRE AND WORCESTERSHIRE HEALTH AND CARE NHS TRUST,120,2.0,1.0,0.0,0.0,1.6666666666666667,0.8333333333333334,0.0,0.0
2025-06-01,R1A,HEREFORDSHIRE AND WORCESTERSHIRE HEALTH AND CARE NHS TRUST,119,3.0,0.0,0.0,0.0,2.5210084033613445,0.0,0.0,0.0
2025-07-01,R1A,HEREFORDSHIRE AND WORCESTERSHIRE HEALTH AND CARE NHS TRUST,103,6.0,0.0,0.0,0.0,5.825242718446602,0.0,0.0,0.0
2025-08-01,R1A,HEREFORDSHIRE AND WORCESTERSHIRE HEALTH AND CARE NHS TRUST,108,10.0,0.0,0.0,0.0,9.25925925925926,0.0,0.0,0.0
2025-09-01,R1A,HEREFORDSHIRE AND WORCESTERSHIRE HEALTH AND CARE NHS TRUST,91,15.0,0.0,0.0,0.0,16.483516483516482,0.0,0.0,0.0
2025-10-01,R1A,HEREFORDSHIRE AND WORCESTERSHIRE HEALTH AND CARE NHS TRUST,90,21.0,0.0,0.0,0.0,23.333333333333332,0.0,0.0,0.0
2025-11-01,R1A,HEREFORDSHIRE AND WORCESTERSHIRE HEALTH AND CARE NHS TRUST,82,19.0,0.0,0.0,0.0,23.170731707317074,0.0,0.0,0.0
2025-12-01,R1A,HEREFORDSHIRE AND WORCESTERSHIRE HEALTH AND CARE NHS TRUST,71,12.0,0.0,0.0,0.0,16.901408450704224,0.0,0.0,0.0
2026-01-01,R1A,HEREFORDSHIRE AND WORCESTERSHIRE HEALTH AND CARE NHS TRUST,53,12.0,0.0,0.0,0.0,22.641509433962266,0.0,0.0,0.0
2026-02-01,R1A,HEREFORDSHIRE AND WORCESTERSHIRE HEALTH AND CARE NHS TRUST,43,12.0,0.0,0.0,0.0,27.906976744186046,0.0,0.0,0.0
2026-03-01,R1A,HEREFORDSHIRE AND WORCESTERSHIRE HEALTH AND CARE NHS TRUST,40,4.0,0.0,0.0,0.0,10.0,0.0,0.0,0.0
2026-04-01,R1A,HEREFORDSHIRE AND WORCESTERSHIRE HEALTH AND CARE NHS TRUST,31,3.0,0.0,0.0,0.0,9.67741935483871,0.0,0.0,0.0
2026-05-01,R1A,HEREFORDSHIRE AND WORCESTERSHIRE HEALTH AND CARE NHS TRUST,22,0.0,0.0,0.0,0.0,0.0,0.0,0.0,0.0
2026-06-01,R1A,HEREFORDSHIRE AND WORCESTERSHIRE HEALTH AND CARE NHS TRUST,31,1.0,0.0,0.0,0.0,3.225806451612903,0.0,0.0,0.0
2025-04-01,R1D,SHROPSHIRE COMMUNITY HEALTH NHS TRUST,9431,3935.0,281.0,2.0,0.0,41.7241013678295,2.97953557417029,0.021206658890891742,0.0
2025-05-01,R1D,SHROPSHIRE COMMUNITY HEALTH NHS TRUST,9300,3778.0,277.0,1.0,0.0,40.623655913978496,2.978494623655914,0.010752688172043012,0.0
2025-06-01,R1D,SHROPSHIRE COMMUNITY HEALTH NHS TRUST,8990,3257.0,165.0,0.0,0.0,36.229143492769744,1.8353726362625138,0.0,0.0
2025-07-01,R1D,SHROPSHIRE COMMUNITY HEALTH NHS TRUST,8596,2657.0,73.0,0.0,0.0,30.909725453699394,0.849232201023732,0.0,0.0
2025-08-01,R1D,SHROPSHIRE COMMUNITY HEALTH NHS TRUST,8053,2017.0,52.0,0.0,0.0,25.046566496957656,0.6457220911461568,0.0,0.0
2025-09-01,R1D,SHROPSHIRE COMMUNITY HEALTH NHS TRUST,7916,1546.0,31.0,0.0,0.0,19.530065689742294,0.39161192521475496,0.0,0.0
2025-10-01,R1D,SHROPSHIRE COMMUNITY HEALTH NHS TRUST,7936,1367.0,19.0,0.0,0.0,17.225302419354836,0.23941532258064516,0.0,0.0
2025-11-01,R1D,SHROPSHIRE COMMUNITY HEALTH NHS TRUST,7890,1507.0,23.0,0.0,0.0,19.100126742712295,0.2915082382762991,0.0,0.0
2025-12-01,R1D,SHROPSHIRE COMMUNITY HEALTH NHS TRUST,7659,1470.0,24.0,0.0,0.0,19.19310614962789,0.3133568350959655,0.0,0.0
2026-01-01,R1D,SHROPSHIRE COMMUNITY HEALTH NHS TRUST,7677,1333.0,4.0,0.0,0.0,17.363553471408103,0.05210368633580826,0.0,0.0
2026-02-01,R1D,SHROPSHIRE COMMUNITY HEALTH NHS TRUST,7621,1302.0,1.0,0.0,0.0,17.08437212964178,0.01312163758037003,0.0,0.0
2026-03-01,R1D,SHROPSHIRE COMMUNITY HEALTH NHS TRUST,8103,1529.0,0.0,0.0,0.0,18.869554485992843,0.0,0.0,0.0
2026-04-01,R1D,SHROPSHIRE COMMUNITY HEALTH NHS TRUST,7963,1548.0,0.0,0.0,0.0,19.439909581815897,0.0,0.0,0.0
2026-05-01,R1D,SHROPSHIRE COMMUNITY HEALTH NHS TRUST,7977,1423.0,0.0,0.0,0.0,17.838786511219755,0.0,0.0,0.0
2026-06-01,R1D,SHROPSHIRE COMMUNITY HEALTH NHS TRUST,8039,1374.0,1.0,1.0,0.0,17.091678069411618,0.012439358129120536,0.012439358129120536,0.0
2025-04-01,R1F,ISLE OF WIGHT NHS TRUST,13685,5576.0,70.0,40.0,14.0,40.745341614906835,0.5115089514066496,0.2922908293752283,0.10230179028132991
2025-05-01,R1F,ISLE OF WIGHT NHS TRUST,13596,5252.0,47.0,7.0,0.0,38.62900853192116,0.3456899087967049,0.05148573109738158,0.0
2025-06-01,R1F,ISLE OF WIGHT NHS TRUST,13948,5075.0,59.0,0.0,0.0,36.385144823630625,0.4229997132205334,0.0,0.0
2025-07-01,R1F,ISLE OF WIGHT NHS TRUST,13760,5067.0,93.0,0.0,0.0,36.82412790697674,0.6758720930232558,0.0,0.0
2025-08-01,R1F,ISLE OF WIGHT NHS TRUST,13899,5186.0,121.0,0.0,0.0,37.31203683718253,0.8705662277861718,0.0,0.0
2025-09-01,R1F,ISLE OF WIGHT NHS TRUST,13738,5009.0,30.0,0.0,0.0,36.460911340806526,0.21837239772892705,0.0,0.0
2025-10-01,R1F,ISLE OF WIGHT NHS TRUST,13961,5121.0,51.0,0.0,0.0,36.68075352768426,0.3653033450325908,0.0,0.0
2025-11-01,R1F,ISLE OF WIGHT NHS TRUST,14379,5386.0,55.0,0.0,0.0,37.457403157382295,0.3825022602406287,0.0,0.0
2025-12-01,R1F,ISLE OF WIGHT NHS TRUST,14136,5494.0,69.0,0.0,0.0,38.86530843237125,0.48811544991511036,0.0,0.0
2026-01-01,R1F,ISLE OF WIGHT NHS TRUST,13863,5552.0,94.0,0.0,0.0,40.049051431869,0.6780639111303469,0.0,0.0
2026-02-01,R1F,ISLE OF WIGHT NHS TRUST,13079,5094.0,73.0,0.0,0.0,38.947931799067206,0.558146647297194,0.0,0.0
2026-03-01,R1F,ISLE OF WIGHT NHS TRUST,13219,4862.0,46.0,0.0,0.0,36.78039186020123,0.34798396247825103,0.0,0.0
2026-04-01,R1F,ISLE OF WIGHT NHS TRUST,12757,4700.0,64.0,0.0,0.0,36.8425178333464,0.501685349220036,0.0,0.0
2026-05-01,R1F,ISLE OF WIGHT NHS TRUST,12762,4571.0,89.0,0.0,0.0,35.81727002037298,0.6973828553518256,0.0,0.0
2026-06-01,R1F,ISLE OF WIGHT NHS TRUST,12768,4571.0,98.0,0.0,0.0,35.80043859649123,0.7675438596491228,0.0,0.0
2025-04-01,R1G7E,SPAMEDICA KENDAL,210,4.0,0.0,0.0,0.0,1.9047619047619049,0.0,0.0,0.0
2025-05-01,R1G7E,SPAMEDICA KENDAL,172,1.0,0.0,0.0,0.0,0.5813953488372093,0.0,0.0,0.0
2025-06-01,R1G7E,SPAMEDICA KENDAL,180,1.0,0.0,0.0,0.0,0.5555555555555556,0.0,0.0,0.0
2025-07-01,R1G7E,SPAMEDICA KENDAL,135,2.0,0.0,0.0,0.0,1.4814814814814816,0.0,0.0,0.0
2025-08-01,R1G7E,SPAMEDICA KENDAL,134,3.0,0.0,0.0,0.0,2.2388059701492535,0.0,0.0,0.0
2025-09-01,R1G7E,SPAMEDICA KENDAL,208,2.0,0.0,0.0,0.0,0.9615384615384616,0.0,0.0,0.0
2025-10-01,R1G7E,SPAMEDICA KENDAL,256,3.0,0.0,0.0,0.0,1.171875,0.0,0.0,0.0
2025-11-01,R1G7E,SPAMEDICA KENDAL,277,2.0,0.0,0.0,0.0,0.7220216606498195,0.0,0.0,0.0
2025-12-01,R1G7E,SPAMEDICA KENDAL,358,3.0,0.0,0.0,0.0,0.8379888268156425,0.0,0.0,0.0
2026-01-01,R1G7E,SPAMEDICA KENDAL,238,5.0,0.0,0.0,0.0,2.100840336134454,0.0,0.0,0.0
2026-02-01,R1G7E,SPAMEDICA KENDAL,310,12.0,0.0,0.0,0.0,3.870967741935484,0.0,0.0,0.0
2026-03-01,R1G7E,SPAMEDICA KENDAL,447,21.0,0.0,0.0,0.0,4.697986577181208,0.0,0.0,0.0
2026-04-01,R1G7E,SPAMEDICA KENDAL,454,23.0,0.0,0.0,0.0,5.066079295154185,0.0,0.0,0.0
2026-05-01,R1G7E,SPAMEDICA KENDAL,453,22.0,0.0,0.0,0.0,4.856512141280353,0.0,0.0,0.0
2026-06-01,R1G7E,SPAMEDICA KENDAL,408,23.0,0.0,0.0,0.0,5.637254901960785,0.0,0.0,0.0
2025-04-01,R1H,BARTS HEALTH NHS TRUST,123295,54972.0,3678.0,334.0,0.0,44.585749624883405,2.9830893385782065,0.27089500790786325,0.0
2025-05-01,R1H,BARTS HEALTH NHS TRUST,135193,58929.0,5111.0,586.0,1.0,43.58879527786202,3.7805211808303687,0.4334543948281345,0.0007396832676248031
2025-06-01,R1H,BARTS HEALTH NHS TRUST,134766,57186.0,4896.0,547.0,0.0,42.433551489248025,3.6329638039268066,0.40588872564296635,0.0
2025-07-01,R1H,BARTS HEALTH NHS TRUST,134461,57710.0,4680.0,424.0,0.0,42.91950825890035,3.480563137266568,0.31533307055577453,0.0
2025-08-01,R1H,BARTS HEALTH NHS TRUST,134064,58781.0,4509.0,330.0,0.0,43.84547678720611,3.3633190118152525,0.24615109201575366,0.0
2025-09-01,R1H,BARTS HEALTH NHS TRUST,133504,58059.0,3879.0,162.0,0.0,43.48858461169703,2.9055309204218602,0.12134467881112178,0.0
2025-10-01,R1H,BARTS HEALTH NHS TRUST,132923,57928.0,3589.0,149.0,0.0,43.58011781256818,2.7000594329047645,0.11209497227718303,0.0
2025-11-01,R1H,BARTS HEALTH NHS TRUST,133327,58683.0,3579.0,74.0,0.0,44.014340681182354,2.684377507931627,0.05550263637522782,0.0
2025-12-01,R1H,BARTS HEALTH NHS TRUST,132509,58145.0,3476.0,9.0,0.0,43.88003833701862,2.6232180455667162,0.00679199148737067,0.0
2026-01-01,R1H,BARTS HEALTH NHS TRUST,132112,57142.0,2718.0,5.0,0.0,43.25269468329902,2.0573452827903593,0.0037846675548019863,0.0
2026-02-01,R1H,BARTS HEALTH NHS TRUST,128332,52717.0,1814.0,8.0,0.0,41.07860860892061,1.4135211794408253,0.006233831000841567,0.0
2026-03-01,R1H,BARTS HEALTH NHS TRUST,121511,45669.0,1008.0,4.0,0.0,37.58425163153953,0.8295545259276939,0.0032918830393956103,0.0
2026-04-01,R1H,BARTS HEALTH NHS TRUST,121803,45232.0,1192.0,17.0,0.0,37.1353743339655,0.978629426204609,0.01395696329318654,0.0
2026-05-01,R1H,BARTS HEALTH NHS TRUST,121706,44571.0,1163.0,43.0,0.0,36.62185923454883,0.955581483246512,0.03533104366259675,0.0
2026-06-01,R1H,BARTS HEALTH NHS TRUST,121533,43860.0,1095.0,64.0,0.0,36.088963491397394,0.9009898546073906,0.05266059424189315,0.0
2025-04-01,R1K,LONDON NORTH WEST UNIVERSITY HEALTHCARE NHS TRUST,85703,40958.0,2864.0,25.0,0.0,47.79062576572582,3.3417733334889093,0.0291705074501476,0.0
2025-05-01,R1K,LONDON NORTH WEST UNIVERSITY HEALTHCARE NHS TRUST,84838,39336.0,2811.0,47.0,0.0,46.36601522902473,3.313373724038756,0.05539970296329475,0.0
2025-06-01,R1K,LONDON NORTH WEST UNIVERSITY HEALTHCARE NHS TRUST,86386,38293.0,2358.0,26.0,0.0,44.327784594726,2.7296089644155304,0.03009746949737226,0.0
2025-07-01,R1K,LONDON NORTH WEST UNIVERSITY HEALTHCARE NHS TRUST,86818,36439.0,2080.0,43.0,0.0,41.971710935520285,2.395816535741436,0.049528899536962386,0.0
2025-08-01,R1K,LONDON NORTH WEST UNIVERSITY HEALTHCARE NHS TRUST,86396,36149.0,2026.0,39.0,0.0,41.84105745636372,2.3450159729617113,0.04514097874901616,0.0
2025-09-01,R1K,LONDON NORTH WEST UNIVERSITY HEALTHCARE NHS TRUST,86162,35773.0,1800.0,37.0,0.0,41.51830273206286,2.089087997028853,0.04294236438337086,0.0
2025-10-01,R1K,LONDON NORTH WEST UNIVERSITY HEALTHCARE NHS TRUST,85610,35324.0,1761.0,39.0,0.0,41.26153486742203,2.0570026866020323,0.04555542576801776,0.0
2025-11-01,R1K,LONDON NORTH WEST UNIVERSITY HEALTHCARE NHS TRUST,84374,34793.0,1603.0,35.0,0.0,41.236636878659304,1.899874368881409,0.041481973119681416,0.0
2025-12-01,R1K,LONDON NORTH WEST UNIVERSITY HEALTHCARE NHS TRUST,82752,33712.0,1309.0,4.0,0.0,40.738592420726995,1.5818348801237434,0.004833720030935808,0.0
2026-01-01,R1K,LONDON NORTH WEST UNIVERSITY HEALTHCARE NHS TRUST,82847,32970.0,1208.0,1.0,0.0,39.796250920371286,1.4581095272007436,0.001207044310596642,0.0
2026-02-01,R1K,LONDON NORTH WEST UNIVERSITY HEALTHCARE NHS TRUST,83520,31950.0,1165.0,0.0,0.0,38.25431034482759,1.394875478927203,0.0,0.0
2026-03-01,R1K,LONDON NORTH WEST UNIVERSITY HEALTHCARE NHS TRUST,81787,29413.0,778.0,0.0,0.0,35.96292809370682,0.9512514213750353,0.0,0.0
2026-04-01,R1K,LONDON NORTH WEST UNIVERSITY HEALTHCARE NHS TRUST,82819,31108.0,792.0,7.0,0.0,37.56142914065613,0.9563022977819099,0.008452166773324962,0.0
2026-05-01,R1K,LONDON NORTH WEST UNIVERSITY HEALTHCARE NHS TRUST,82280,29838.0,605.0,1.0,0.0,36.26397666504618,0.7352941176470588,0.0012153621779290229,0.0
2026-06-01,R1K,LONDON NORTH WEST UNIVERSITY HEALTHCARE NHS TRUST,81282,28205.0,543.0,0.0,0.0,34.70017962156443,0.6680445855170887,0.0,0.0
2025-04-01,R7W2O,NEWCASTLE NEWMEDICA LTD,287,3.0,0.0,0.0,0.0,1.0452961672473868,0.0,0.0,0.0
2025-05-01,R7W2O,NEWCASTLE NEWMEDICA LTD,296,0.0,0.0,0.0,0.0,0.0,0.0,0.0,0.0
2025-06-01,R7W2O,NEWCASTLE NEWMEDICA LTD,404,1.0,0.0,0.0,0.0,0.24752475247524752,0.0,0.0,0.0
2025-07-01,R7W2O,NEWCASTLE NEWMEDICA LTD,598,2.0,0.0,0.0,0.0,0.33444816053511706,0.0,0.0,0.0
2025-08-01,R7W2O,NEWCASTLE NEWMEDICA LTD,670,2.0,0.0,0.0,0.0,0.2985074626865672,0.0,0.0,0.0
2025-09-01,R7W2O,NEWCASTLE NEWMEDICA LTD,730,4.0,0.0,0.0,0.0,0.547945205479452,0.0,0.0,0.0
2025-10-01,R7W2O,NEWCASTLE NEWMEDICA LTD,828,5.0,0.0,0.0,0.0,0.6038647342995169,0.0,0.0,0.0
2025-11-01,R7W2O,NEWCASTLE NEWMEDICA LTD,899,16.0,0.0,0.0,0.0,1.7797552836484982,0.0,0.0,0.0
2025-12-01,R7W2O,NEWCASTLE NEWMEDICA LTD,944,20.0,0.0,0.0,0.0,2.11864406779661,0.0,0.0,0.0
2026-01-01,R7W2O,NEWCASTLE NEWMEDICA LTD,894,33.0,0.0,0.0,0.0,3.691275167785235,0.0,0.0,0.0
2026-02-01,R7W2O,NEWCASTLE NEWMEDICA LTD,890,36.0,0.0,0.0,0.0,4.044943820224719,0.0,0.0,0.0
2026-03-01,R7W2O,NEWCASTLE NEWMEDICA LTD,895,38.0,0.0,0.0,0.0,4.245810055865921,0.0,0.0,0.0
2026-04-01,R7W2O,NEWCASTLE NEWMEDICA LTD,948,34.0,0.0,0.0,0.0,3.5864978902953584,0.0,0.0,0.0
2026-05-01,R7W2O,NEWCASTLE NEWMEDICA LTD,865,15.0,0.0,0.0,0.0,1.7341040462427744,0.0,0.0,0.0
2026-06-01,R7W2O,NEWCASTLE NEWMEDICA LTD,869,5.0,0.0,0.0,0.0,0.5753739930955121,0.0,0.0,0.0
2025-04-01,RA7,UNIVERSITY HOSPITALS BRISTOL AND WESTON NHS FOUNDATION TRUST,54894,19955.0,766.0,8.0,0.0,36.351878165191096,1.3954166211243486,0.014573541734980145,0.0
2025-05-01,RA7,UNIVERSITY HOSPITALS BRISTOL AND WESTON NHS FOUNDATION TRUST,55682,19723.0,785.0,7.0,0.0,35.42078229948637,1.4097913149671348,0.01257138752199993,0.0
2025-06-01,RA7,UNIVERSITY HOSPITALS BRISTOL AND WESTON NHS FOUNDATION TRUST,55557,19521.0,771.0,6.0,0.0,35.13688644095254,1.3877639181381285,0.01079971920730061,0.0
2025-07-01,RA7,UNIVERSITY HOSPITALS BRISTOL AND WESTON NHS FOUNDATION TRUST,54602,19018.0,726.0,4.0,0.0,34.830225999047656,1.3296216255814806,0.007325738983920003,0.0
2025-08-01,RA7,UNIVERSITY HOSPITALS BRISTOL AND WESTON NHS FOUNDATION TRUST,54268,19186.0,794.0,0.0,0.0,35.35416820225547,1.4631090145205277,0.0,0.0
2025-09-01,RA7,UNIVERSITY HOSPITALS BRISTOL AND WESTON NHS FOUNDATION TRUST,54074,18476.0,791.0,1.0,0.0,34.16799201094796,1.4628102230277027,0.0018493176018049339,0.0
2025-10-01,RA7,UNIVERSITY HOSPITALS BRISTOL AND WESTON NHS FOUNDATION TRUST,52866,17889.0,736.0,8.0,0.0,33.83838383838384,1.392199145008134,0.015132599402262322,0.0
2025-11-01,RA7,UNIVERSITY HOSPITALS BRISTOL AND WESTON NHS FOUNDATION TRUST,52434,17159.0,675.0,3.0,0.0,32.72494946027387,1.2873326467559219,0.005721478430026319,0.0
2025-12-01,RA7,UNIVERSITY HOSPITALS BRISTOL AND WESTON NHS FOUNDATION TRUST,50729,16816.0,638.0,0.0,0.0,33.14869206962487,1.257663269530249,0.0,0.0
2026-01-01,RA7,UNIVERSITY HOSPITALS BRISTOL AND WESTON NHS FOUNDATION TRUST,50520,16545.0,490.0,1.0,0.0,32.74940617577197,0.9699129057798892,0.0019794140934283454,0.0
2026-02-01,RA7,UNIVERSITY HOSPITALS BRISTOL AND WESTON NHS FOUNDATION TRUST,50142,16316.0,390.0,0.0,0.0,32.53958757129751,0.7777910733516812,0.0,0.0
2026-03-01,RA7,UNIVERSITY HOSPITALS BRISTOL AND WESTON NHS FOUNDATION TRUST,49924,15967.0,312.0,0.0,0.0,31.9826135726304,0.6249499238843041,0.0,0.0
2026-04-01,RA7,UNIVERSITY HOSPITALS BRISTOL AND WESTON NHS FOUNDATION TRUST,50484,15887.0,370.0,0.0,0.0,31.469376436098567,0.7329054750019808,0.0,0.0
2026-05-01,RA7,UNIVERSITY HOSPITALS BRISTOL AND WESTON NHS FOUNDATION TRUST,50245,15810.0,419.0,0.0,0.0,31.465817494278035,0.8339138222708727,0.0,0.0
2026-06-01,RA7,UNIVERSITY HOSPITALS BRISTOL AND WESTON NHS FOUNDATION TRUST,50868,15819.0,442.0,0.0,0.0,31.098136352913425,0.868915624754266,0.0,0.0
2025-04-01,RAE,BRADFORD TEACHING HOSPITALS NHS FOUNDATION TRUST,32541,11979.0,149.0,2.0,0.0,36.81202175716788,0.45788390031037773,0.006146092621615808,0.0
2025-05-01,RAE,BRADFORD TEACHING HOSPITALS NHS FOUNDATION TRUST,32565,11121.0,163.0,2.0,0.0,34.15016121602948,0.5005373867649316,0.006141563027790572,0.0
2025-06-01,RAE,BRADFORD TEACHING HOSPITALS NHS FOUNDATION TRUST,32916,10955.0,190.0,4.0,0.0,33.281686717705675,0.5772268805444161,0.012152144853566653,0.0
2025-07-01,RAE,BRADFORD TEACHING HOSPITALS NHS FOUNDATION TRUST,33149,11189.0,193.0,5.0,0.0,33.75365772723159,0.5822196748016532,0.015083411264291531,0.0
2025-08-01,RAE,BRADFORD TEACHING HOSPITALS NHS FOUNDATION TRUST,33728,11592.0,238.0,1.0,0.0,34.36907020872865,0.7056451612903225,0.0029648956356736244,0.0
2025-09-01,RAE,BRADFORD TEACHING HOSPITALS NHS FOUNDATION TRUST,33406,11297.0,212.0,2.0,0.0,33.81727833323355,0.6346165359516255,0.005986948452373825,0.0
2025-10-01,RAE,BRADFORD TEACHING HOSPITALS NHS FOUNDATION TRUST,32206,11154.0,145.0,3.0,0.0,34.63329814320313,0.45022666583866366,0.009315034465627522,0.0
2025-11-01,RAE,BRADFORD TEACHING HOSPITALS NHS FOUNDATION TRUST,31833,11241.0,127.0,1.0,0.0,35.31241164828951,0.3989570571419596,0.0031413941507240917,0.0
2025-12-01,RAE,BRADFORD TEACHING HOSPITALS NHS FOUNDATION TRUST,31932,11232.0,80.0,0.0,0.0,35.174746335963924,0.2505323813102844,0.0,0.0
2026-01-01,RAE,BRADFORD TEACHING HOSPITALS NHS FOUNDATION TRUST,31610,11345.0,70.0,0.0,0.0,35.890540968048086,0.22144890857323632,0.0,0.0
2026-02-01,RAE,BRADFORD TEACHING HOSPITALS NHS FOUNDATION TRUST,31263,11101.0,69.0,0.0,0.0,35.5084284937466,0.22070818539487572,0.0,0.0
2026-03-01,RAE,BRADFORD TEACHING HOSPITALS NHS FOUNDATION TRUST,31446,10636.0,63.0,0.0,0.0,33.82306175666221,0.20034344590726963,0.0,0.0
2026-04-01,RAE,BRADFORD TEACHING HOSPITALS NHS FOUNDATION TRUST,31093,10347.0,73.0,0.0,0.0,33.27758659505355,0.23477953237063007,0.0,0.0
2026-05-01,RAE,BRADFORD TEACHING HOSPITALS NHS FOUNDATION TRUST,31525,9872.0,65.0,0.0,0.0,31.314829500396513,0.2061855670103093,0.0,0.0
2026-06-01,RAE,BRADFORD TEACHING HOSPITALS NHS FOUNDATION TRUST,31606,9701.0,55.0,0.0,0.0,30.69353920141745,0.1740175915965323,0.0,0.0
2025-04-01,RAJ,MID AND SOUTH ESSEX NHS FOUNDATION TRUST,172805,91572.0,10951.0,882.0,0.0,52.99152223604641,6.337200891177917,0.5104018980932264,0.0
2025-05-01,RAJ,MID AND SOUTH ESSEX NHS FOUNDATION TRUST,174522,86547.0,11797.0,1289.0,0.0,49.59088252483927,6.759606238754999,0.7385888312075268,0.0
2025-06-01,RAJ,MID AND SOUTH ESSEX NHS FOUNDATION TRUST,172420,85487.0,11782.0,1305.0,0.0,49.580675095696556,6.833314000695975,0.756872752580907,0.0
2025-07-01,RAJ,MID AND SOUTH ESSEX NHS FOUNDATION TRUST,173813,87425.0,12568.0,1549.0,0.0,50.2983091023111,7.230759494399153,0.8911876556989409,0.0
2025-08-01,RAJ,MID AND SOUTH ESSEX NHS FOUNDATION TRUST,176763,87362.0,13784.0,1938.0,3.0,49.423239026266806,7.798012027403925,1.0963832928836916,0.0016971877598818757
2025-09-01,RAJ,MID AND SOUTH ESSEX NHS FOUNDATION TRUST,178899,88352.0,14398.0,2322.0,6.0,49.3865253578835,8.048116535028145,1.2979390605872587,0.0033538477017758623
2025-10-01,RAJ,MID AND SOUTH ESSEX NHS FOUNDATION TRUST,181128,90769.0,14582.0,3136.0,13.0,50.113179629875006,8.050660306523563,1.7313722892098407,0.007177244821341814
2025-11-01,RAJ,MID AND SOUTH ESSEX NHS FOUNDATION TRUST,180284,91634.0,14221.0,3200.0,27.0,50.82758314659094,7.888109871092277,1.7749772581038805,0.014976370615251493
2025-12-01,RAJ,MID AND SOUTH ESSEX NHS FOUNDATION TRUST,179094,92849.0,13541.0,3868.0,94.0,51.84372452455135,7.560833975454232,2.159759679274571,0.05248640378795493
2026-01-01,RAJ,MID AND SOUTH ESSEX NHS FOUNDATION TRUST,176580,89953.0,13516.0,3697.0,57.0,50.941782761354624,7.654320987654321,2.09366859213954,0.032279986408426775
2026-02-01,RAJ,MID AND SOUTH ESSEX NHS FOUNDATION TRUST,176895,87682.0,12623.0,2927.0,46.0,49.56725741258939,7.135871562226178,1.654653890726137,0.026004126741852512
2026-03-01,RAJ,MID AND SOUTH ESSEX NHS FOUNDATION TRUST,173977,85939.0,12150.0,1885.0,30.0,49.39675934175207,6.983681751036057,1.0834765514981866,0.01724365864453347
2026-04-01,RAJ,MID AND SOUTH ESSEX NHS FOUNDATION TRUST,174395,88457.0,12286.0,2225.0,35.0,50.72221107256515,7.0449267467530605,1.275839330256028,0.02006938272312853
2026-05-01,RAJ,MID AND SOUTH ESSEX NHS FOUNDATION TRUST,171496,85174.0,12250.0,2415.0,34.0,49.66529831599571,7.1430237439940285,1.4081961095302515,0.019825535289452814
2026-06-01,RAJ,MID AND SOUTH ESSEX NHS FOUNDATION TRUST,165626,83260.0,12487.0,2829.0,17.0,50.26988516295751,7.539275234564621,1.7080651588518712,0.010264088971538285
2025-04-01,RAL,ROYAL FREE LONDON NHS FOUNDATION TRUST,149182,65154.0,3899.0,105.0,0.0,43.67416980600877,2.6135860894746012,0.07038382646700003,0.0
2025-05-01,RAL,ROYAL FREE LONDON NHS FOUNDATION TRUST,146469,63357.0,4212.0,171.0,0.0,43.256252176228415,2.8756938328246933,0.11674825389672899,0.0
2025-06-01,RAL,ROYAL FREE LONDON NHS FOUNDATION TRUST,146196,62092.0,3984.0,155.0,0.0,42.4717502530849,2.7251087581055566,0.10602205258693807,0.0
2025-07-01,RAL,ROYAL FREE LONDON NHS FOUNDATION TRUST,143124,60257.0,3800.0,144.0,1.0,42.10125485592913,2.655040384561639,0.10061205667812527,0.0006986948380425365
2025-08-01,RAL,ROYAL FREE LONDON NHS FOUNDATION TRUST,140331,58041.0,3186.0,187.0,1.0,41.36007011993074,2.27034653782842,0.13325637243374594,0.0007126009221055931
2025-09-01,RAL,ROYAL FREE LONDON NHS FOUNDATION TRUST,137245,54741.0,2850.0,159.0,1.0,39.88560603300667,2.0765783817261103,0.1158512149805093,0.0007286239935881088
2025-10-01,RAL,ROYAL FREE LONDON NHS FOUNDATION TRUST,137180,56226.0,2635.0,119.0,0.0,40.98702434757253,1.920833940807698,0.08674733926228313,0.0
2025-11-01,RAL,ROYAL FREE LONDON NHS FOUNDATION TRUST,136986,56559.0,2381.0,60.0,0.0,41.28816083395384,1.7381338238944124,0.043800096360211996,0.0
2025-12-01,RAL,ROYAL FREE LONDON NHS FOUNDATION TRUST,138721,56672.0,2269.0,1.0,0.0,40.85322337641741,1.6356571824020876,0.0007208713893354287,0.0
2026-01-01,RAL,ROYAL FREE LONDON NHS FOUNDATION TRUST,140251,57242.0,2382.0,8.0,0.0,40.81396924086103,1.6983836122380591,0.0057040591510933965,0.0
2026-02-01,RAL,ROYAL FREE LONDON NHS FOUNDATION TRUST,139987,54862.0,2395.0,29.0,0.0,39.19078200118582,1.7108731525070184,0.02071620936229793,0.0
2026-03-01,RAL,ROYAL FREE LONDON NHS FOUNDATION TRUST,133390,46821.0,1331.0,30.0,1.0,35.10083214633781,0.9978259239823074,0.022490441562336008,0.0007496813854112002
2026-04-01,RAL,ROYAL FREE LONDON NHS FOUNDATION TRUST,136968,50532.0,1751.0,43.0,1.0,36.893288943402844,1.2784007943461246,0.03139419426435371,0.0007300975410314818
2026-05-01,RAL,ROYAL FREE LONDON NHS FOUNDATION TRUST,139283,51066.0,1826.0,71.0,0.0,36.66348369865669,1.310999906664848,0.050975352340199453,0.0
2026-06-01,RAL,ROYAL FREE LONDON NHS FOUNDATION TRUST,139530,51312.0,1590.0,51.0,0.0,36.77488712104924,1.1395398838959363,0.036551279294775314,0.0
2025-04-01,RAN,ROYAL NATIONAL ORTHOPAEDIC HOSPITAL NHS TRUST,8511,2622.0,48.0,6.0,0.0,30.807190694395487,0.5639760310186817,0.07049700387733521,0.0
2025-05-01,RAN,ROYAL NATIONAL ORTHOPAEDIC HOSPITAL NHS TRUST,8687,2619.0,69.0,6.0,0.0,30.14849775526649,0.794290318867273,0.06906872337976287,0.0
2025-06-01,RAN,ROYAL NATIONAL ORTHOPAEDIC HOSPITAL NHS TRUST,8717,2576.0,70.0,11.0,1.0,29.551451187335093,0.8030285648732363,0.12619020305150855,0.011471836641046231
2025-07-01,RAN,ROYAL NATIONAL ORTHOPAEDIC HOSPITAL NHS TRUST,8753,2588.0,58.0,13.0,1.0,29.56700559808066,0.6626299554438478,0.14852050725465554,0.011424654404204274
2025-08-01,RAN,ROYAL NATIONAL ORTHOPAEDIC HOSPITAL NHS TRUST,9003,2540.0,50.0,15.0,0.0,28.212817949572365,0.5553704320781961,0.16661112962345886,0.0
2025-09-01,RAN,ROYAL NATIONAL ORTHOPAEDIC HOSPITAL NHS TRUST,9104,2442.0,42.0,11.0,1.0,26.823374340949037,0.461335676625659,0.12082601054481545,0.010984182776801405
2025-10-01,RAN,ROYAL NATIONAL ORTHOPAEDIC HOSPITAL NHS TRUST,9113,2444.0,41.0,12.0,1.0,26.8188302425107,0.4499067266542302,0.1316800175573357,0.01097333479644464
2025-11-01,RAN,ROYAL NATIONAL ORTHOPAEDIC HOSPITAL NHS TRUST,9848,2660.0,35.0,5.0,0.0,27.010560519902516,0.3554021121039805,0.05077173030056864,0.0
2025-12-01,RAN,ROYAL NATIONAL ORTHOPAEDIC HOSPITAL NHS TRUST,9707,2825.0,30.0,5.0,0.0,29.102709384979914,0.30905532090244153,0.051509220150406924,0.0
2026-01-01,RAN,ROYAL NATIONAL ORTHOPAEDIC HOSPITAL NHS TRUST,9312,2732.0,22.0,2.0,1.0,29.33848797250859,0.23625429553264604,0.02147766323024055,0.010738831615120275
2026-02-01,RAN,ROYAL NATIONAL ORTHOPAEDIC HOSPITAL NHS TRUST,9266,2638.0,15.0,2.0,0.0,28.469674077271744,0.16188214979494928,0.02158428663932657,0.0
2026-03-01,RAN,ROYAL NATIONAL ORTHOPAEDIC HOSPITAL NHS TRUST,9158,2565.0,14.0,0.0,0.0,28.008298755186722,0.15287180607119458,0.0,0.0
2026-04-01,RAN,ROYAL NATIONAL ORTHOPAEDIC HOSPITAL NHS TRUST,8737,2581.0,7.0,0.0,0.0,29.541032390980888,0.08011903399336157,0.0,0.0
2026-05-01,RAN,ROYAL NATIONAL ORTHOPAEDIC HOSPITAL NHS TRUST,8800,2276.0,5.0,0.0,0.0,25.86363636363636,0.056818181818181816,0.0,0.0
2026-06-01,RAN,ROYAL NATIONAL ORTHOPAEDIC HOSPITAL NHS TRUST,8908,2146.0,9.0,2.0,0.0,24.09070498428379,0.10103277952402336,0.022451728783116298,0.0
2025-04-01,RAS,THE HILLINGDON HOSPITALS NHS FOUNDATION TRUST,31051,14368.0,431.0,2.0,0.0,46.27226176290618,1.388039032559338,0.0064410163923867185,0.0
2025-05-01,RAS,THE HILLINGDON HOSPITALS NHS FOUNDATION TRUST,30449,13482.0,456.0,1.0,0.0,44.27731616801866,1.497586127623239,0.0032841801044369272,0.0
2025-06-01,RAS,THE HILLINGDON HOSPITALS NHS FOUNDATION TRUST,31208,13775.0,437.0,2.0,0.0,44.139323250448605,1.4002819789797487,0.00640861317610869,0.0
2025-07-01,RAS,THE HILLINGDON HOSPITALS NHS FOUNDATION TRUST,32161,15210.0,686.0,1.0,0.0,47.29330555641926,2.1330182519200274,0.0031093560523615562,0.0
2025-08-01,RAS,THE HILLINGDON HOSPITALS NHS FOUNDATION TRUST,34621,15593.0,965.0,0.0,0.0,45.03913809537564,2.7873256116230034,0.0,0.0
2025-09-01,RAS,THE HILLINGDON HOSPITALS NHS FOUNDATION TRUST,36923,14919.0,541.0,5.0,0.0,40.40570917856079,1.465211385857054,0.013541694878530996,0.0
2025-10-01,RAS,THE HILLINGDON HOSPITALS NHS FOUNDATION TRUST,35762,14432.0,528.0,18.0,0.0,40.35568480510038,1.4764274928695265,0.05033275543873385,0.0
2025-11-01,RAS,THE HILLINGDON HOSPITALS NHS FOUNDATION TRUST,35062,14442.0,552.0,63.0,0.0,41.18989219097598,1.574354001483087,0.1796817066910045,0.0
2025-12-01,RAS,THE HILLINGDON HOSPITALS NHS FOUNDATION TRUST,34348,14028.0,413.0,25.0,0.0,40.84080586933737,1.2023989751950623,0.07278444159776407,0.0
2026-01-01,RAS,THE HILLINGDON HOSPITALS NHS FOUNDATION TRUST,33461,13270.0,275.0,11.0,0.0,39.65810944084158,0.8218523056692866,0.03287409222677147,0.0
2026-02-01,RAS,THE HILLINGDON HOSPITALS NHS FOUNDATION TRUST,33399,12974.0,203.0,5.0,0.0,38.84547441540166,0.6078026288212222,0.01497050809904488,0.0
2026-03-01,RAS,THE HILLINGDON HOSPITALS NHS FOUNDATION TRUST,32993,11969.0,101.0,0.0,0.0,36.277392174097535,0.30612554178159007,0.0,0.0
2026-04-01,RAS,THE HILLINGDON HOSPITALS NHS FOUNDATION TRUST,33474,12470.0,111.0,1.0,0.0,37.25279321264265,0.33160064527693134,0.002987393200693075,0.0
2026-05-01,RAS,THE HILLINGDON HOSPITALS NHS FOUNDATION TRUST,33233,11949.0,143.0,8.0,0.0,35.95522522793609,0.4302951885174375,0.02407245809887762,0.0
2026-06-01,RAS,THE HILLINGDON HOSPITALS NHS FOUNDATION TRUST,33277,11908.0,113.0,10.0,0.0,35.78447576404123,0.33957387985695825,0.030050785828049403,0.0
2025-04-01,RAX,KINGSTON AND RICHMOND NHS FOUNDATION TRUST,42245,14338.0,263.0,4.0,0.0,33.940111255769914,0.6225588827080129,0.00946857616285951,0.0
2025-05-01,RAX,KINGSTON AND RICHMOND NHS FOUNDATION TRUST,41947,14236.0,192.0,2.0,0.0,33.93806470069373,0.4577204567668725,0.004767921424654921,0.0
2025-06-01,RAX,KINGSTON AND RICHMOND NHS FOUNDATION TRUST,41702,14014.0,273.0,0.0,0.0,33.6051028727639,0.6546448611577382,0.0,0.0
2025-07-01,RAX,KINGSTON AND RICHMOND NHS FOUNDATION TRUST,42645,14838.0,238.0,1.0,0.0,34.794231445655996,0.558095908078321,0.0023449407902450463,0.0
2025-08-01,RAX,KINGSTON AND RICHMOND NHS FOUNDATION TRUST,42937,15865.0,260.0,7.0,0.0,36.949484127908335,0.605538346880313,0.016302955492931502,0.0
2025-09-01,RAX,KINGSTON AND RICHMOND NHS FOUNDATION TRUST,43900,15608.0,313.0,5.0,0.0,35.55353075170843,0.7129840546697038,0.011389521640091117,0.0
2025-10-01,RAX,KINGSTON AND RICHMOND NHS FOUNDATION TRUST,45227,15944.0,341.0,18.0,0.0,35.25327790921352,0.7539743958255024,0.039799234970261124,0.0
2025-11-01,RAX,KINGSTON AND RICHMOND NHS FOUNDATION TRUST,45411,16775.0,301.0,9.0,0.0,36.94038889255907,0.6628349959260972,0.019818986589152408,0.0
2025-12-01,RAX,KINGSTON AND RICHMOND NHS FOUNDATION TRUST,45482,18049.0,369.0,1.0,0.0,39.68383096609648,0.8113099687788576,0.002198672002110725,0.0
2026-01-01,RAX,KINGSTON AND RICHMOND NHS FOUNDATION TRUST,44953,18882.0,409.0,0.0,0.0,42.0038707094076,0.9098391653504772,0.0,0.0
2026-02-01,RAX,KINGSTON AND RICHMOND NHS FOUNDATION TRUST,44169,17592.0,396.0,1.0,0.0,39.828839231134964,0.8965564083406914,0.0022640313341936655,0.0
2026-03-01,RAX,KINGSTON AND RICHMOND NHS FOUNDATION TRUST,43861,13998.0,278.0,1.0,0.0,31.91445703472333,0.6338204783292675,0.0022799297781628323,0.0
2026-04-01,RAX,KINGSTON AND RICHMOND NHS FOUNDATION TRUST,41149,14219.0,262.0,2.0,0.0,34.554910204379205,0.6367104911419476,0.004860385428564485,0.0
2026-05-01,RAX,KINGSTON AND RICHMOND NHS FOUNDATION TRUST,40333,13415.0,199.0,3.0,1.0,33.260605459549254,0.4933925073760941,0.007438078000644633,0.002479359333548211
2026-06-01,RAX,KINGSTON AND RICHMOND NHS FOUNDATION TRUST,40399,12875.0,134.0,0.0,0.0,31.869600732691406,0.33169137849946784,0.0,0.0
2025-04-01,RBD,DORSET COUNTY HOSPITAL NHS FOUNDATION TRUST,22484,9241.0,448.0,1.0,0.0,41.10033801814624,1.9925280199252802,0.004447607187333215,0.0
2025-05-01,RBD,DORSET COUNTY HOSPITAL NHS FOUNDATION TRUST,22630,9157.0,439.0,0.0,0.0,40.46398585947857,1.939902783915157,0.0,0.0
2025-06-01,RBD,DORSET COUNTY HOSPITAL NHS FOUNDATION TRUST,22414,9195.0,377.0,0.0,0.0,41.02346747568484,1.681984473989471,0.0,0.0
2025-07-01,RBD,DORSET COUNTY HOSPITAL NHS FOUNDATION TRUST,22406,9103.0,368.0,0.0,0.0,40.627510488262075,1.6424172096759795,0.0,0.0
2025-08-01,RBD,DORSET COUNTY HOSPITAL NHS FOUNDATION TRUST,22300,9212.0,365.0,2.0,0.0,41.309417040358746,1.6367713004484303,0.008968609865470852,0.0
2025-09-01,RBD,DORSET COUNTY HOSPITAL NHS FOUNDATION TRUST,21411,8512.0,303.0,2.0,0.0,39.75526598477418,1.4151604315538742,0.009340992947550326,0.0
2025-10-01,RBD,DORSET COUNTY HOSPITAL NHS FOUNDATION TRUST,21240,8416.0,283.0,1.0,0.0,39.623352165725045,1.332391713747646,0.004708097928436911,0.0
2025-11-01,RBD,DORSET COUNTY HOSPITAL NHS FOUNDATION TRUST,21127,8236.0,262.0,0.0,0.0,38.98329152269608,1.2401192786481754,0.0,0.0
2025-12-01,RBD,DORSET COUNTY HOSPITAL NHS FOUNDATION TRUST,20838,8147.0,270.0,0.0,0.0,39.09684230732316,1.295709761013533,0.0,0.0
2026-01-01,RBD,DORSET COUNTY HOSPITAL NHS FOUNDATION TRUST,21209,8079.0,317.0,1.0,0.0,38.092319298411056,1.4946484982790325,0.004714979489839219,0.0
2026-02-01,RBD,DORSET COUNTY HOSPITAL NHS FOUNDATION TRUST,21139,8244.0,323.0,3.0,0.0,38.999006575523914,1.5279814560764464,0.014191778229812196,0.0
2026-03-01,RBD,DORSET COUNTY HOSPITAL NHS FOUNDATION TRUST,21497,8017.0,243.0,0.0,0.0,37.29357584779272,1.130390287016793,0.0,0.0
2026-04-01,RBD,DORSET COUNTY HOSPITAL NHS FOUNDATION TRUST,21967,8714.0,296.0,1.0,0.0,39.6685937997906,1.3474757590931852,0.004552282969909409,0.0
2026-05-01,RBD,DORSET COUNTY HOSPITAL NHS FOUNDATION TRUST,22351,8716.0,356.0,0.0,0.0,38.9960180752539,1.5927698984385488,0.0,0.0
2026-06-01,RBD,DORSET COUNTY HOSPITAL NHS FOUNDATION TRUST,22644,8944.0,399.0,0.0,0.0,39.49832185126303,1.7620561738208795,0.0,0.0
2025-04-01,RBK,WALSALL HEALTHCARE NHS TRUST,28560,8680.0,102.0,1.0,0.0,30.392156862745097,0.35714285714285715,0.0035014005602240893,0.0
2025-05-01,RBK,WALSALL HEALTHCARE NHS TRUST,28391,8513.0,85.0,0.0,0.0,29.984854355253425,0.2993906519671727,0.0,0.0
2025-06-01,RBK,WALSALL HEALTHCARE NHS TRUST,28040,8003.0,44.0,1.0,0.0,28.5413694721826,0.15691868758915833,0.003566333808844508,0.0
2025-07-01,RBK,WALSALL HEALTHCARE NHS TRUST,28313,8179.0,46.0,2.0,0.0,28.887790061102674,0.16246953696181965,0.007063892911383464,0.0
2025-08-01,RBK,WALSALL HEALTHCARE NHS TRUST,28355,8352.0,11.0,1.0,0.0,29.45512255334156,0.038793863516134716,0.003526714865103157,0.0
2025-09-01,RBK,WALSALL HEALTHCARE NHS TRUST,29434,8262.0,16.0,1.0,0.0,28.06957939797513,0.05435890466807093,0.003397431541754433,0.0
2025-10-01,RBK,WALSALL HEALTHCARE NHS TRUST,30390,8864.0,16.0,0.0,0.0,29.167489305692662,0.05264889766370517,0.0,0.0
2025-11-01,RBK,WALSALL HEALTHCARE NHS TRUST,30411,9073.0,11.0,0.0,0.0,29.834599322613524,0.036171122291276184,0.0,0.0
2025-12-01,RBK,WALSALL HEALTHCARE NHS TRUST,30299,9194.0,17.0,0.0,0.0,30.344235783359185,0.0561074622924849,0.0,0.0
2026-01-01,RBK,WALSALL HEALTHCARE NHS TRUST,29574,9081.0,16.0,0.0,0.0,30.706025562994522,0.05410157570839251,0.0,0.0
2026-02-01,RBK,WALSALL HEALTHCARE NHS TRUST,28528,8323.0,18.0,0.0,0.0,29.174845765563656,0.0630959057767807,0.0,0.0
2026-03-01,RBK,WALSALL HEALTHCARE NHS TRUST,27304,7319.0,2.0,0.0,0.0,26.80559624963375,0.00732493407559332,0.0,0.0
2026-04-01,RBK,WALSALL HEALTHCARE NHS TRUST,27974,7779.0,4.0,0.0,0.0,27.807964538500034,0.014298991921069565,0.0,0.0
2026-05-01,RBK,WALSALL HEALTHCARE NHS TRUST,27784,7119.0,4.0,0.0,0.0,25.62266052404261,0.014396775122372588,0.0,0.0
2026-06-01,RBK,WALSALL HEALTHCARE NHS TRUST,27966,7047.0,4.0,0.0,0.0,25.198455267110063,0.01430308231423872,0.0,0.0
2025-04-01,RBL,WIRRAL UNIVERSITY TEACHING HOSPITAL NHS FOUNDATION TRUST,46546,18753.0,1136.0,24.0,0.0,40.289176298715255,2.4405963992609463,0.05156189575903407,0.0
2025-05-01,RBL,WIRRAL UNIVERSITY TEACHING HOSPITAL NHS FOUNDATION TRUST,45845,16973.0,1281.0,23.0,0.0,37.02257607154543,2.7941978405496783,0.050169047878721784,0.0
2025-06-01,RBL,WIRRAL UNIVERSITY TEACHING HOSPITAL NHS FOUNDATION TRUST,47098,17657.0,1311.0,15.0,0.0,37.48991464605716,2.783557688224553,0.03184848613529237,0.0
2025-07-01,RBL,WIRRAL UNIVERSITY TEACHING HOSPITAL NHS FOUNDATION TRUST,47478,18161.0,1261.0,17.0,0.0,38.251400648721514,2.655966974177514,0.035806057542440706,0.0
2025-08-01,RBL,WIRRAL UNIVERSITY TEACHING HOSPITAL NHS FOUNDATION TRUST,47463,18679.0,1343.0,7.0,0.0,39.35486589553968,2.8295725091123614,0.014748330278322062,0.0
2025-09-01,RBL,WIRRAL UNIVERSITY TEACHING HOSPITAL NHS FOUNDATION TRUST,48404,18557.0,1152.0,4.0,0.0,38.33774068258822,2.379968597636559,0.008263779852904718,0.0
2025-10-01,RBL,WIRRAL UNIVERSITY TEACHING HOSPITAL NHS FOUNDATION TRUST,49679,19410.0,1326.0,26.0,0.0,39.07083475915377,2.6691358521709376,0.05233599710139093,0.0
2025-11-01,RBL,WIRRAL UNIVERSITY TEACHING HOSPITAL NHS FOUNDATION TRUST,48270,19532.0,1305.0,26.0,0.0,40.464056349699604,2.703542573026725,0.05386368344727574,0.0
2025-12-01,RBL,WIRRAL UNIVERSITY TEACHING HOSPITAL NHS FOUNDATION TRUST,47320,19261.0,1062.0,0.0,0.0,40.70371935756551,2.2442941673710903,0.0,0.0
2026-01-01,RBL,WIRRAL UNIVERSITY TEACHING HOSPITAL NHS FOUNDATION TRUST,46656,19050.0,1002.0,0.0,0.0,40.830761316872426,2.147633744855967,0.0,0.0
2026-02-01,RBL,WIRRAL UNIVERSITY TEACHING HOSPITAL NHS FOUNDATION TRUST,46357,18668.0,990.0,0.0,0.0,40.27007787389175,2.1355998015402204,0.0,0.0
2026-03-01,RBL,WIRRAL UNIVERSITY TEACHING HOSPITAL NHS FOUNDATION TRUST,43666,15412.0,355.0,2.0,0.0,35.29519534649384,0.8129895112902488,0.004580222598818302,0.0
2026-04-01,RBL,WIRRAL UNIVERSITY TEACHING HOSPITAL NHS FOUNDATION TRUST,43999,15232.0,287.0,1.0,0.0,34.61896861292303,0.6522875519898179,0.0022727789267937906,0.0
2026-05-01,RBL,WIRRAL UNIVERSITY TEACHING HOSPITAL NHS FOUNDATION TRUST,45415,15606.0,307.0,0.0,0.0,34.36309589342728,0.6759881096554002,0.0,0.0
2026-06-01,RBL,WIRRAL UNIVERSITY TEACHING HOSPITAL NHS FOUNDATION TRUST,45369,15713.0,322.0,0.0,0.0,34.63378077541934,0.7097357226299896,0.0,0.0
2025-04-01,RBN,MERSEY AND WEST LANCASHIRE TEACHING HOSPITALS NHS TRUST,76488,27488.0,2064.0,129.0,0.0,35.937663424328,2.698462503922184,0.1686539064951365,0.0
2025-05-01,RBN,MERSEY AND WEST LANCASHIRE TEACHING HOSPITALS NHS TRUST,75891,26918.0,2157.0,227.0,0.0,35.46929148383866,2.842234257026525,0.29911320182893886,0.0
2025-06-01,RBN,MERSEY AND WEST LANCASHIRE TEACHING HOSPITALS NHS TRUST,75244,26594.0,2020.0,207.0,0.0,35.343681888256874,2.68459943649992,0.27510499176014036,0.0
2025-07-01,RBN,MERSEY AND WEST LANCASHIRE TEACHING HOSPITALS NHS TRUST,76418,27888.0,2043.0,239.0,0.0,36.494019733570624,2.673453898296213,0.31275353974194564,0.0
2025-08-01,RBN,MERSEY AND WEST LANCASHIRE TEACHING HOSPITALS NHS TRUST,76887,28077.0,1955.0,136.0,0.0,36.517226579265675,2.54269252279319,0.17688295810735236,0.0
2025-09-01,RBN,MERSEY AND WEST LANCASHIRE TEACHING HOSPITALS NHS TRUST,77823,27982.0,1798.0,55.0,0.0,35.955951325443635,2.3103709700217157,0.07067319429988564,0.0
2025-10-01,RBN,MERSEY AND WEST LANCASHIRE TEACHING HOSPITALS NHS TRUST,77354,28054.0,1597.0,7.0,0.0,36.26703208625281,2.064534477855056,0.009049305788970188,0.0
2025-11-01,RBN,MERSEY AND WEST LANCASHIRE TEACHING HOSPITALS NHS TRUST,75739,28378.0,1572.0,2.0,0.0,37.46814718969092,2.075548924596311,0.0026406474867637546,0.0
2025-12-01,RBN,MERSEY AND WEST LANCASHIRE TEACHING HOSPITALS NHS TRUST,74661,27907.0,1527.0,2.0,0.0,37.37828317327654,2.045244505163338,0.002678774728439212,0.0
2026-01-01,RBN,MERSEY AND WEST LANCASHIRE TEACHING HOSPITALS NHS TRUST,73635,28325.0,1486.0,8.0,0.0,38.4667617301555,2.0180620628777075,0.01086439872343315,0.0
2026-02-01,RBN,MERSEY AND WEST LANCASHIRE TEACHING HOSPITALS NHS TRUST,75459,27761.0,1316.0,3.0,0.0,36.78951483587113,1.7439934268940749,0.003975668906293484,0.0
2026-03-01,RBN,MERSEY AND WEST LANCASHIRE TEACHING HOSPITALS NHS TRUST,77666,26171.0,1069.0,4.0,0.0,33.69685576700229,1.3764066644348878,0.0051502588005047254,0.0
2026-04-01,RBN,MERSEY AND WEST LANCASHIRE TEACHING HOSPITALS NHS TRUST,79654,26622.0,1158.0,8.0,2.0,33.42205036784091,1.4537876315062646,0.010043437868782484,0.002510859467195621
2026-05-01,RBN,MERSEY AND WEST LANCASHIRE TEACHING HOSPITALS NHS TRUST,80984,26706.0,1407.0,14.0,1.0,32.9768843228292,1.7373802232539763,0.0172873654055122,0.001234811814679443
2026-06-01,RBN,MERSEY AND WEST LANCASHIRE TEACHING HOSPITALS NHS TRUST,81973,27346.0,1558.0,23.0,0.0,33.35976480060508,1.9006258158174034,0.02805801910385127,0.0
2025-04-01,RBQ,LIVERPOOL HEART AND CHEST HOSPITAL NHS FOUNDATION TRUST,6132,1965.0,57.0,4.0,0.0,32.04500978473581,0.9295499021526419,0.06523157208088715,0.0
2025-05-01,RBQ,LIVERPOOL HEART AND CHEST HOSPITAL NHS FOUNDATION TRUST,6051,1794.0,67.0,10.0,0.0,29.64799206742687,1.1072549991736904,0.16526194017517765,0.0
2025-06-01,RBQ,LIVERPOOL HEART AND CHEST HOSPITAL NHS FOUNDATION TRUST,5751,1594.0,58.0,4.0,0.0,27.716918796731004,1.0085202573465484,0.06955312119631368,0.0
2025-07-01,RBQ,LIVERPOOL HEART AND CHEST HOSPITAL NHS FOUNDATION TRUST,5732,1564.0,52.0,1.0,0.0,27.285415212840196,0.9071877180739707,0.017445917655268667,0.0
2025-08-01,RBQ,LIVERPOOL HEART AND CHEST HOSPITAL NHS FOUNDATION TRUST,5609,1443.0,48.0,0.0,0.0,25.726510964521303,0.8557675164913532,0.0,0.0
2025-09-01,RBQ,LIVERPOOL HEART AND CHEST HOSPITAL NHS FOUNDATION TRUST,5504,1291.0,45.0,0.0,0.0,23.455668604651162,0.8175872093023256,0.0,0.0
2025-10-01,RBQ,LIVERPOOL HEART AND CHEST HOSPITAL NHS FOUNDATION TRUST,5540,1215.0,38.0,0.0,0.0,21.931407942238266,0.6859205776173285,0.0,0.0
2025-11-01,RBQ,LIVERPOOL HEART AND CHEST HOSPITAL NHS FOUNDATION TRUST,5504,1291.0,45.0,0.0,0.0,23.455668604651162,0.8175872093023256,0.0,0.0
2025-12-01,RBQ,LIVERPOOL HEART AND CHEST HOSPITAL NHS FOUNDATION TRUST,5593,1176.0,38.0,2.0,1.0,21.026282853566958,0.6794207044519935,0.03575898444484177,0.017879492222420884
2026-01-01,RBQ,LIVERPOOL HEART AND CHEST HOSPITAL NHS FOUNDATION TRUST,5743,1224.0,39.0,0.0,0.0,21.312902664112833,0.6790875848859481,0.0,0.0
2026-02-01,RBQ,LIVERPOOL HEART AND CHEST HOSPITAL NHS FOUNDATION TRUST,5960,1295.0,38.0,1.0,0.0,21.72818791946309,0.6375838926174496,0.016778523489932886,0.0
2026-03-01,RBQ,LIVERPOOL HEART AND CHEST HOSPITAL NHS FOUNDATION TRUST,6034,1240.0,15.0,0.0,0.0,20.550215445807094,0.24859131587669872,0.0,0.0
2026-04-01,RBQ,LIVERPOOL HEART AND CHEST HOSPITAL NHS FOUNDATION TRUST,6015,1270.0,21.0,1.0,0.0,21.11388196176226,0.3491271820448878,0.01662510390689942,0.0
2026-05-01,RBQ,LIVERPOOL HEART AND CHEST HOSPITAL NHS FOUNDATION TRUST,5796,1274.0,26.0,1.0,0.0,21.980676328502415,0.4485852311939268,0.01725327812284334,0.0
2026-06-01,RBQ,LIVERPOOL HEART AND CHEST HOSPITAL NHS FOUNDATION TRUST,5667,1217.0,25.0,0.0,0.0,21.47520734074466,0.4411505205576143,0.0,0.0
2025-04-01,RBS,ALDER HEY CHILDREN'S NHS FOUNDATION TRUST,20962,9612.0,374.0,1.0,0.0,45.85440320580098,1.7841808987692016,0.0047705371624844955,0.0
2025-05-01,RBS,ALDER HEY CHILDREN'S NHS FOUNDATION TRUST,19835,8689.0,348.0,2.0,0.0,43.80640282329216,1.7544744139147972,0.01008318628686665,0.0
2025-06-01,RBS,ALDER HEY CHILDREN'S NHS FOUNDATION TRUST,19097,8121.0,395.0,3.0,0.0,42.52500392731843,2.0683877048751116,0.01570927370791224,0.0
2025-07-01,RBS,ALDER HEY CHILDREN'S NHS FOUNDATION TRUST,18787,7834.0,402.0,1.0,0.0,41.699047213498694,2.1397775057220416,0.0053228296162239844,0.0
2025-08-01,RBS,ALDER HEY CHILDREN'S NHS FOUNDATION TRUST,18760,7533.0,428.0,0.0,0.0,40.1545842217484,2.281449893390192,0.0,0.0
2025-09-01,RBS,ALDER HEY CHILDREN'S NHS FOUNDATION TRUST,18225,6885.0,245.0,5.0,0.0,37.77777777777778,1.3443072702331962,0.027434842249657067,0.0
2025-10-01,RBS,ALDER HEY CHILDREN'S NHS FOUNDATION TRUST,18253,6988.0,270.0,6.0,0.0,38.28411767928559,1.479208897167589,0.03287130882594642,0.0
2025-11-01,RBS,ALDER HEY CHILDREN'S NHS FOUNDATION TRUST,17629,6676.0,269.0,0.0,0.0,37.86941970616597,1.5258948323784671,0.0,0.0
2025-12-01,RBS,ALDER HEY CHILDREN'S NHS FOUNDATION TRUST,17473,6518.0,262.0,0.0,0.0,37.30326789904424,1.499456304011904,0.0,0.0
2026-01-01,RBS,ALDER HEY CHILDREN'S NHS FOUNDATION TRUST,17272,6542.0,246.0,3.0,0.0,37.876331635016214,1.4242704955998147,0.017369152385363594,0.0
2026-02-01,RBS,ALDER HEY CHILDREN'S NHS FOUNDATION TRUST,16707,6087.0,243.0,0.0,0.0,36.43383013108278,1.4544801580175974,0.0,0.0
2026-03-01,RBS,ALDER HEY CHILDREN'S NHS FOUNDATION TRUST,16497,5203.0,212.0,0.0,0.0,31.539067709280477,1.285082136145966,0.0,0.0
2026-04-01,RBS,ALDER HEY CHILDREN'S NHS FOUNDATION TRUST,16793,5195.0,213.0,3.0,0.0,30.935508842970282,1.2683856368725064,0.017864586434824033,0.0
2026-05-01,RBS,ALDER HEY CHILDREN'S NHS FOUNDATION TRUST,16962,5148.0,211.0,7.0,0.0,30.35019455252918,1.243957080532956,0.04126871831151987,0.0
2026-06-01,RBS,ALDER HEY CHILDREN'S NHS FOUNDATION TRUST,17095,5271.0,227.0,6.0,0.0,30.833577069318512,1.3278736472652823,0.0350979818660427,0.0
2025-04-01,RBT,MID CHESHIRE HOSPITALS NHS FOUNDATION TRUST,35586,15965.0,1613.0,280.0,0.0,44.86314842915753,4.532681391558478,0.7868262799977519,0.0
2025-05-01,RBT,MID CHESHIRE HOSPITALS NHS FOUNDATION TRUST,36258,15750.0,1712.0,326.0,0.0,43.43868939268575,4.721716586684318,0.8991119201279717,0.0
2025-06-01,RBT,MID CHESHIRE HOSPITALS NHS FOUNDATION TRUST,39218,17368.0,2034.0,436.0,0.0,44.285787138558824,5.186394002753838,1.1117344076699474,0.0
2025-07-01,RBT,MID CHESHIRE HOSPITALS NHS FOUNDATION TRUST,42122,19306.0,2053.0,452.0,0.0,45.83353117135939,4.873937609800104,1.0730734533023123,0.0
2025-08-01,RBT,MID CHESHIRE HOSPITALS NHS FOUNDATION TRUST,44351,20039.0,2051.0,407.0,0.0,45.18274672498929,4.624472954386598,0.917679420982616,0.0
2025-09-01,RBT,MID CHESHIRE HOSPITALS NHS FOUNDATION TRUST,43717,19746.0,1838.0,304.0,0.0,45.16778369970492,4.204314111215317,0.6953816593087357,0.0
2025-10-01,RBT,MID CHESHIRE HOSPITALS NHS FOUNDATION TRUST,43220,19521.0,1493.0,213.0,0.0,45.16658954187876,3.4544192503470614,0.4928273947246645,0.0
2025-11-01,RBT,MID CHESHIRE HOSPITALS NHS FOUNDATION TRUST,41913,19016.0,1144.0,137.0,0.0,45.3701715458211,2.729463412306444,0.3268675589912438,0.0
2025-12-01,RBT,MID CHESHIRE HOSPITALS NHS FOUNDATION TRUST,39594,18268.0,862.0,16.0,0.0,46.138303783401525,2.177097540031318,0.04041016315603374,0.0
2026-01-01,RBT,MID CHESHIRE HOSPITALS NHS FOUNDATION TRUST,37412,16992.0,800.0,6.0,0.0,45.418582273067464,2.1383513311237037,0.01603763498342778,0.0
2026-02-01,RBT,MID CHESHIRE HOSPITALS NHS FOUNDATION TRUST,34561,14775.0,627.0,4.0,0.0,42.750499117502386,1.8141836173721826,0.01157373918578745,0.0
2026-03-01,RBT,MID CHESHIRE HOSPITALS NHS FOUNDATION TRUST,30585,11477.0,409.0,1.0,0.0,37.52493052149747,1.3372568252411312,0.003269576589831617,0.0
2026-04-01,RBT,MID CHESHIRE HOSPITALS NHS FOUNDATION TRUST,30415,11045.0,332.0,6.0,0.0,36.3143185927996,1.0915666611869144,0.01972710833470327,0.0
2026-05-01,RBT,MID CHESHIRE HOSPITALS NHS FOUNDATION TRUST,29111,9681.0,346.0,3.0,0.0,33.255470440726874,1.1885541547868503,0.01030538284497269,0.0
2026-06-01,RBT,MID CHESHIRE HOSPITALS NHS FOUNDATION TRUST,28421,8641.0,266.0,2.0,0.0,30.40357482143485,0.9359276591252947,0.007037050068611238,0.0
2025-04-01,RBV,THE CHRISTIE NHS FOUNDATION TRUST,2878,155.0,0.0,0.0,0.0,5.385684503127171,0.0,0.0,0.0
2025-05-01,RBV,THE CHRISTIE NHS FOUNDATION TRUST,2889,154.0,2.0,0.0,0.0,5.330564209068882,0.06922810661128419,0.0,0.0
2025-06-01,RBV,THE CHRISTIE NHS FOUNDATION TRUST,2809,161.0,2.0,0.0,0.0,5.731577073691705,0.0711997152011392,0.0,0.0
2025-07-01,RBV,THE CHRISTIE NHS FOUNDATION TRUST,2795,177.0,2.0,0.0,0.0,6.332737030411449,0.07155635062611806,0.0,0.0
2025-08-01,RBV,THE CHRISTIE NHS FOUNDATION TRUST,2765,157.0,3.0,0.0,0.0,5.678119349005425,0.108499095840868,0.0,0.0
2025-09-01,RBV,THE CHRISTIE NHS FOUNDATION TRUST,2852,121.0,1.0,0.0,0.0,4.242636746143058,0.03506311360448808,0.0,0.0
2025-10-01,RBV,THE CHRISTIE NHS FOUNDATION TRUST,3759,106.0,2.0,1.0,0.0,2.819898909284384,0.053205639797818574,0.026602819898909287,0.0
2025-11-01,RBV,THE CHRISTIE NHS FOUNDATION TRUST,3602,104.0,0.0,0.0,0.0,2.8872848417545804,0.0,0.0,0.0
2025-12-01,RBV,THE CHRISTIE NHS FOUNDATION TRUST,3340,96.0,0.0,0.0,0.0,2.874251497005988,0.0,0.0,0.0
2026-01-01,RBV,THE CHRISTIE NHS FOUNDATION TRUST,3508,87.0,2.0,1.0,0.0,2.4800456100342076,0.05701254275940707,0.028506271379703536,0.0
2026-02-01,RBV,THE CHRISTIE NHS FOUNDATION TRUST,3304,97.0,0.0,0.0,0.0,2.9358353510895885,0.0,0.0,0.0
2026-03-01,RBV,THE CHRISTIE NHS FOUNDATION TRUST,3066,90.0,0.0,0.0,0.0,2.935420743639922,0.0,0.0,0.0
2026-04-01,RBV,THE CHRISTIE NHS FOUNDATION TRUST,3101,96.0,0.0,0.0,0.0,3.0957755562721703,0.0,0.0,0.0
2026-05-01,RBV,THE CHRISTIE NHS FOUNDATION TRUST,3037,85.0,0.0,0.0,0.0,2.798814619690484,0.0,0.0,0.0
2026-06-01,RBV,THE CHRISTIE NHS FOUNDATION TRUST,3125,84.0,0.0,0.0,0.0,2.688,0.0,0.0,0.0
2025-04-01,RC9,BEDFORDSHIRE HOSPITALS NHS FOUNDATION TRUST,100723,47056.0,2781.0,31.0,0.0,46.71822721721951,2.761037697447455,0.03077747882807303,0.0
2025-05-01,RC9,BEDFORDSHIRE HOSPITALS NHS FOUNDATION TRUST,92335,38862.0,2496.0,16.0,0.0,42.088048952184984,2.703200303243624,0.01732820707207451,0.0
2025-06-01,RC9,BEDFORDSHIRE HOSPITALS NHS FOUNDATION TRUST,88559,36276.0,2299.0,10.0,0.0,40.96252216036766,2.5960094400343277,0.011291907090188461,0.0
2025-07-01,RC9,BEDFORDSHIRE HOSPITALS NHS FOUNDATION TRUST,88008,36138.0,2150.0,1.0,0.0,41.06217616580311,2.4429597309335516,0.0011362603399690937,0.0
2025-08-01,RC9,BEDFORDSHIRE HOSPITALS NHS FOUNDATION TRUST,87232,35572.0,1948.0,38.0,0.0,40.77861335289802,2.233125458547322,0.04356199559794571,0.0
2025-09-01,RC9,BEDFORDSHIRE HOSPITALS NHS FOUNDATION TRUST,86162,34255.0,1341.0,51.0,0.0,39.75650518790186,1.5563705577864952,0.05919082658248415,0.0
2025-10-01,RC9,BEDFORDSHIRE HOSPITALS NHS FOUNDATION TRUST,87860,35066.0,1116.0,34.0,0.0,39.911222399271566,1.2702025950375597,0.038697928522649666,0.0
2025-11-01,RC9,BEDFORDSHIRE HOSPITALS NHS FOUNDATION TRUST,86404,34289.0,1046.0,7.0,0.0,39.684505346974674,1.21059210221749,0.008101476783482246,0.0
2025-12-01,RC9,BEDFORDSHIRE HOSPITALS NHS FOUNDATION TRUST,85676,34360.0,998.0,0.0,0.0,40.10458004575377,1.164853634623465,0.0,0.0
2026-01-01,RC9,BEDFORDSHIRE HOSPITALS NHS FOUNDATION TRUST,86465,34006.0,1126.0,15.0,0.0,39.3292083501995,1.3022610304747586,0.017348059908633553,0.0
2026-02-01,RC9,BEDFORDSHIRE HOSPITALS NHS FOUNDATION TRUST,84671,33341.0,958.0,13.0,0.0,39.37711849393535,1.1314381547401118,0.015353544897308405,0.0
2026-03-01,RC9,BEDFORDSHIRE HOSPITALS NHS FOUNDATION TRUST,84499,32045.0,453.0,16.0,0.0,37.9235257221979,0.5361010189469698,0.018935135327045292,0.0
2026-04-01,RC9,BEDFORDSHIRE HOSPITALS NHS FOUNDATION TRUST,79577,30487.0,525.0,18.0,0.0,38.31132111037109,0.6597383666134687,0.022619601141033212,0.0
2026-05-01,RC9,BEDFORDSHIRE HOSPITALS NHS FOUNDATION TRUST,81846,32405.0,596.0,20.0,0.0,39.59264961024363,0.7281968575128901,0.02443613615815067,0.0
2026-06-01,RC9,BEDFORDSHIRE HOSPITALS NHS FOUNDATION TRUST,82592,33749.0,731.0,25.0,0.0,40.86231111972104,0.8850736148779542,0.030269275474622243,0.0
2025-04-01,RCB,YORK AND SCARBOROUGH TEACHING HOSPITALS NHS FOUNDATION TRUST,49621,21517.0,1149.0,38.0,0.0,43.36268918401483,2.3155518832752264,0.07658048003869329,0.0
2025-05-01,RCB,YORK AND SCARBOROUGH TEACHING HOSPITALS NHS FOUNDATION TRUST,51404,21610.0,1424.0,36.0,0.0,42.039529997665554,2.7702124348299746,0.07003346043109486,0.0
2025-06-01,RCB,YORK AND SCARBOROUGH TEACHING HOSPITALS NHS FOUNDATION TRUST,53160,21591.0,1548.0,13.0,0.0,40.61512415349887,2.9119638826185104,0.024454477050413842,0.0
2025-07-01,RCB,YORK AND SCARBOROUGH TEACHING HOSPITALS NHS FOUNDATION TRUST,55405,22940.0,1758.0,10.0,0.0,41.40420539662485,3.172998826820684,0.018048912553018683,0.0
2025-08-01,RCB,YORK AND SCARBOROUGH TEACHING HOSPITALS NHS FOUNDATION TRUST,56815,24490.0,1988.0,30.0,0.0,43.104813869576695,3.4990759482531018,0.05280295696559008,0.0
2025-09-01,RCB,YORK AND SCARBOROUGH TEACHING HOSPITALS NHS FOUNDATION TRUST,57450,24768.0,2034.0,47.0,0.0,43.112271540469976,3.5404699738903394,0.08181026979982593,0.0
2025-10-01,RCB,YORK AND SCARBOROUGH TEACHING HOSPITALS NHS FOUNDATION TRUST,58731,25632.0,1809.0,46.0,0.0,43.64305051846555,3.0801450681922664,0.07832320239737106,0.0
2025-11-01,RCB,YORK AND SCARBOROUGH TEACHING HOSPITALS NHS FOUNDATION TRUST,57771,25587.0,1550.0,30.0,0.0,44.29038791088954,2.6830070450572086,0.051929168614010486,0.0
2025-12-01,RCB,YORK AND SCARBOROUGH TEACHING HOSPITALS NHS FOUNDATION TRUST,57971,26117.0,1321.0,1.0,0.0,45.051836262959064,2.2787255696813924,0.001725000431250108,0.0
2026-01-01,RCB,YORK AND SCARBOROUGH TEACHING HOSPITALS NHS FOUNDATION TRUST,56771,26068.0,1311.0,1.0,0.0,45.91781014954818,2.309277624139085,0.00176146271864156,0.0
2026-02-01,RCB,YORK AND SCARBOROUGH TEACHING HOSPITALS NHS FOUNDATION TRUST,56641,25648.0,1253.0,0.0,0.0,45.28168641090376,2.212178457301248,0.0,0.0
2026-03-01,RCB,YORK AND SCARBOROUGH TEACHING HOSPITALS NHS FOUNDATION TRUST,54965,23868.0,986.0,0.0,0.0,43.42399708905667,1.7938688256163011,0.0,0.0
2026-04-01,RCB,YORK AND SCARBOROUGH TEACHING HOSPITALS NHS FOUNDATION TRUST,55098,23932.0,996.0,0.0,0.0,43.435333405931246,1.8076881193509746,0.0,0.0
2026-05-01,RCB,YORK AND SCARBOROUGH TEACHING HOSPITALS NHS FOUNDATION TRUST,55885,23387.0,1052.0,0.0,0.0,41.848438758164086,1.8824371477140556,0.0,0.0
2026-06-01,RCB,YORK AND SCARBOROUGH TEACHING HOSPITALS NHS FOUNDATION TRUST,56474,23147.0,1087.0,0.0,0.0,40.98700286857669,1.9247795445691822,0.0,0.0
2025-04-01,RCD,HARROGATE AND DISTRICT NHS FOUNDATION TRUST,20824,6171.0,1.0,0.0,0.0,29.634076066077604,0.004802151363810988,0.0,0.0
2025-05-01,RCD,HARROGATE AND DISTRICT NHS FOUNDATION TRUST,20141,5804.0,1.0,0.0,0.0,28.81684126905317,0.004964996772752098,0.0,0.0
2025-06-01,RCD,HARROGATE AND DISTRICT NHS FOUNDATION TRUST,19998,5583.0,4.0,0.0,0.0,27.917791779177918,0.020002000200020003,0.0,0.0
2025-07-01,RCD,HARROGATE AND DISTRICT NHS FOUNDATION TRUST,19943,5610.0,5.0,0.0,0.0,28.130170987313846,0.025071453642882213,0.0,0.0
2025-08-01,RCD,HARROGATE AND DISTRICT NHS FOUNDATION TRUST,20159,5754.0,7.0,0.0,0.0,28.54308249417134,0.03472394464011112,0.0,0.0
2025-09-01,RCD,HARROGATE AND DISTRICT NHS FOUNDATION TRUST,20426,4876.0,0.0,0.0,0.0,23.871536277293647,0.0,0.0,0.0
2025-10-01,RCD,HARROGATE AND DISTRICT NHS FOUNDATION TRUST,19552,4896.0,3.0,0.0,0.0,25.040916530278235,0.015343698854337152,0.0,0.0
2025-11-01,RCD,HARROGATE AND DISTRICT NHS FOUNDATION TRUST,19277,5111.0,2.0,0.0,0.0,26.513461638221713,0.010375058359703274,0.0,0.0
2025-12-01,RCD,HARROGATE AND DISTRICT NHS FOUNDATION TRUST,18927,5200.0,4.0,0.0,0.0,27.47397897183917,0.021133829978337824,0.0,0.0
2026-01-01,RCD,HARROGATE AND DISTRICT NHS FOUNDATION TRUST,19380,5124.0,3.0,0.0,0.0,26.43962848297214,0.015479876160990714,0.0,0.0
2026-02-01,RCD,HARROGATE AND DISTRICT NHS FOUNDATION TRUST,19914,5062.0,17.0,0.0,0.0,25.419303002912525,0.08536707843728031,0.0,0.0
2026-03-01,RCD,HARROGATE AND DISTRICT NHS FOUNDATION TRUST,20774,4936.0,7.0,0.0,0.0,23.76046981804178,0.03369596611148551,0.0,0.0
2026-04-01,RCD,HARROGATE AND DISTRICT NHS FOUNDATION TRUST,21491,5092.0,4.0,0.0,0.0,23.69363919780373,0.01861244241775627,0.0,0.0
2026-05-01,RCD,HARROGATE AND DISTRICT NHS FOUNDATION TRUST,21881,5140.0,4.0,0.0,0.0,23.490699693798273,0.018280700150815777,0.0,0.0
2026-06-01,RCD,HARROGATE AND DISTRICT NHS FOUNDATION TRUST,21377,5149.0,3.0,0.0,0.0,24.08663516863919,0.014033774617579643,0.0,0.0
2025-04-01,RCF,AIREDALE NHS FOUNDATION TRUST,13752,3935.0,70.0,4.0,0.0,28.61401977894125,0.5090168702734148,0.029086678301337987,0.0
2025-05-01,RCF,AIREDALE NHS FOUNDATION TRUST,13738,3750.0,65.0,0.0,0.0,27.29654971611588,0.4731401950793419,0.0,0.0
2025-06-01,RCF,AIREDALE NHS FOUNDATION TRUST,13846,3739.0,59.0,1.0,0.0,27.004188935432616,0.4261158457316192,0.007222302470027445,0.0
2025-07-01,RCF,AIREDALE NHS FOUNDATION TRUST,14138,4036.0,56.0,2.0,0.0,28.547177818644787,0.39609562880181076,0.014146272457207527,0.0
2025-08-01,RCF,AIREDALE NHS FOUNDATION TRUST,14032,4059.0,53.0,1.0,0.0,28.926738882554158,0.37770809578107184,0.007126567844925884,0.0
2025-09-01,RCF,AIREDALE NHS FOUNDATION TRUST,13819,4007.0,72.0,0.0,0.0,28.996309429046963,0.5210217816050365,0.0,0.0
2025-10-01,RCF,AIREDALE NHS FOUNDATION TRUST,14098,4203.0,100.0,1.0,0.0,29.81273939565896,0.7093204709887928,0.007093204709887927,0.0
2025-11-01,RCF,AIREDALE NHS FOUNDATION TRUST,14125,4294.0,94.0,0.0,0.0,30.4,0.6654867256637168,0.0,0.0
2025-12-01,RCF,AIREDALE NHS FOUNDATION TRUST,14336,4233.0,69.0,0.0,0.0,29.527064732142854,0.4813058035714286,0.0,0.0
2026-01-01,RCF,AIREDALE NHS FOUNDATION TRUST,14438,4182.0,66.0,1.0,1.0,28.96523064136307,0.4571270259038648,0.006926167059149467,0.006926167059149467
2026-02-01,RCF,AIREDALE NHS FOUNDATION TRUST,14603,4001.0,75.0,0.0,0.0,27.398479764431965,0.5135930973087722,0.0,0.0
2026-03-01,RCF,AIREDALE NHS FOUNDATION TRUST,14202,3782.0,44.0,1.0,0.0,26.630052105337278,0.30981551894099424,0.007041261794113504,0.0
2026-04-01,RCF,AIREDALE NHS FOUNDATION TRUST,14344,3969.0,38.0,1.0,0.0,27.67010596765198,0.26491912994980477,0.006971556051310653,0.0
2026-05-01,RCF,AIREDALE NHS FOUNDATION TRUST,14234,4067.0,49.0,0.0,0.0,28.572432204580583,0.3442461711395251,0.0,0.0
2026-06-01,RCF,AIREDALE NHS FOUNDATION TRUST,14155,4107.0,63.0,0.0,0.0,29.014482515012364,0.4450724125750618,0.0,0.0
2025-04-01,RCU,SHEFFIELD CHILDREN'S NHS FOUNDATION TRUST,12177,4135.0,244.0,26.0,0.0,33.95746078672908,2.003777613533711,0.2135172866880184,0.0
2025-05-01,RCU,SHEFFIELD CHILDREN'S NHS FOUNDATION TRUST,12382,4014.0,282.0,27.0,0.0,32.41802616701664,2.2774995961880147,0.21805847197544823,0.0
2025-06-01,RCU,SHEFFIELD CHILDREN'S NHS FOUNDATION TRUST,12187,4016.0,326.0,31.0,0.0,32.95314679576598,2.674981537704111,0.254369410027078,0.0
2025-07-01,RCU,SHEFFIELD CHILDREN'S NHS FOUNDATION TRUST,12258,4106.0,325.0,30.0,0.0,33.49649208680046,2.651329743840757,0.24473813020068524,0.0
2025-08-01,RCU,SHEFFIELD CHILDREN'S NHS FOUNDATION TRUST,12272,4261.0,321.0,40.0,0.0,34.72131681877445,2.6157105606258146,0.3259452411994785,0.0
2025-09-01,RCU,SHEFFIELD CHILDREN'S NHS FOUNDATION TRUST,11707,4095.0,285.0,40.0,0.0,34.97907234987615,2.4344409327752627,0.34167592038951056,0.0
2025-10-01,RCU,SHEFFIELD CHILDREN'S NHS FOUNDATION TRUST,11561,4038.0,259.0,35.0,0.0,34.92777441397803,2.240290632298244,0.30274197733760055,0.0
2025-11-01,RCU,SHEFFIELD CHILDREN'S NHS FOUNDATION TRUST,11376,4042.0,230.0,29.0,1.0,35.5309423347398,2.0218002812939524,0.25492264416315047,0.008790436005625879
2025-12-01,RCU,SHEFFIELD CHILDREN'S NHS FOUNDATION TRUST,11646,3905.0,195.0,8.0,0.0,33.53082603469002,1.6743946419371456,0.06869311351537008,0.0
2026-01-01,RCU,SHEFFIELD CHILDREN'S NHS FOUNDATION TRUST,11426,3766.0,176.0,2.0,0.0,32.95991598109575,1.5403465779800456,0.017503938386136883,0.0
2026-02-01,RCU,SHEFFIELD CHILDREN'S NHS FOUNDATION TRUST,11069,3381.0,156.0,8.0,0.0,30.544764658054024,1.40934140392086,0.0722739181497877,0.0
2026-03-01,RCU,SHEFFIELD CHILDREN'S NHS FOUNDATION TRUST,10811,2952.0,150.0,5.0,0.0,27.305522153362315,1.3874757191749143,0.046249190639163815,0.0
2026-04-01,RCU,SHEFFIELD CHILDREN'S NHS FOUNDATION TRUST,11308,3104.0,160.0,9.0,0.0,27.449593208348073,1.4149274849663955,0.07958967102935974,0.0
2026-05-01,RCU,SHEFFIELD CHILDREN'S NHS FOUNDATION TRUST,11305,2926.0,155.0,5.0,0.0,25.882352941176475,1.3710747456877488,0.044228217602830605,0.0
2026-06-01,RCU,SHEFFIELD CHILDREN'S NHS FOUNDATION TRUST,11355,2914.0,143.0,4.0,0.0,25.66270365477763,1.2593571114046676,0.03522677234698371,0.0
2025-04-01,RCX,"THE QUEEN ELIZABETH HOSPITAL, KING'S LYNN, NHS FOUNDATION TRUST",26884,11192.0,593.0,0.0,0.0,41.6307097158161,2.2057729504538015,0.0,0.0
2025-05-01,RCX,"THE QUEEN ELIZABETH HOSPITAL, KING'S LYNN, NHS FOUNDATION TRUST",27301,11280.0,697.0,0.0,0.0,41.31716786930882,2.5530200358961213,0.0,0.0
2025-06-01,RCX,"THE QUEEN ELIZABETH HOSPITAL, KING'S LYNN, NHS FOUNDATION TRUST",27265,11646.0,593.0,2.0,0.0,42.714102328993214,2.1749495690445624,0.007335411699981662,0.0
2025-07-01,RCX,"THE QUEEN ELIZABETH HOSPITAL, KING'S LYNN, NHS FOUNDATION TRUST",28041,12282.0,545.0,3.0,0.0,43.8001497806783,1.9435826111764916,0.010698619878035734,0.0
2025-08-01,RCX,"THE QUEEN ELIZABETH HOSPITAL, KING'S LYNN, NHS FOUNDATION TRUST",28493,11949.0,560.0,4.0,0.0,41.936616010950054,1.9653950093005301,0.01403853578071807,0.0
2025-09-01,RCX,"THE QUEEN ELIZABETH HOSPITAL, KING'S LYNN, NHS FOUNDATION TRUST",28052,12606.0,559.0,4.0,0.0,44.93797233708827,1.9927277912448311,0.014259232853272493,0.0
2025-10-01,RCX,"THE QUEEN ELIZABETH HOSPITAL, KING'S LYNN, NHS FOUNDATION TRUST",27123,12114.0,421.0,2.0,0.0,44.663200973343656,1.5521881797736239,0.007373815580872323,0.0
2025-11-01,RCX,"THE QUEEN ELIZABETH HOSPITAL, KING'S LYNN, NHS FOUNDATION TRUST",26307,11679.0,363.0,3.0,0.0,44.39502793933174,1.3798608735317595,0.011403808872163301,0.0
2025-12-01,RCX,"THE QUEEN ELIZABETH HOSPITAL, KING'S LYNN, NHS FOUNDATION TRUST",26281,12067.0,362.0,2.0,0.0,45.915300026635215,1.3774209504965564,0.007610060499980975,0.0
2026-01-01,RCX,"THE QUEEN ELIZABETH HOSPITAL, KING'S LYNN, NHS FOUNDATION TRUST",26144,12052.0,400.0,2.0,0.0,46.098531211750306,1.5299877600979193,0.007649938800489595,0.0
2026-02-01,RCX,"THE QUEEN ELIZABETH HOSPITAL, KING'S LYNN, NHS FOUNDATION TRUST",25345,11641.0,346.0,1.0,0.0,45.93016374038272,1.3651607812191755,0.0039455513908068654,0.0
2026-03-01,RCX,"THE QUEEN ELIZABETH HOSPITAL, KING'S LYNN, NHS FOUNDATION TRUST",25029,10396.0,326.0,1.0,0.0,41.535818450597304,1.30248911262935,0.00399536537616365,0.0
2026-04-01,RCX,"THE QUEEN ELIZABETH HOSPITAL, KING'S LYNN, NHS FOUNDATION TRUST",25153,10321.0,349.0,4.0,0.0,41.03287878185505,1.3875084482964257,0.015902675625173935,0.0
2026-05-01,RCX,"THE QUEEN ELIZABETH HOSPITAL, KING'S LYNN, NHS FOUNDATION TRUST",25600,9858.0,432.0,1.0,0.0,38.5078125,1.6875,0.00390625,0.0
2026-06-01,RCX,"THE QUEEN ELIZABETH HOSPITAL, KING'S LYNN, NHS FOUNDATION TRUST",25086,9326.0,373.0,2.0,0.0,37.176114167264615,1.4868851152036993,0.007972574344255759,0.0
2025-04-01,RD1,ROYAL UNITED HOSPITALS BATH NHS FOUNDATION TRUST,41371,16294.0,641.0,20.0,0.0,39.38507650286432,1.5493945033960987,0.04834304222764738,0.0
2025-05-01,RD1,ROYAL UNITED HOSPITALS BATH NHS FOUNDATION TRUST,41901,16523.0,872.0,23.0,0.0,39.43342640987089,2.081095916565237,0.0548912913772941,0.0
2025-06-01,RD1,ROYAL UNITED HOSPITALS BATH NHS FOUNDATION TRUST,41877,17008.0,1017.0,18.0,0.0,40.614179621271816,2.4285407264130665,0.04298302170642596,0.0
2025-07-01,RD1,ROYAL UNITED HOSPITALS BATH NHS FOUNDATION TRUST,41043,17372.0,939.0,13.0,0.0,42.326340667105235,2.287844455814634,0.0316740978973272,0.0
2025-08-01,RD1,ROYAL UNITED HOSPITALS BATH NHS FOUNDATION TRUST,39349,16443.0,761.0,56.0,0.0,41.787593077333604,1.9339754504561744,0.14231619609138732,0.0
2025-09-01,RD1,ROYAL UNITED HOSPITALS BATH NHS FOUNDATION TRUST,38544,15393.0,565.0,44.0,0.0,39.93617683686177,1.465857202158572,0.1141552511415525,0.0
2025-10-01,RD1,ROYAL UNITED HOSPITALS BATH NHS FOUNDATION TRUST,38875,15263.0,644.0,83.0,7.0,39.26173633440514,1.6565916398713827,0.21350482315112537,0.018006430868167205
2025-11-01,RD1,ROYAL UNITED HOSPITALS BATH NHS FOUNDATION TRUST,38611,14287.0,545.0,33.0,1.0,37.00240864002487,1.4115148532801534,0.08546787184999093,0.0025899355106057858
2025-12-01,RD1,ROYAL UNITED HOSPITALS BATH NHS FOUNDATION TRUST,40135,14993.0,465.0,0.0,0.0,37.3564220754952,1.15858975956148,0.0,0.0
2026-01-01,RD1,ROYAL UNITED HOSPITALS BATH NHS FOUNDATION TRUST,40157,14833.0,402.0,0.0,0.0,36.93752023308514,1.0010707971212989,0.0,0.0
2026-02-01,RD1,ROYAL UNITED HOSPITALS BATH NHS FOUNDATION TRUST,40323,13621.0,326.0,0.0,0.0,33.779728690821614,0.8084715918954443,0.0,0.0
2026-03-01,RD1,ROYAL UNITED HOSPITALS BATH NHS FOUNDATION TRUST,39105,12073.0,215.0,0.0,0.0,30.87328986063163,0.5498018156246004,0.0,0.0
2026-04-01,RD1,ROYAL UNITED HOSPITALS BATH NHS FOUNDATION TRUST,39237,11665.0,183.0,0.0,0.0,29.729591966766062,0.4663965134949155,0.0,0.0
2026-05-01,RD1,ROYAL UNITED HOSPITALS BATH NHS FOUNDATION TRUST,40061,11588.0,155.0,0.0,0.0,28.925888020768326,0.3869099623074811,0.0,0.0
2026-06-01,RD1,ROYAL UNITED HOSPITALS BATH NHS FOUNDATION TRUST,39606,11737.0,133.0,0.0,0.0,29.634398828460334,0.335807705903146,0.0,0.0
2025-04-01,RD8,MILTON KEYNES UNIVERSITY HOSPITAL NHS FOUNDATION TRUST,31773,16890.0,1556.0,68.0,0.0,53.158341988480785,4.897239794794323,0.2140181915462814,0.0
2025-05-01,RD8,MILTON KEYNES UNIVERSITY HOSPITAL NHS FOUNDATION TRUST,32111,16344.0,1625.0,126.0,1.0,50.89844601538414,5.060571143844789,0.39238890099965745,0.003114197626981408
2025-06-01,RD8,MILTON KEYNES UNIVERSITY HOSPITAL NHS FOUNDATION TRUST,33515,16511.0,1678.0,164.0,0.0,49.264508429061614,5.0067134119051175,0.48933313441742504,0.0
2025-07-01,RD8,MILTON KEYNES UNIVERSITY HOSPITAL NHS FOUNDATION TRUST,34707,17351.0,1955.0,163.0,4.0,49.99279684213559,5.632869449966865,0.46964589275938573,0.01152505258305241
2025-08-01,RD8,MILTON KEYNES UNIVERSITY HOSPITAL NHS FOUNDATION TRUST,37620,18598.0,2146.0,150.0,3.0,49.43646996278575,5.70441254651781,0.3987240829346092,0.007974481658692184
2025-09-01,RD8,MILTON KEYNES UNIVERSITY HOSPITAL NHS FOUNDATION TRUST,35582,17751.0,2019.0,138.0,0.0,49.887583609690296,5.674217300882469,0.3878365465684897,0.0
2025-10-01,RD8,MILTON KEYNES UNIVERSITY HOSPITAL NHS FOUNDATION TRUST,35161,16903.0,1750.0,145.0,0.0,48.07314922783766,4.977105315548477,0.41238872614544525,0.0
2025-11-01,RD8,MILTON KEYNES UNIVERSITY HOSPITAL NHS FOUNDATION TRUST,35016,16090.0,1467.0,108.0,0.0,45.95042266392506,4.189513365318712,0.3084304318026045,0.0
2025-12-01,RD8,MILTON KEYNES UNIVERSITY HOSPITAL NHS FOUNDATION TRUST,35023,15865.0,1397.0,65.0,0.0,45.2988036433201,3.988807355166605,0.18559232504354284,0.0
2026-01-01,RD8,MILTON KEYNES UNIVERSITY HOSPITAL NHS FOUNDATION TRUST,34755,15191.0,1374.0,38.0,1.0,43.70881887498202,3.9533880017263705,0.1093367860739462,0.0028772838440512156
2026-02-01,RD8,MILTON KEYNES UNIVERSITY HOSPITAL NHS FOUNDATION TRUST,35115,14800.0,1280.0,21.0,0.0,42.147230528264274,3.6451658835255594,0.059803502776591196,0.0
2026-03-01,RD8,MILTON KEYNES UNIVERSITY HOSPITAL NHS FOUNDATION TRUST,33448,12524.0,878.0,16.0,1.0,37.44319540779718,2.624970102846209,0.04783544606553456,0.00298971537909591
2026-04-01,RD8,MILTON KEYNES UNIVERSITY HOSPITAL NHS FOUNDATION TRUST,35617,13775.0,952.0,26.0,2.0,38.67535165791616,2.67288092764691,0.07299884886430637,0.005615296066485105
2026-05-01,RD8,MILTON KEYNES UNIVERSITY HOSPITAL NHS FOUNDATION TRUST,36450,14479.0,1105.0,47.0,4.0,39.72290809327846,3.0315500685871055,0.1289437585733882,0.010973936899862825
2026-06-01,RD8,MILTON KEYNES UNIVERSITY HOSPITAL NHS FOUNDATION TRUST,36206,14113.0,977.0,36.0,1.0,38.97972711705242,2.698447771087665,0.09943103353035408,0.0027619731536209467
2025-04-01,RDE,EAST SUFFOLK AND NORTH ESSEX NHS FOUNDATION TRUST,91895,41208.0,3233.0,23.0,0.0,44.84248326894826,3.5181457097774635,0.025028565210294357,0.0
2025-05-01,RDE,EAST SUFFOLK AND NORTH ESSEX NHS FOUNDATION TRUST,91064,39616.0,3252.0,16.0,0.0,43.5034700869718,3.5711148203461303,0.017570060616709127,0.0
2025-06-01,RDE,EAST SUFFOLK AND NORTH ESSEX NHS FOUNDATION TRUST,92050,40037.0,3167.0,7.0,0.0,43.494839760999454,3.4405214557305808,0.0076045627376425855,0.0
2025-07-01,RDE,EAST SUFFOLK AND NORTH ESSEX NHS FOUNDATION TRUST,92240,39684.0,2922.0,14.0,0.0,43.022549869904594,3.1678230702515178,0.015177797051170859,0.0
2025-08-01,RDE,EAST SUFFOLK AND NORTH ESSEX NHS FOUNDATION TRUST,93276,40510.0,2976.0,8.0,0.0,43.43025001072087,3.1905313263862087,0.008576697113941422,0.0
2025-09-01,RDE,EAST SUFFOLK AND NORTH ESSEX NHS FOUNDATION TRUST,93050,40516.0,3008.0,9.0,0.0,43.542181622783446,3.23267060720043,0.009672219236969372,0.0
2025-10-01,RDE,EAST SUFFOLK AND NORTH ESSEX NHS FOUNDATION TRUST,97652,42981.0,3253.0,5.0,0.0,44.01445950927784,3.3312169745627327,0.005120222832097653,0.0
2025-11-01,RDE,EAST SUFFOLK AND NORTH ESSEX NHS FOUNDATION TRUST,93463,42672.0,3005.0,0.0,0.0,45.656569979564104,3.2151760589752096,0.0,0.0
2025-12-01,RDE,EAST SUFFOLK AND NORTH ESSEX NHS FOUNDATION TRUST,92748,42654.0,2338.0,36.0,0.0,45.98913184111787,2.5208090740501143,0.03881485315047224,0.0
2026-01-01,RDE,EAST SUFFOLK AND NORTH ESSEX NHS FOUNDATION TRUST,90802,41714.0,2016.0,61.0,7.0,45.93951675073236,2.220215413757406,0.06717913702341358,0.007709081297768772
2026-02-01,RDE,EAST SUFFOLK AND NORTH ESSEX NHS FOUNDATION TRUST,89272,38252.0,1293.0,27.0,6.0,42.84882157899453,1.4483824715476297,0.030244645577560715,0.006721032350569047
2026-03-01,RDE,EAST SUFFOLK AND NORTH ESSEX NHS FOUNDATION TRUST,88592,35313.0,276.0,1.0,0.0,39.86025826259708,0.3115405454217085,0.0011287700921076395,0.0
2026-04-01,RDE,EAST SUFFOLK AND NORTH ESSEX NHS FOUNDATION TRUST,91426,35181.0,162.0,1.0,0.0,38.48030100846586,0.1771924835385995,0.0010937807625839477,0.0
2026-05-01,RDE,EAST SUFFOLK AND NORTH ESSEX NHS FOUNDATION TRUST,90293,34756.0,122.0,1.0,0.0,38.49246342462871,0.13511567895628676,0.0011075055652154653,0.0
2026-06-01,RDE,EAST SUFFOLK AND NORTH ESSEX NHS FOUNDATION TRUST,89788,34583.0,63.0,0.0,0.0,38.51628279948323,0.07016527821089677,0.0,0.0
2025-04-01,RDR,SUSSEX COMMUNITY NHS FOUNDATION TRUST,11730,3193.0,4.0,0.0,0.0,27.22080136402387,0.03410059676044331,0.0,0.0
2025-05-01,RDR,SUSSEX COMMUNITY NHS FOUNDATION TRUST,12005,3070.0,6.0,2.0,0.0,25.572678050812165,0.04997917534360683,0.01665972511453561,0.0
2025-06-01,RDR,SUSSEX COMMUNITY NHS FOUNDATION TRUST,13327,3328.0,13.0,1.0,0.0,24.971861634276284,0.09754633450889173,0.007503564192991671,0.0
2025-07-01,RDR,SUSSEX COMMUNITY NHS FOUNDATION TRUST,13961,3747.0,124.0,85.0,0.0,26.83905164386505,0.8881885251772796,0.6088389083876513,0.0
2025-08-01,RDR,SUSSEX COMMUNITY NHS FOUNDATION TRUST,14087,3821.0,5.0,0.0,0.0,27.124298999077162,0.03549371761198268,0.0,0.0
2025-09-01,RDR,SUSSEX COMMUNITY NHS FOUNDATION TRUST,14237,3746.0,5.0,0.0,0.0,26.31172297534593,0.03511975837606238,0.0,0.0
2025-10-01,RDR,SUSSEX COMMUNITY NHS FOUNDATION TRUST,14148,3884.0,5.0,0.0,0.0,27.452643483177834,0.03534068419564603,0.0,0.0
2025-11-01,RDR,SUSSEX COMMUNITY NHS FOUNDATION TRUST,13799,3927.0,7.0,0.0,0.0,28.458583955359085,0.05072831364591637,0.0,0.0
2025-12-01,RDR,SUSSEX COMMUNITY NHS FOUNDATION TRUST,13993,4442.0,63.0,0.0,0.0,31.744443650396626,0.4502251125562781,0.0,0.0
2026-01-01,RDR,SUSSEX COMMUNITY NHS FOUNDATION TRUST,14410,5306.0,176.0,8.0,4.0,36.821651630811935,1.2213740458015268,0.05551700208188758,0.02775850104094379
2026-02-01,RDR,SUSSEX COMMUNITY NHS FOUNDATION TRUST,13002,5935.0,288.0,16.0,3.0,45.646823565605295,2.2150438394093217,0.12305799107829565,0.023073373327180433
2026-03-01,RDR,SUSSEX COMMUNITY NHS FOUNDATION TRUST,13174,5859.0,119.0,29.0,3.0,44.47396386822529,0.9032943676939427,0.22013056019432214,0.022772126916654013
2026-04-01,RDR,SUSSEX COMMUNITY NHS FOUNDATION TRUST,12734,6055.0,116.0,21.0,2.0,47.54986649913617,0.9109470708339877,0.16491283178891158,0.01570598397989634
2026-05-01,RDR,SUSSEX COMMUNITY NHS FOUNDATION TRUST,12717,5952.0,202.0,12.0,1.0,46.80349138947865,1.5884249429896988,0.09436187780136825,0.007863489816780688
2026-06-01,RDR,SUSSEX COMMUNITY NHS FOUNDATION TRUST,13214,5712.0,301.0,14.0,2.0,43.226880581201755,2.2778870894505827,0.10594823671863177,0.015135462388375966
2025-04-01,RDU,FRIMLEY HEALTH NHS FOUNDATION TRUST,72206,33312.0,3110.0,83.0,0.0,46.13467024900978,4.307121291859403,0.11494889621361105,0.0
2025-05-01,RDU,FRIMLEY HEALTH NHS FOUNDATION TRUST,74488,33067.0,2984.0,101.0,0.0,44.392385350660504,4.006014391579852,0.13559231017076576,0.0
2025-06-01,RDU,FRIMLEY HEALTH NHS FOUNDATION TRUST,74184,32940.0,2657.0,38.0,0.0,44.40310579100615,3.5816348538768463,0.05122398360832525,0.0
2025-07-01,RDU,FRIMLEY HEALTH NHS FOUNDATION TRUST,71588,32073.0,2026.0,25.0,0.0,44.80220148628262,2.8300832541766776,0.03492205397552662,0.0
2025-08-01,RDU,FRIMLEY HEALTH NHS FOUNDATION TRUST,71038,31729.0,1713.0,35.0,0.0,44.66482727554267,2.4113854556716126,0.049269405107125755,0.0
2025-09-01,RDU,FRIMLEY HEALTH NHS FOUNDATION TRUST,70234,30566.0,1702.0,28.0,0.0,43.5202323660905,2.423327733006806,0.03986673121280292,0.0
2025-10-01,RDU,FRIMLEY HEALTH NHS FOUNDATION TRUST,68992,29713.0,1718.0,43.0,0.0,43.06731215213358,2.4901437847866417,0.062326066790352505,0.0
2025-11-01,RDU,FRIMLEY HEALTH NHS FOUNDATION TRUST,68207,29600.0,1610.0,24.0,0.0,43.397305261923265,2.3604615362059613,0.03518700426642427,0.0
2025-12-01,RDU,FRIMLEY HEALTH NHS FOUNDATION TRUST,67355,29822.0,1506.0,5.0,0.0,44.27585182985673,2.2359141860292477,0.007423353871279043,0.0
2026-01-01,RDU,FRIMLEY HEALTH NHS FOUNDATION TRUST,66825,29206.0,1378.0,22.0,0.0,43.7052001496446,2.062102506546951,0.03292181069958848,0.0
2026-02-01,RDU,FRIMLEY HEALTH NHS FOUNDATION TRUST,66142,28009.0,1039.0,2.0,0.0,42.34676907260137,1.570862689365305,0.0030237972846300382,0.0
2026-03-01,RDU,FRIMLEY HEALTH NHS FOUNDATION TRUST,66833,25956.0,604.0,7.0,0.0,38.83710143192734,0.9037451558361886,0.01047386770008828,0.0
2026-04-01,RDU,FRIMLEY HEALTH NHS FOUNDATION TRUST,66122,25939.0,662.0,7.0,0.0,39.229000937660686,1.0011796376395148,0.010586491636671608,0.0
2026-05-01,RDU,FRIMLEY HEALTH NHS FOUNDATION TRUST,66704,25286.0,801.0,11.0,0.0,37.90777164787718,1.2008275365795156,0.016490765171503958,0.0
2026-06-01,RDU,FRIMLEY HEALTH NHS FOUNDATION TRUST,66289,25202.0,873.0,7.0,0.0,38.018374089215406,1.3169605816953038,0.01055982138816395,0.0
2025-04-01,REF,ROYAL CORNWALL HOSPITALS NHS TRUST,40680,12124.0,347.0,9.0,0.0,29.803343166175022,0.8529990167158309,0.022123893805309734,0.0
2025-05-01,REF,ROYAL CORNWALL HOSPITALS NHS TRUST,41455,11827.0,381.0,9.0,0.0,28.529731033650947,0.9190688698588831,0.021710288264383065,0.0
2025-06-01,REF,ROYAL CORNWALL HOSPITALS NHS TRUST,40624,11470.0,409.0,8.0,0.0,28.234541157936192,1.0067940133910989,0.019692792437967704,0.0
2025-07-01,REF,ROYAL CORNWALL HOSPITALS NHS TRUST,40869,11416.0,460.0,16.0,1.0,27.93315226699944,1.1255474809758006,0.03914947759915829,0.002446842349947393
2025-08-01,REF,ROYAL CORNWALL HOSPITALS NHS TRUST,41254,11930.0,433.0,21.0,0.0,28.918407911960053,1.0495951907693801,0.050904154748630435,0.0
2025-09-01,REF,ROYAL CORNWALL HOSPITALS NHS TRUST,40495,11562.0,334.0,21.0,0.0,28.551673046055072,0.8247931843437463,0.05185825410544512,0.0
2025-10-01,REF,ROYAL CORNWALL HOSPITALS NHS TRUST,40754,11241.0,312.0,17.0,0.0,27.582568582225058,0.7655690238994945,0.04171369681503656,0.0
2025-11-01,REF,ROYAL CORNWALL HOSPITALS NHS TRUST,40995,11101.0,298.0,8.0,0.0,27.07891206244664,0.7269179168191243,0.019514574948164408,0.0
2025-12-01,REF,ROYAL CORNWALL HOSPITALS NHS TRUST,41199,11062.0,255.0,4.0,0.0,26.85016626617151,0.618947061821889,0.009708973518774727,0.0
2026-01-01,REF,ROYAL CORNWALL HOSPITALS NHS TRUST,40924,11093.0,248.0,10.0,1.0,27.10634346593686,0.6060013683901867,0.0244355390479914,0.00244355390479914
2026-02-01,REF,ROYAL CORNWALL HOSPITALS NHS TRUST,40844,11343.0,275.0,18.0,0.0,27.771520908823817,0.6732935070022525,0.044070120458329254,0.0
2026-03-01,REF,ROYAL CORNWALL HOSPITALS NHS TRUST,41862,11032.0,250.0,9.0,0.0,26.353255936171227,0.5972003248769767,0.02149921169557116,0.0
2026-04-01,REF,ROYAL CORNWALL HOSPITALS NHS TRUST,42102,11134.0,297.0,24.0,0.0,26.44529951071208,0.705429670799487,0.05700441784238278,0.0
2026-05-01,REF,ROYAL CORNWALL HOSPITALS NHS TRUST,42577,11088.0,406.0,37.0,0.0,26.042229372665993,0.9535664795546892,0.0869013786786293,0.0
2026-06-01,REF,ROYAL CORNWALL HOSPITALS NHS TRUST,43280,11122.0,463.0,39.0,1.0,25.697781885397415,1.069778188539741,0.09011090573012939,0.002310536044362292
2025-04-01,REM,LIVERPOOL UNIVERSITY HOSPITALS NHS FOUNDATION TRUST,71230,32962.0,3019.0,278.0,0.0,46.275445739154854,4.238382703916889,0.3902849922785343,0.0
2025-05-01,REM,LIVERPOOL UNIVERSITY HOSPITALS NHS FOUNDATION TRUST,69665,31826.0,3114.0,584.0,0.0,45.68434651546688,4.469963396253499,0.8382975669274385,0.0
2025-06-01,REM,LIVERPOOL UNIVERSITY HOSPITALS NHS FOUNDATION TRUST,69099,30557.0,2856.0,324.0,0.0,44.22205820634162,4.133200191030261,0.46889245864629014,0.0
2025-07-01,REM,LIVERPOOL UNIVERSITY HOSPITALS NHS FOUNDATION TRUST,66837,29453.0,2525.0,268.0,0.0,44.06690904738394,3.7778475993835747,0.4009755075781379,0.0
2025-08-01,REM,LIVERPOOL UNIVERSITY HOSPITALS NHS FOUNDATION TRUST,67595,29700.0,2349.0,137.0,0.0,43.93816110659073,3.4751091057030843,0.2026777128485835,0.0
2025-09-01,REM,LIVERPOOL UNIVERSITY HOSPITALS NHS FOUNDATION TRUST,66585,29306.0,2113.0,95.0,0.0,44.012915821881805,3.173387399564467,0.14267477660133665,0.0
2025-10-01,REM,LIVERPOOL UNIVERSITY HOSPITALS NHS FOUNDATION TRUST,66330,28972.0,1675.0,42.0,0.0,43.67857681290517,2.525252525252525,0.06331976481230213,0.0
2025-11-01,REM,LIVERPOOL UNIVERSITY HOSPITALS NHS FOUNDATION TRUST,64629,28107.0,1517.0,10.0,0.0,43.489764656733044,2.347243497501122,0.015472930108774699,0.0
2025-12-01,REM,LIVERPOOL UNIVERSITY HOSPITALS NHS FOUNDATION TRUST,63991,28625.0,1059.0,0.0,0.0,44.732853057461206,1.6549202231563813,0.0,0.0
2026-01-01,REM,LIVERPOOL UNIVERSITY HOSPITALS NHS FOUNDATION TRUST,64081,28506.0,981.0,0.0,0.0,44.484324526770806,1.5308749863454065,0.0,0.0
2026-02-01,REM,LIVERPOOL UNIVERSITY HOSPITALS NHS FOUNDATION TRUST,62820,26628.0,876.0,0.0,0.0,42.38777459407832,1.3944603629417383,0.0,0.0
2026-03-01,REM,LIVERPOOL UNIVERSITY HOSPITALS NHS FOUNDATION TRUST,60650,22935.0,560.0,0.0,0.0,37.81533388293487,0.9233305853256389,0.0,0.0
2026-04-01,REM,LIVERPOOL UNIVERSITY HOSPITALS NHS FOUNDATION TRUST,59708,23461.0,664.0,0.0,0.0,39.292892074763856,1.112078783412608,0.0,0.0
2026-05-01,REM,LIVERPOOL UNIVERSITY HOSPITALS NHS FOUNDATION TRUST,61413,24211.0,707.0,0.0,0.0,39.42324914920294,1.151222053962516,0.0,0.0
2026-06-01,REM,LIVERPOOL UNIVERSITY HOSPITALS NHS FOUNDATION TRUST,62986,24290.0,773.0,0.0,0.0,38.56412536119137,1.2272568507287334,0.0,0.0
2025-04-01,REN,THE CLATTERBRIDGE CANCER CENTRE NHS FOUNDATION TRUST,1015,20.0,0.0,0.0,0.0,1.9704433497536946,0.0,0.0,0.0
2025-05-01,REN,THE CLATTERBRIDGE CANCER CENTRE NHS FOUNDATION TRUST,1096,29.0,0.0,0.0,0.0,2.645985401459854,0.0,0.0,0.0
2025-06-01,REN,THE CLATTERBRIDGE CANCER CENTRE NHS FOUNDATION TRUST,1113,45.0,0.0,0.0,0.0,4.0431266846361185,0.0,0.0,0.0
2025-07-01,REN,THE CLATTERBRIDGE CANCER CENTRE NHS FOUNDATION TRUST,1156,39.0,0.0,0.0,0.0,3.373702422145329,0.0,0.0,0.0
2025-08-01,REN,THE CLATTERBRIDGE CANCER CENTRE NHS FOUNDATION TRUST,1123,44.0,0.0,0.0,0.0,3.9180765805877114,0.0,0.0,0.0
2025-09-01,REN,THE CLATTERBRIDGE CANCER CENTRE NHS FOUNDATION TRUST,941,41.0,0.0,0.0,0.0,4.357066950053135,0.0,0.0,0.0
2025-10-01,REN,THE CLATTERBRIDGE CANCER CENTRE NHS FOUNDATION TRUST,991,31.0,0.0,0.0,0.0,3.128153380423814,0.0,0.0,0.0
2025-11-01,REN,THE CLATTERBRIDGE CANCER CENTRE NHS FOUNDATION TRUST,936,31.0,0.0,0.0,0.0,3.311965811965812,0.0,0.0,0.0
2025-12-01,REN,THE CLATTERBRIDGE CANCER CENTRE NHS FOUNDATION TRUST,863,44.0,0.0,0.0,0.0,5.098493626882966,0.0,0.0,0.0
2026-01-01,REN,THE CLATTERBRIDGE CANCER CENTRE NHS FOUNDATION TRUST,969,40.0,0.0,0.0,0.0,4.12796697626419,0.0,0.0,0.0
2026-02-01,REN,THE CLATTERBRIDGE CANCER CENTRE NHS FOUNDATION TRUST,769,34.0,0.0,0.0,0.0,4.421326397919375,0.0,0.0,0.0
2026-03-01,REN,THE CLATTERBRIDGE CANCER CENTRE NHS FOUNDATION TRUST,727,26.0,0.0,0.0,0.0,3.576341127922971,0.0,0.0,0.0
2026-04-01,REN,THE CLATTERBRIDGE CANCER CENTRE NHS FOUNDATION TRUST,843,34.0,0.0,0.0,0.0,4.033214709371293,0.0,0.0,0.0
2026-05-01,REN,THE CLATTERBRIDGE CANCER CENTRE NHS FOUNDATION TRUST,629,12.0,0.0,0.0,0.0,1.9077901430842605,0.0,0.0,0.0
2026-06-01,REN,THE CLATTERBRIDGE CANCER CENTRE NHS FOUNDATION TRUST,713,17.0,0.0,0.0,0.0,2.3842917251051894,0.0,0.0,0.0
2025-04-01,REP,LIVERPOOL WOMEN'S NHS FOUNDATION TRUST,16877,8397.0,418.0,0.0,0.0,49.754103217396455,2.476743497067014,0.0,0.0
2025-05-01,REP,LIVERPOOL WOMEN'S NHS FOUNDATION TRUST,16371,8023.0,452.0,0.0,0.0,49.00739111844115,2.760979781320628,0.0,0.0
2025-06-01,REP,LIVERPOOL WOMEN'S NHS FOUNDATION TRUST,16537,8442.0,594.0,1.0,0.0,51.04916248412651,3.591945334703997,0.006047046018020197,0.0
2025-07-01,REP,LIVERPOOL WOMEN'S NHS FOUNDATION TRUST,16654,8932.0,995.0,10.0,0.0,53.6327608982827,5.974540650894681,0.06004563468235859,0.0
2025-08-01,REP,LIVERPOOL WOMEN'S NHS FOUNDATION TRUST,16831,9093.0,1407.0,1.0,0.0,54.025310439070765,8.359574594498246,0.005941417622244667,0.0
2025-09-01,REP,LIVERPOOL WOMEN'S NHS FOUNDATION TRUST,17314,9202.0,1672.0,0.0,0.0,53.14774171190943,9.6569250317662,0.0,0.0
2025-10-01,REP,LIVERPOOL WOMEN'S NHS FOUNDATION TRUST,15629,8111.0,1517.0,7.0,0.0,51.89711433872929,9.706315183313071,0.044788534135261376,0.0
2025-11-01,REP,LIVERPOOL WOMEN'S NHS FOUNDATION TRUST,14480,7387.0,1300.0,5.0,0.0,51.01519337016575,8.977900552486188,0.03453038674033149,0.0
2025-12-01,REP,LIVERPOOL WOMEN'S NHS FOUNDATION TRUST,14378,7200.0,1055.0,15.0,0.0,50.0765057727083,7.337599109751008,0.1043260536931423,0.0
2026-01-01,REP,LIVERPOOL WOMEN'S NHS FOUNDATION TRUST,13696,6971.0,908.0,9.0,0.0,50.898072429906534,6.629672897196262,0.0657126168224299,0.0
2026-02-01,REP,LIVERPOOL WOMEN'S NHS FOUNDATION TRUST,13372,6557.0,518.0,9.0,0.0,49.03529763685312,3.8737660783727192,0.06730481603350284,0.0
2026-03-01,REP,LIVERPOOL WOMEN'S NHS FOUNDATION TRUST,11860,4733.0,279.0,1.0,0.0,39.90725126475548,2.3524451939291735,0.008431703204047217,0.0
2026-04-01,REP,LIVERPOOL WOMEN'S NHS FOUNDATION TRUST,11826,4615.0,292.0,3.0,0.0,39.02418400135295,2.4691358024691357,0.025367833587011668,0.0
2026-05-01,REP,LIVERPOOL WOMEN'S NHS FOUNDATION TRUST,11610,4297.0,256.0,8.0,0.0,37.01119724375538,2.204995693367786,0.06890611541774332,0.0
2026-06-01,REP,LIVERPOOL WOMEN'S NHS FOUNDATION TRUST,11700,4232.0,171.0,7.0,0.0,36.17094017094017,1.4615384615384615,0.05982905982905983,0.0
2025-04-01,RET,THE WALTON CENTRE NHS FOUNDATION TRUST,17829,7059.0,263.0,1.0,0.0,39.592798250042065,1.475124796679567,0.005608839531101016,0.0
2025-05-01,RET,THE WALTON CENTRE NHS FOUNDATION TRUST,17880,6724.0,269.0,6.0,0.0,37.60626398210291,1.5044742729306488,0.03355704697986577,0.0
2025-06-01,RET,THE WALTON CENTRE NHS FOUNDATION TRUST,17769,6720.0,247.0,8.0,0.0,37.818672969778824,1.3900613427880015,0.045022229725927176,0.0
2025-07-01,RET,THE WALTON CENTRE NHS FOUNDATION TRUST,17827,6899.0,268.0,6.0,0.0,38.69972513602961,1.5033376339260673,0.03365681269983733,0.0
2025-08-01,RET,THE WALTON CENTRE NHS FOUNDATION TRUST,18469,7157.0,301.0,7.0,0.0,38.751421300557695,1.629757972819319,0.03790134820510044,0.0
2025-09-01,RET,THE WALTON CENTRE NHS FOUNDATION TRUST,18189,6997.0,319.0,11.0,0.0,38.46830501951729,1.7538072461377756,0.060476111935785365,0.0
2025-10-01,RET,THE WALTON CENTRE NHS FOUNDATION TRUST,17962,7055.0,315.0,4.0,0.0,39.27736332256987,1.7537022603273575,0.02226923505177597,0.0
2025-11-01,RET,THE WALTON CENTRE NHS FOUNDATION TRUST,17460,6709.0,249.0,8.0,0.0,38.424971363115695,1.4261168384879725,0.045819014891179836,0.0
2025-12-01,RET,THE WALTON CENTRE NHS FOUNDATION TRUST,17331,6532.0,252.0,8.0,1.0,37.68968899659569,1.4540418902544574,0.046160060008078006,0.005770007501009751
2026-01-01,RET,THE WALTON CENTRE NHS FOUNDATION TRUST,16427,6229.0,221.0,8.0,0.0,37.91927923540512,1.3453460765812382,0.04870031046447921,0.0
2026-02-01,RET,THE WALTON CENTRE NHS FOUNDATION TRUST,16133,6012.0,190.0,2.0,0.0,37.265232752742826,1.1777102832703157,0.012396950350213848,0.0
2026-03-01,RET,THE WALTON CENTRE NHS FOUNDATION TRUST,15460,5543.0,160.0,4.0,0.0,35.85381630012937,1.034928848641656,0.0258732212160414,0.0
2026-04-01,RET,THE WALTON CENTRE NHS FOUNDATION TRUST,15427,5390.0,197.0,6.0,0.0,34.938743760938614,1.276981914824658,0.038892850197705324,0.0
2026-05-01,RET,THE WALTON CENTRE NHS FOUNDATION TRUST,15364,5280.0,253.0,7.0,0.0,34.36605050768029,1.6467065868263475,0.04556105180942463,0.0
2026-06-01,RET,THE WALTON CENTRE NHS FOUNDATION TRUST,14881,5007.0,262.0,12.0,1.0,33.64693232981654,1.7606343659700288,0.08063974195282575,0.0067199784960688125
2025-04-01,RFF,BARNSLEY HOSPITAL NHS FOUNDATION TRUST,24704,7372.0,119.0,0.0,0.0,29.841321243523318,0.48170336787564766,0.0,0.0
2025-05-01,RFF,BARNSLEY HOSPITAL NHS FOUNDATION TRUST,26038,7284.0,89.0,1.0,0.0,27.97449880943237,0.34180812658422305,0.003840540748137338,0.0
2025-06-01,RFF,BARNSLEY HOSPITAL NHS FOUNDATION TRUST,25499,7457.0,122.0,3.0,0.0,29.244284089572144,0.47845013529942354,0.011765167261461235,0.0
2025-07-01,RFF,BARNSLEY HOSPITAL NHS FOUNDATION TRUST,25973,8105.0,166.0,2.0,0.0,31.20548261656336,0.6391252454471952,0.0077003041620144,0.0
2025-08-01,RFF,BARNSLEY HOSPITAL NHS FOUNDATION TRUST,26332,8874.0,199.0,1.0,0.0,33.70044052863436,0.7557344675679781,0.0037976606410451163,0.0
2025-09-01,RFF,BARNSLEY HOSPITAL NHS FOUNDATION TRUST,25053,8601.0,228.0,3.0,0.0,34.33121781822536,0.9100706502215304,0.011974613818704346,0.0
2025-10-01,RFF,BARNSLEY HOSPITAL NHS FOUNDATION TRUST,24972,8623.0,235.0,6.0,0.0,34.53067435527791,0.9410539804581132,0.02402691013935608,0.0
2025-11-01,RFF,BARNSLEY HOSPITAL NHS FOUNDATION TRUST,24240,8284.0,202.0,10.0,0.0,34.17491749174918,0.8333333333333334,0.041254125412541254,0.0
2025-12-01,RFF,BARNSLEY HOSPITAL NHS FOUNDATION TRUST,22960,8018.0,167.0,0.0,0.0,34.92160278745644,0.7273519163763067,0.0,0.0
2026-01-01,RFF,BARNSLEY HOSPITAL NHS FOUNDATION TRUST,22144,7255.0,139.0,0.0,0.0,32.762825144508675,0.6277095375722543,0.0,0.0
2026-02-01,RFF,BARNSLEY HOSPITAL NHS FOUNDATION TRUST,21901,6988.0,128.0,0.0,0.0,31.90721884845441,0.5844481987123876,0.0,0.0
2026-03-01,RFF,BARNSLEY HOSPITAL NHS FOUNDATION TRUST,21494,6231.0,136.0,1.0,0.0,28.989485437796596,0.6327347166651158,0.004652461151949381,0.0
2026-04-01,RFF,BARNSLEY HOSPITAL NHS FOUNDATION TRUST,21859,6128.0,109.0,0.0,0.0,28.03421931469875,0.4986504414657578,0.0,0.0
2026-05-01,RFF,BARNSLEY HOSPITAL NHS FOUNDATION TRUST,22324,6230.0,104.0,0.0,0.0,27.90718509227737,0.4658663321985307,0.0,0.0
2026-06-01,RFF,BARNSLEY HOSPITAL NHS FOUNDATION TRUST,21978,6340.0,99.0,0.0,0.0,28.84702884702885,0.45045045045045046,0.0,0.0
2025-04-01,RFR,THE ROTHERHAM NHS FOUNDATION TRUST,31857,10882.0,770.0,0.0,0.0,34.15889757353172,2.4170511975390023,0.0,0.0
2025-05-01,RFR,THE ROTHERHAM NHS FOUNDATION TRUST,31192,9920.0,703.0,0.0,0.0,31.803026417030004,2.25378302128751,0.0,0.0
2025-06-01,RFR,THE ROTHERHAM NHS FOUNDATION TRUST,30958,9933.0,634.0,0.0,0.0,32.08540603398152,2.0479359131726853,0.0,0.0
2025-07-01,RFR,THE ROTHERHAM NHS FOUNDATION TRUST,31310,10492.0,599.0,0.0,0.0,33.5100606834877,1.9131267965506227,0.0,0.0
2025-08-01,RFR,THE ROTHERHAM NHS FOUNDATION TRUST,31707,11233.0,647.0,0.0,0.0,35.42750812123506,2.040558867127133,0.0,0.0
2025-09-01,RFR,THE ROTHERHAM NHS FOUNDATION TRUST,31184,10895.0,599.0,0.0,0.0,34.93778860954336,1.9208568496664957,0.0,0.0
2025-10-01,RFR,THE ROTHERHAM NHS FOUNDATION TRUST,31165,11011.0,584.0,0.0,0.0,35.33130113909835,1.8738969998395634,0.0,0.0
2025-11-01,RFR,THE ROTHERHAM NHS FOUNDATION TRUST,31128,10932.0,544.0,0.0,0.0,35.1195065535852,1.7476227190953482,0.0,0.0
2025-12-01,RFR,THE ROTHERHAM NHS FOUNDATION TRUST,30285,10537.0,476.0,0.0,0.0,34.792801717021625,1.571735182433548,0.0,0.0
2026-01-01,RFR,THE ROTHERHAM NHS FOUNDATION TRUST,29665,10020.0,496.0,0.0,0.0,33.77717849317378,1.6720040451710771,0.0,0.0
2026-02-01,RFR,THE ROTHERHAM NHS FOUNDATION TRUST,29090,9389.0,444.0,0.0,0.0,32.275696115503614,1.526297696803025,0.0,0.0
2026-03-01,RFR,THE ROTHERHAM NHS FOUNDATION TRUST,28274,8688.0,334.0,0.0,0.0,30.72787720166938,1.181297304944472,0.0,0.0
2026-04-01,RFR,THE ROTHERHAM NHS FOUNDATION TRUST,29423,8965.0,355.0,0.0,0.0,30.46936070421099,1.2065391020630118,0.0,0.0
2026-05-01,RFR,THE ROTHERHAM NHS FOUNDATION TRUST,29741,8888.0,396.0,0.0,0.0,29.884670992905416,1.3314952422581623,0.0,0.0
2026-06-01,RFR,THE ROTHERHAM NHS FOUNDATION TRUST,29599,8708.0,400.0,0.0,0.0,29.41991283489307,1.3513970066556302,0.0,0.0
2025-04-01,RFS,CHESTERFIELD ROYAL HOSPITAL NHS FOUNDATION TRUST,28992,12879.0,852.0,36.0,0.0,44.422599337748345,2.9387417218543046,0.12417218543046359,0.0
2025-05-01,RFS,CHESTERFIELD ROYAL HOSPITAL NHS FOUNDATION TRUST,31248,12943.0,883.0,30.0,0.0,41.42025089605735,2.8257808499743984,0.09600614439324116,0.0
2025-06-01,RFS,CHESTERFIELD ROYAL HOSPITAL NHS FOUNDATION TRUST,31525,12508.0,923.0,17.0,0.0,39.67644726407613,2.9278350515463916,0.05392545598731166,0.0
2025-07-01,RFS,CHESTERFIELD ROYAL HOSPITAL NHS FOUNDATION TRUST,31828,13022.0,1000.0,22.0,0.0,40.91366092748523,3.1418876460977754,0.06912152821415106,0.0
2025-08-01,RFS,CHESTERFIELD ROYAL HOSPITAL NHS FOUNDATION TRUST,32396,13435.0,1068.0,19.0,0.0,41.471169280158044,3.296703296703297,0.05864921595258674,0.0
2025-09-01,RFS,CHESTERFIELD ROYAL HOSPITAL NHS FOUNDATION TRUST,32043,13571.0,1175.0,21.0,0.0,42.35246387666573,3.6669475392441404,0.06553693474393783,0.0
2025-10-01,RFS,CHESTERFIELD ROYAL HOSPITAL NHS FOUNDATION TRUST,31296,13593.0,1335.0,27.0,0.0,43.43366564417178,4.265720858895705,0.08627300613496933,0.0
2025-11-01,RFS,CHESTERFIELD ROYAL HOSPITAL NHS FOUNDATION TRUST,30159,13583.0,1453.0,39.0,0.0,45.03796544978282,4.817798998640539,0.12931463244802546,0.0
2025-12-01,RFS,CHESTERFIELD ROYAL HOSPITAL NHS FOUNDATION TRUST,28841,13350.0,1297.0,16.0,0.0,46.28827017093721,4.497070143198918,0.05547657848202212,0.0
2026-01-01,RFS,CHESTERFIELD ROYAL HOSPITAL NHS FOUNDATION TRUST,28293,13044.0,1277.0,18.0,0.0,46.103276428798644,4.513483900611458,0.06361997667267523,0.0
2026-02-01,RFS,CHESTERFIELD ROYAL HOSPITAL NHS FOUNDATION TRUST,27633,11809.0,1140.0,15.0,0.0,42.73513552636341,4.125502117033982,0.05428292259255238,0.0
2026-03-01,RFS,CHESTERFIELD ROYAL HOSPITAL NHS FOUNDATION TRUST,27038,10316.0,703.0,20.0,0.0,38.15370959390487,2.600044381980916,0.07396996819291368,0.0
2026-04-01,RFS,CHESTERFIELD ROYAL HOSPITAL NHS FOUNDATION TRUST,27428,10556.0,668.0,16.0,0.0,38.48621846288464,2.4354674055709493,0.05833454863642993,0.0
2026-05-01,RFS,CHESTERFIELD ROYAL HOSPITAL NHS FOUNDATION TRUST,27341,10356.0,627.0,9.0,0.0,37.87718079075381,2.2932592077831826,0.032917596283969126,0.0
2026-06-01,RFS,CHESTERFIELD ROYAL HOSPITAL NHS FOUNDATION TRUST,27020,10033.0,568.0,8.0,0.0,37.13175425610659,2.1021465581051073,0.029607698001480384,0.0
2025-04-01,RGM,ROYAL PAPWORTH HOSPITAL NHS FOUNDATION TRUST,7141,2534.0,56.0,13.0,0.0,35.48522615880129,0.7842038930121831,0.18204733230639966,0.0
2025-05-01,RGM,ROYAL PAPWORTH HOSPITAL NHS FOUNDATION TRUST,6796,2349.0,65.0,19.0,0.0,34.56444967628016,0.9564449676280165,0.27957622130665094,0.0
2025-06-01,RGM,ROYAL PAPWORTH HOSPITAL NHS FOUNDATION TRUST,6648,2155.0,58.0,17.0,1.0,32.415764139590856,0.8724428399518652,0.2557160048134778,0.015042117930204574
2025-07-01,RGM,ROYAL PAPWORTH HOSPITAL NHS FOUNDATION TRUST,6369,2065.0,55.0,20.0,2.0,32.422672319045375,0.8635578583765112,0.31402103940964043,0.03140210394096404
2025-08-01,RGM,ROYAL PAPWORTH HOSPITAL NHS FOUNDATION TRUST,6141,1914.0,57.0,22.0,0.0,31.16756228627259,0.9281875915974597,0.35824784237094937,0.0
2025-09-01,RGM,ROYAL PAPWORTH HOSPITAL NHS FOUNDATION TRUST,6080,1698.0,45.0,14.0,0.0,27.92763157894737,0.7401315789473684,0.2302631578947368,0.0
2025-10-01,RGM,ROYAL PAPWORTH HOSPITAL NHS FOUNDATION TRUST,5893,1545.0,33.0,3.0,0.0,26.217546241303243,0.5599864245715255,0.0509078567792296,0.0
2025-11-01,RGM,ROYAL PAPWORTH HOSPITAL NHS FOUNDATION TRUST,5702,1463.0,9.0,0.0,0.0,25.657663977551735,0.1578393546124167,0.0,0.0
2025-12-01,RGM,ROYAL PAPWORTH HOSPITAL NHS FOUNDATION TRUST,5523,1420.0,16.0,1.0,0.0,25.710664493934456,0.2896976281006699,0.01810610175629187,0.0
2026-01-01,RGM,ROYAL PAPWORTH HOSPITAL NHS FOUNDATION TRUST,5335,1306.0,18.0,0.0,0.0,24.479850046860356,0.3373945641986879,0.0,0.0
2026-02-01,RGM,ROYAL PAPWORTH HOSPITAL NHS FOUNDATION TRUST,5471,1329.0,23.0,2.0,0.0,24.29171997806617,0.42039846463169434,0.03655638822884299,0.0
2026-03-01,RGM,ROYAL PAPWORTH HOSPITAL NHS FOUNDATION TRUST,5283,1121.0,24.0,4.0,0.0,21.219004353586975,0.4542873367404884,0.07571455612341473,0.0
2026-04-01,RGM,ROYAL PAPWORTH HOSPITAL NHS FOUNDATION TRUST,5271,1149.0,25.0,4.0,0.0,21.798520204894707,0.474293302978562,0.07588692847656991,0.0
2026-05-01,RGM,ROYAL PAPWORTH HOSPITAL NHS FOUNDATION TRUST,5403,1064.0,29.0,5.0,0.0,19.69276327965945,0.5367388487877105,0.09254118082546733,0.0
2026-06-01,RGM,ROYAL PAPWORTH HOSPITAL NHS FOUNDATION TRUST,5670,1116.0,32.0,5.0,0.0,19.682539682539684,0.5643738977072311,0.08818342151675485,0.0
2025-04-01,RGN,NORTH WEST ANGLIA NHS FOUNDATION TRUST,77355,36511.0,2977.0,19.0,0.0,47.199276064895614,3.848490724581475,0.024562083898907634,0.0
2025-05-01,RGN,NORTH WEST ANGLIA NHS FOUNDATION TRUST,76652,35787.0,3063.0,21.0,0.0,46.68762719824662,3.9959818400041742,0.027396545426081508,0.0
2025-06-01,RGN,NORTH WEST ANGLIA NHS FOUNDATION TRUST,76256,34893.0,2613.0,26.0,0.0,45.75771086865296,3.4266156105749053,0.034095677717163236,0.0
2025-07-01,RGN,NORTH WEST ANGLIA NHS FOUNDATION TRUST,78902,33743.0,1548.0,13.0,0.0,42.76570936097944,1.9619274543104102,0.01647613495221921,0.0
2025-08-01,RGN,NORTH WEST ANGLIA NHS FOUNDATION TRUST,78012,34088.0,1336.0,9.0,0.0,43.69584166538481,1.712557042506281,0.011536686663590217,0.0
2025-09-01,RGN,NORTH WEST ANGLIA NHS FOUNDATION TRUST,78090,33457.0,1215.0,7.0,0.0,42.844154181073115,1.55589704187476,0.008964015879113843,0.0
2025-10-01,RGN,NORTH WEST ANGLIA NHS FOUNDATION TRUST,78403,33603.0,1130.0,10.0,0.0,42.85932936239685,1.4412713799216867,0.012754613981607847,0.0
2025-11-01,RGN,NORTH WEST ANGLIA NHS FOUNDATION TRUST,79111,33690.0,1017.0,7.0,0.0,42.58573396872748,1.285535513392575,0.008848327034167183,0.0
2025-12-01,RGN,NORTH WEST ANGLIA NHS FOUNDATION TRUST,78869,33164.0,799.0,0.0,0.0,42.0494744449657,1.0130723097795078,0.0,0.0
2026-01-01,RGN,NORTH WEST ANGLIA NHS FOUNDATION TRUST,78413,32685.0,746.0,3.0,0.0,41.68313927537526,0.9513728590922423,0.0038258962161886426,0.0
2026-02-01,RGN,NORTH WEST ANGLIA NHS FOUNDATION TRUST,78179,31769.0,566.0,3.0,0.0,40.63623223627829,0.7239795853106333,0.003837347625321378,0.0
2026-03-01,RGN,NORTH WEST ANGLIA NHS FOUNDATION TRUST,79184,30606.0,408.0,1.0,0.0,38.651747827844005,0.5152556071933724,0.0012628813901798342,0.0
2026-04-01,RGN,NORTH WEST ANGLIA NHS FOUNDATION TRUST,78854,31458.0,428.0,0.0,0.0,39.893981281862686,0.5427752555355467,0.0,0.0
2026-05-01,RGN,NORTH WEST ANGLIA NHS FOUNDATION TRUST,78222,30850.0,372.0,0.0,0.0,39.43903249725141,0.47556953286799114,0.0,0.0
2026-06-01,RGN,NORTH WEST ANGLIA NHS FOUNDATION TRUST,76043,30299.0,330.0,0.0,0.0,39.8445616296043,0.43396499349052503,0.0,0.0
2025-04-01,RGP,JAMES PAGET UNIVERSITY HOSPITALS NHS FOUNDATION TRUST,34991,15988.0,1720.0,183.0,1.0,45.691749306964645,4.915549712783287,0.5229916264182218,0.0028578777399902834
2025-05-01,RGP,JAMES PAGET UNIVERSITY HOSPITALS NHS FOUNDATION TRUST,34818,15953.0,1717.0,215.0,0.0,45.81825492561319,4.9313573439025795,0.6174966971106899,0.0
2025-06-01,RGP,JAMES PAGET UNIVERSITY HOSPITALS NHS FOUNDATION TRUST,34615,16104.0,1662.0,126.0,1.0,46.52318359092879,4.801386682074246,0.3640040444893832,0.002888920988010978
2025-07-01,RGP,JAMES PAGET UNIVERSITY HOSPITALS NHS FOUNDATION TRUST,35167,16673.0,1754.0,159.0,7.0,47.410925014928765,4.987630449000483,0.4521284158443996,0.01990502459692325
2025-08-01,RGP,JAMES PAGET UNIVERSITY HOSPITALS NHS FOUNDATION TRUST,35421,17263.0,1819.0,189.0,4.0,48.73662516586206,5.135371672171876,0.5335817735241806,0.011292735947601705
2025-09-01,RGP,JAMES PAGET UNIVERSITY HOSPITALS NHS FOUNDATION TRUST,34827,17167.0,1842.0,193.0,2.0,49.29221580957303,5.288999913859936,0.5541677434174634,0.005742670916243145
2025-10-01,RGP,JAMES PAGET UNIVERSITY HOSPITALS NHS FOUNDATION TRUST,34399,16708.0,1768.0,208.0,2.0,48.57117939474985,5.139684293148057,0.6046687403703596,0.00581412250356115
2025-11-01,RGP,JAMES PAGET UNIVERSITY HOSPITALS NHS FOUNDATION TRUST,33890,16167.0,1687.0,136.0,4.0,47.70433756270286,4.977869578046621,0.40129831808793154,0.011802891708468575
2025-12-01,RGP,JAMES PAGET UNIVERSITY HOSPITALS NHS FOUNDATION TRUST,33930,16023.0,1788.0,114.0,3.0,47.223695844385496,5.269672855879753,0.33598585322723257,0.008841732979664015
2026-01-01,RGP,JAMES PAGET UNIVERSITY HOSPITALS NHS FOUNDATION TRUST,33378,15666.0,1758.0,112.0,1.0,46.935106956678055,5.266942297321589,0.3355503625142309,0.0029959853795913476
2026-02-01,RGP,JAMES PAGET UNIVERSITY HOSPITALS NHS FOUNDATION TRUST,33120,15246.0,1623.0,126.0,1.0,46.03260869565217,4.900362318840579,0.3804347826086957,0.0030193236714975845
2026-03-01,RGP,JAMES PAGET UNIVERSITY HOSPITALS NHS FOUNDATION TRUST,32827,14610.0,1305.0,81.0,0.0,44.50604685167697,3.97538611508819,0.24674810369512903,0.0
2026-04-01,RGP,JAMES PAGET UNIVERSITY HOSPITALS NHS FOUNDATION TRUST,32908,14560.0,1328.0,91.0,0.0,44.244560593168835,4.035492889267048,0.2765285037073052,0.0
2026-05-01,RGP,JAMES PAGET UNIVERSITY HOSPITALS NHS FOUNDATION TRUST,32805,13760.0,1186.0,104.0,1.0,41.944825483920134,3.6153025453436975,0.31702484377381496,0.0030483158055174516
2026-06-01,RGP,JAMES PAGET UNIVERSITY HOSPITALS NHS FOUNDATION TRUST,31349,12514.0,1089.0,117.0,1.0,39.91833870298893,3.4737950173849246,0.373217646495901,0.0031898944144948807
2025-04-01,RGR,WEST SUFFOLK NHS FOUNDATION TRUST,35560,15811.0,1416.0,44.0,0.0,44.462879640044996,3.982002249718785,0.12373453318335209,0.0
2025-05-01,RGR,WEST SUFFOLK NHS FOUNDATION TRUST,35089,15564.0,1540.0,65.0,1.0,44.35578101399299,4.388839807347032,0.18524323862179032,0.002849895978796774
2025-06-01,RGR,WEST SUFFOLK NHS FOUNDATION TRUST,35129,15114.0,1573.0,135.0,1.0,43.02428193230664,4.477781889606877,0.38429787355176637,0.002846650915198269
2025-07-01,RGR,WEST SUFFOLK NHS FOUNDATION TRUST,35220,15403.0,1670.0,221.0,1.0,43.733674048835894,4.741624077228847,0.6274843838727996,0.0028392958546280523
2025-08-01,RGR,WEST SUFFOLK NHS FOUNDATION TRUST,33671,14009.0,1430.0,178.0,1.0,41.60553592111906,4.246978111728193,0.5286448278934395,0.002969914763446289
2025-09-01,RGR,WEST SUFFOLK NHS FOUNDATION TRUST,32625,12375.0,1086.0,102.0,1.0,37.93103448275862,3.328735632183908,0.31264367816091954,0.003065134099616858
2025-10-01,RGR,WEST SUFFOLK NHS FOUNDATION TRUST,33197,12663.0,921.0,72.0,0.0,38.1450131035937,2.7743470795553815,0.21688706810856404,0.0
2025-11-01,RGR,WEST SUFFOLK NHS FOUNDATION TRUST,32931,12472.0,776.0,55.0,0.0,37.87312866296195,2.3564422580547206,0.16701588169202272,0.0
2025-12-01,RGR,WEST SUFFOLK NHS FOUNDATION TRUST,32542,12078.0,761.0,33.0,0.0,37.115112777333906,2.3385163788335075,0.10140741195992871,0.0
2026-01-01,RGR,WEST SUFFOLK NHS FOUNDATION TRUST,31925,11928.0,691.0,38.0,0.0,37.362568519968676,2.1644479248238055,0.11902897415818324,0.0
2026-02-01,RGR,WEST SUFFOLK NHS FOUNDATION TRUST,31094,11541.0,609.0,20.0,0.0,37.116485495594006,1.9585772174696081,0.06432109088570143,0.0
2026-03-01,RGR,WEST SUFFOLK NHS FOUNDATION TRUST,29130,9902.0,414.0,16.0,1.0,33.992447648472364,1.4212152420185376,0.05492619292825266,0.0034328870580157913
2026-04-01,RGR,WEST SUFFOLK NHS FOUNDATION TRUST,31003,10761.0,422.0,17.0,1.0,34.70954423765442,1.3611585975550753,0.05483340321904332,0.003225494307002548
2026-05-01,RGR,WEST SUFFOLK NHS FOUNDATION TRUST,33140,11471.0,472.0,28.0,0.0,34.6137598068799,1.424260712130356,0.08449004224502112,0.0
2026-06-01,RGR,WEST SUFFOLK NHS FOUNDATION TRUST,33330,11482.0,564.0,49.0,1.0,34.44944494449445,1.692169216921692,0.147014701470147,0.0030003000300030005
2025-04-01,RGT,CAMBRIDGE UNIVERSITY HOSPITALS NHS FOUNDATION TRUST,65322,27763.0,2528.0,59.0,0.0,42.501760509476135,3.870059091883286,0.09032179051468112,0.0
2025-05-01,RGT,CAMBRIDGE UNIVERSITY HOSPITALS NHS FOUNDATION TRUST,65216,27680.0,2830.0,85.0,1.0,42.443572129538765,4.339425907752699,0.1303361138370952,0.0015333660451422964
2025-06-01,RGT,CAMBRIDGE UNIVERSITY HOSPITALS NHS FOUNDATION TRUST,66129,27734.0,2817.0,128.0,3.0,41.93923997036096,4.259855736514993,0.19356107002979026,0.00453658757882321
2025-07-01,RGT,CAMBRIDGE UNIVERSITY HOSPITALS NHS FOUNDATION TRUST,66901,27769.0,2691.0,115.0,2.0,41.507600783246886,4.022361399680125,0.17189578631111643,0.002989491935845503
2025-08-01,RGT,CAMBRIDGE UNIVERSITY HOSPITALS NHS FOUNDATION TRUST,66120,27878.0,2571.0,112.0,0.0,42.16273442226255,3.8883847549909256,0.1693889897156685,0.0
2025-09-01,RGT,CAMBRIDGE UNIVERSITY HOSPITALS NHS FOUNDATION TRUST,66369,27303.0,2509.0,117.0,2.0,41.1381819825521,3.7803793939941843,0.1762871219997288,0.003013455076918441
2025-10-01,RGT,CAMBRIDGE UNIVERSITY HOSPITALS NHS FOUNDATION TRUST,65444,26634.0,2355.0,123.0,1.0,40.69739013507731,3.598496424423935,0.18794694700812908,0.0015280239594156837
2025-11-01,RGT,CAMBRIDGE UNIVERSITY HOSPITALS NHS FOUNDATION TRUST,64069,25988.0,2139.0,88.0,0.0,40.56251853470477,3.33858808472116,0.13735191746398415,0.0
2025-12-01,RGT,CAMBRIDGE UNIVERSITY HOSPITALS NHS FOUNDATION TRUST,64282,26044.0,1947.0,76.0,1.0,40.51522976883109,3.0288416664073923,0.11822905323418686,0.0015556454372919323
2026-01-01,RGT,CAMBRIDGE UNIVERSITY HOSPITALS NHS FOUNDATION TRUST,62482,25051.0,1665.0,89.0,1.0,40.09314682628597,2.6647674530264718,0.14244102301462822,0.0016004609327486315
2026-02-01,RGT,CAMBRIDGE UNIVERSITY HOSPITALS NHS FOUNDATION TRUST,61088,23923.0,1410.0,78.0,0.0,39.16153745416449,2.3081456259821898,0.12768465165007858,0.0
2026-03-01,RGT,CAMBRIDGE UNIVERSITY HOSPITALS NHS FOUNDATION TRUST,58435,21663.0,941.0,39.0,0.0,37.07196029776675,1.61033627107042,0.06674082313681869,0.0
2026-04-01,RGT,CAMBRIDGE UNIVERSITY HOSPITALS NHS FOUNDATION TRUST,59754,21853.0,940.0,25.0,0.0,36.571610268768616,1.5731164440874252,0.041838203300197475,0.0
2026-05-01,RGT,CAMBRIDGE UNIVERSITY HOSPITALS NHS FOUNDATION TRUST,59827,21194.0,964.0,43.0,2.0,35.42547679141524,1.6113126180487072,0.07187390308723486,0.0033429722366155753
2026-06-01,RGT,CAMBRIDGE UNIVERSITY HOSPITALS NHS FOUNDATION TRUST,59372,20762.0,922.0,51.0,1.0,34.96934581957825,1.552920568618204,0.0858990770059961,0.0016842956275685509
2025-04-01,RH5,SOMERSET NHS FOUNDATION TRUST,58470,20881.0,1438.0,86.0,1.0,35.712331109970926,2.4593808790832905,0.14708397468787412,0.0017102787754403968
2025-05-01,RH5,SOMERSET NHS FOUNDATION TRUST,57069,19789.0,1572.0,112.0,1.0,34.67556817186213,2.754560269147874,0.19625365785277468,0.001752264802256917
2025-06-01,RH5,SOMERSET NHS FOUNDATION TRUST,57440,19660.0,1588.0,108.0,1.0,34.22701949860724,2.764623955431755,0.18802228412256267,0.0017409470752089138
2025-07-01,RH5,SOMERSET NHS FOUNDATION TRUST,57905,20888.0,1749.0,136.0,1.0,36.0728779898109,3.02046455401088,0.23486745531473965,0.001726966583196615
2025-08-01,RH5,SOMERSET NHS FOUNDATION TRUST,57715,21835.0,1826.0,149.0,1.0,37.83245256865633,3.163822229922897,0.2581651217187906,0.0017326518236160443
2025-09-01,RH5,SOMERSET NHS FOUNDATION TRUST,57935,21733.0,1740.0,157.0,1.0,37.51272978337792,3.003365841028739,0.27099335462155866,0.0017260723224303098
2025-10-01,RH5,SOMERSET NHS FOUNDATION TRUST,58068,21785.0,1575.0,141.0,0.0,37.51636012950334,2.712337259764414,0.24281876420748089,0.0
2025-11-01,RH5,SOMERSET NHS FOUNDATION TRUST,56659,21340.0,1313.0,79.0,0.0,37.663919236131946,2.3173723503768158,0.13943062884978555,0.0
2025-12-01,RH5,SOMERSET NHS FOUNDATION TRUST,53781,20240.0,1290.0,18.0,0.0,37.634108700098544,2.3986166118145813,0.03346906900206393,0.0
2026-01-01,RH5,SOMERSET NHS FOUNDATION TRUST,53143,20279.0,1195.0,11.0,0.0,38.1593060233709,2.2486498692207815,0.02069886908906159,0.0
2026-02-01,RH5,SOMERSET NHS FOUNDATION TRUST,52985,19570.0,1111.0,26.0,0.0,36.93498159856563,2.096819854675852,0.04907049164857979,0.0
2026-03-01,RH5,SOMERSET NHS FOUNDATION TRUST,52302,18093.0,1028.0,17.0,0.0,34.59332339107491,1.965508011165921,0.03250353714963099,0.0
2026-04-01,RH5,SOMERSET NHS FOUNDATION TRUST,53891,18450.0,1135.0,23.0,0.0,34.235772206861995,2.1061030598801285,0.042678740420478374,0.0
2026-05-01,RH5,SOMERSET NHS FOUNDATION TRUST,54011,18579.0,1304.0,37.0,0.0,34.398548443835516,2.414323008276092,0.06850456388513451,0.0
2026-06-01,RH5,SOMERSET NHS FOUNDATION TRUST,53524,18616.0,1310.0,32.0,0.0,34.78065914356176,2.4475001868320754,0.05978626410582168,0.0
2025-04-01,RH8,ROYAL DEVON UNIVERSITY HEALTHCARE NHS FOUNDATION TRUST,71873,28667.0,2211.0,232.0,0.0,39.88563160018366,3.0762595133081962,0.32279159072252445,0.0
2025-05-01,RH8,ROYAL DEVON UNIVERSITY HEALTHCARE NHS FOUNDATION TRUST,72939,28968.0,2415.0,329.0,0.0,39.71537860403899,3.3109858923209807,0.4510618462002495,0.0
2025-06-01,RH8,ROYAL DEVON UNIVERSITY HEALTHCARE NHS FOUNDATION TRUST,73777,29105.0,2312.0,348.0,0.0,39.449964080946636,3.133767976469631,0.4716917196416227,0.0
2025-07-01,RH8,ROYAL DEVON UNIVERSITY HEALTHCARE NHS FOUNDATION TRUST,74842,30114.0,2248.0,378.0,0.0,40.23676545255338,3.003661045936773,0.505064001496486,0.0
2025-08-01,RH8,ROYAL DEVON UNIVERSITY HEALTHCARE NHS FOUNDATION TRUST,75951,31082.0,2310.0,435.0,0.0,40.92375347263367,3.0414346091559032,0.572737686139748,0.0
2025-09-01,RH8,ROYAL DEVON UNIVERSITY HEALTHCARE NHS FOUNDATION TRUST,74261,29905.0,2293.0,455.0,0.0,40.27012833115633,3.0877580425795506,0.6127038418550788,0.0
2025-10-01,RH8,ROYAL DEVON UNIVERSITY HEALTHCARE NHS FOUNDATION TRUST,73772,29388.0,2122.0,381.0,0.0,39.836252236620936,2.8764300818738815,0.5164561080084584,0.0
2025-11-01,RH8,ROYAL DEVON UNIVERSITY HEALTHCARE NHS FOUNDATION TRUST,72715,28324.0,1867.0,253.0,0.0,38.952073162346146,2.5675582754589836,0.3479337138142061,0.0
2025-12-01,RH8,ROYAL DEVON UNIVERSITY HEALTHCARE NHS FOUNDATION TRUST,72368,28147.0,1758.0,195.0,0.0,38.89426265752819,2.42925049745744,0.2694561131992041,0.0
2026-01-01,RH8,ROYAL DEVON UNIVERSITY HEALTHCARE NHS FOUNDATION TRUST,73224,28297.0,1704.0,231.0,0.0,38.64443351906478,2.3271058669288758,0.31547033759423143,0.0
2026-02-01,RH8,ROYAL DEVON UNIVERSITY HEALTHCARE NHS FOUNDATION TRUST,72074,27344.0,1628.0,234.0,2.0,37.93878513749757,2.258789577378805,0.32466631517606903,0.0027749257707356326
2026-03-01,RH8,ROYAL DEVON UNIVERSITY HEALTHCARE NHS FOUNDATION TRUST,70725,26337.0,1254.0,127.0,0.0,37.23860021208908,1.7730646871686109,0.17956875220926122,0.0
2026-04-01,RH8,ROYAL DEVON UNIVERSITY HEALTHCARE NHS FOUNDATION TRUST,73746,27799.0,1302.0,140.0,0.0,37.69560382936024,1.7655194858026197,0.18984080492501287,0.0
2026-05-01,RH8,ROYAL DEVON UNIVERSITY HEALTHCARE NHS FOUNDATION TRUST,75722,28047.0,1423.0,160.0,0.0,37.03943371807401,1.879242492274372,0.21129922611658436,0.0
2026-06-01,RH8,ROYAL DEVON UNIVERSITY HEALTHCARE NHS FOUNDATION TRUST,74068,26973.0,1538.0,175.0,0.0,36.41653615596479,2.0764702705621865,0.2362693740886753,0.0
2025-04-01,RHM,UNIVERSITY HOSPITAL SOUTHAMPTON NHS FOUNDATION TRUST,62310,23015.0,1218.0,45.0,0.0,36.936286310383565,1.9547424169475205,0.07221954742416947,0.0
2025-05-01,RHM,UNIVERSITY HOSPITAL SOUTHAMPTON NHS FOUNDATION TRUST,62949,22416.0,1305.0,87.0,0.0,35.609779345184194,2.0731068007434588,0.13820712004956393,0.0
2025-06-01,RHM,UNIVERSITY HOSPITAL SOUTHAMPTON NHS FOUNDATION TRUST,62644,22498.0,1423.0,111.0,0.0,35.91405401953898,2.2715663112189515,0.17719175020752187,0.0
2025-07-01,RHM,UNIVERSITY HOSPITAL SOUTHAMPTON NHS FOUNDATION TRUST,63007,23048.0,1599.0,173.0,0.0,36.58006253273446,2.5378132588442552,0.2745726665291158,0.0
2025-08-01,RHM,UNIVERSITY HOSPITAL SOUTHAMPTON NHS FOUNDATION TRUST,63018,24094.0,1855.0,188.0,0.0,38.23352058142118,2.943603414897331,0.29832746199498555,0.0
2025-09-01,RHM,UNIVERSITY HOSPITAL SOUTHAMPTON NHS FOUNDATION TRUST,63160,24623.0,1956.0,268.0,0.0,38.98511716276124,3.096896770107663,0.4243191893603547,0.0
2025-10-01,RHM,UNIVERSITY HOSPITAL SOUTHAMPTON NHS FOUNDATION TRUST,63960,25013.0,2065.0,334.0,0.0,39.1072545340838,3.228580362726704,0.5222013758599124,0.0
2025-11-01,RHM,UNIVERSITY HOSPITAL SOUTHAMPTON NHS FOUNDATION TRUST,63399,24908.0,1780.0,245.0,0.0,39.28768592564552,2.80761526207038,0.38644142652092306,0.0
2025-12-01,RHM,UNIVERSITY HOSPITAL SOUTHAMPTON NHS FOUNDATION TRUST,63514,24902.0,1551.0,71.0,0.0,39.2071039455868,2.441981295462418,0.11178637780646786,0.0
2026-01-01,RHM,UNIVERSITY HOSPITAL SOUTHAMPTON NHS FOUNDATION TRUST,62675,24957.0,1529.0,51.0,0.0,39.81970482648584,2.4395692062225764,0.08137215795771839,0.0
2026-02-01,RHM,UNIVERSITY HOSPITAL SOUTHAMPTON NHS FOUNDATION TRUST,62707,24480.0,1485.0,76.0,0.0,39.038703812971434,2.3681566651251056,0.12119859026902897,0.0
2026-03-01,RHM,UNIVERSITY HOSPITAL SOUTHAMPTON NHS FOUNDATION TRUST,59683,21782.0,1166.0,53.0,0.0,36.49615468391334,1.953655144681065,0.08880250657641205,0.0
2026-04-01,RHM,UNIVERSITY HOSPITAL SOUTHAMPTON NHS FOUNDATION TRUST,61236,21861.0,1199.0,110.0,0.0,35.699588477366255,1.9579985629368346,0.17963289568227842,0.0
2026-05-01,RHM,UNIVERSITY HOSPITAL SOUTHAMPTON NHS FOUNDATION TRUST,63136,21630.0,1257.0,125.0,0.0,34.259376583882414,1.9909401926001011,0.19798530157121136,0.0
2026-06-01,RHM,UNIVERSITY HOSPITAL SOUTHAMPTON NHS FOUNDATION TRUST,63326,21983.0,1397.0,155.0,0.0,34.71401951804946,2.206044910463317,0.24476518333701797,0.0
2025-04-01,RHU,PORTSMOUTH HOSPITALS UNIVERSITY NHS TRUST,61771,28877.0,2812.0,49.0,0.0,46.74847420310502,4.552298003917696,0.07932524971264833,0.0
2025-05-01,RHU,PORTSMOUTH HOSPITALS UNIVERSITY NHS TRUST,59734,26175.0,2667.0,63.0,0.0,43.81926540998427,4.464793919710718,0.10546757290655238,0.0
2025-06-01,RHU,PORTSMOUTH HOSPITALS UNIVERSITY NHS TRUST,59859,25754.0,2336.0,68.0,0.0,43.02444076914082,3.9025042182462117,0.11360029402429042,0.0
2025-07-01,RHU,PORTSMOUTH HOSPITALS UNIVERSITY NHS TRUST,59618,25450.0,2297.0,71.0,0.0,42.68844979704116,3.852863229226073,0.11909154953202053,0.0
2025-08-01,RHU,PORTSMOUTH HOSPITALS UNIVERSITY NHS TRUST,58262,24779.0,2263.0,116.0,0.0,42.53029418832172,3.8841783666884075,0.19910061446568947,0.0
2025-09-01,RHU,PORTSMOUTH HOSPITALS UNIVERSITY NHS TRUST,59968,24999.0,2764.0,248.0,0.0,41.68723319103522,4.609124866595518,0.41355389541088583,0.0
2025-10-01,RHU,PORTSMOUTH HOSPITALS UNIVERSITY NHS TRUST,59328,24995.0,2698.0,217.0,0.0,42.13019147788565,4.54759978425027,0.36576321467098166,0.0
2025-11-01,RHU,PORTSMOUTH HOSPITALS UNIVERSITY NHS TRUST,58220,24204.0,2515.0,141.0,0.0,41.57334249398832,4.319821367227757,0.2421848162143593,0.0
2025-12-01,RHU,PORTSMOUTH HOSPITALS UNIVERSITY NHS TRUST,57514,24452.0,2048.0,19.0,0.0,42.514865945682786,3.5608721354800568,0.033035434850645064,0.0
2026-01-01,RHU,PORTSMOUTH HOSPITALS UNIVERSITY NHS TRUST,57442,24889.0,2051.0,8.0,0.0,43.32892308763622,3.5705581281988787,0.01392709167508095,0.0
2026-02-01,RHU,PORTSMOUTH HOSPITALS UNIVERSITY NHS TRUST,57353,24311.0,2083.0,17.0,0.0,42.388366781162276,3.631893710878245,0.029640995240004884,0.0
2026-03-01,RHU,PORTSMOUTH HOSPITALS UNIVERSITY NHS TRUST,53437,20606.0,1909.0,78.0,0.0,38.56129647996707,3.572431087074499,0.14596627804704607,0.0
2026-04-01,RHU,PORTSMOUTH HOSPITALS UNIVERSITY NHS TRUST,56604,23118.0,2101.0,124.0,0.0,40.84163663345347,3.7117518196593884,0.21906579040350505,0.0
2026-05-01,RHU,PORTSMOUTH HOSPITALS UNIVERSITY NHS TRUST,56584,22152.0,2012.0,115.0,0.0,39.1488760073519,3.5557754842358262,0.20323766435741553,0.0
2026-06-01,RHU,PORTSMOUTH HOSPITALS UNIVERSITY NHS TRUST,57558,22394.0,2072.0,97.0,1.0,38.90684179436394,3.5998471107404706,0.16852566107230965,0.0017373779491990688
2025-04-01,RHW,ROYAL BERKSHIRE NHS FOUNDATION TRUST,38136,9083.0,42.0,4.0,0.0,23.81739039228026,0.11013215859030838,0.010488777008600797,0.0
2025-05-01,RHW,ROYAL BERKSHIRE NHS FOUNDATION TRUST,37618,7636.0,19.0,3.0,0.0,20.29879313094795,0.050507735658461374,0.007974905630283375,0.0
2025-06-01,RHW,ROYAL BERKSHIRE NHS FOUNDATION TRUST,36524,7334.0,32.0,2.0,0.0,20.079947431825648,0.08761362391851933,0.005475851494907458,0.0
2025-07-01,RHW,ROYAL BERKSHIRE NHS FOUNDATION TRUST,36763,7387.0,43.0,2.0,0.0,20.09357234175666,0.11696542719582187,0.005440252427712646,0.0
2025-08-01,RHW,ROYAL BERKSHIRE NHS FOUNDATION TRUST,35016,7125.0,23.0,0.0,0.0,20.34784098697738,0.06568425862462875,0.0,0.0
2025-09-01,RHW,ROYAL BERKSHIRE NHS FOUNDATION TRUST,34512,6583.0,32.0,2.0,0.0,19.074524802967083,0.09272137227630968,0.005795085767269355,0.0
2025-10-01,RHW,ROYAL BERKSHIRE NHS FOUNDATION TRUST,35561,6628.0,33.0,3.0,0.0,18.638395995613173,0.09279829026180365,0.008436208205618514,0.0
2025-11-01,RHW,ROYAL BERKSHIRE NHS FOUNDATION TRUST,34174,6257.0,31.0,1.0,0.0,18.309240943407268,0.09071223737344179,0.002926201205594897,0.0
2025-12-01,RHW,ROYAL BERKSHIRE NHS FOUNDATION TRUST,34236,6111.0,42.0,5.0,0.0,17.84963196635121,0.12267788293024887,0.014604509872648674,0.0
2026-01-01,RHW,ROYAL BERKSHIRE NHS FOUNDATION TRUST,34560,5719.0,25.0,0.0,0.0,16.548032407407405,0.07233796296296297,0.0,0.0
2026-02-01,RHW,ROYAL BERKSHIRE NHS FOUNDATION TRUST,34767,6184.0,38.0,0.0,0.0,17.786981908131274,0.10929904794776656,0.0,0.0
2026-03-01,RHW,ROYAL BERKSHIRE NHS FOUNDATION TRUST,34676,5623.0,36.0,0.0,0.0,16.21582650824778,0.10381820279155612,0.0,0.0
2026-04-01,RHW,ROYAL BERKSHIRE NHS FOUNDATION TRUST,35323,5863.0,38.0,3.0,0.0,16.598250431730037,0.10757863148656682,0.008493049854202645,0.0
2026-05-01,RHW,ROYAL BERKSHIRE NHS FOUNDATION TRUST,36116,6108.0,39.0,7.0,0.0,16.912171890574815,0.10798538044080187,0.019381991361169564,0.0
2026-06-01,RHW,ROYAL BERKSHIRE NHS FOUNDATION TRUST,35155,5491.0,27.0,1.0,0.0,15.619399800881808,0.07680273076376049,0.002844545583842981,0.0
2025-04-01,RJ1,GUY'S AND ST THOMAS' NHS FOUNDATION TRUST,120654,47262.0,2384.0,83.0,0.0,39.17151524193147,1.975898022444345,0.06879175162033584,0.0
2025-05-01,RJ1,GUY'S AND ST THOMAS' NHS FOUNDATION TRUST,120286,44626.0,2602.0,179.0,0.0,37.09991187669388,2.16317775967278,0.14881199807126347,0.0
2025-06-01,RJ1,GUY'S AND ST THOMAS' NHS FOUNDATION TRUST,118886,43937.0,2722.0,206.0,0.0,36.957253166899385,2.2895883451373584,0.17327523846373838,0.0
2025-07-01,RJ1,GUY'S AND ST THOMAS' NHS FOUNDATION TRUST,112849,39734.0,2664.0,219.0,2.0,35.20988223200914,2.360676656416982,0.19406463504328794,0.0017722797720848213
2025-08-01,RJ1,GUY'S AND ST THOMAS' NHS FOUNDATION TRUST,112391,39607.0,2680.0,287.0,14.0,35.240366221494604,2.3845325693338437,0.25535852514881086,0.012456513421893212
2025-09-01,RJ1,GUY'S AND ST THOMAS' NHS FOUNDATION TRUST,111002,38609.0,2182.0,195.0,1.0,34.7822561755644,1.9657303472009513,0.17567251040521792,0.0009008846687447073
2025-10-01,RJ1,GUY'S AND ST THOMAS' NHS FOUNDATION TRUST,110637,37690.0,1711.0,163.0,12.0,34.066361163082874,1.5464989108526082,0.1473286513553332,0.010846281081374224
2025-11-01,RJ1,GUY'S AND ST THOMAS' NHS FOUNDATION TRUST,109032,36614.0,1295.0,101.0,11.0,33.580967055543326,1.1877247046738573,0.09263335534521974,0.010088781275221953
2025-12-01,RJ1,GUY'S AND ST THOMAS' NHS FOUNDATION TRUST,108495,36579.0,1075.0,25.0,1.0,33.71491773814462,0.9908290704640766,0.023042536522420387,0.0009217014608968155
2026-01-01,RJ1,GUY'S AND ST THOMAS' NHS FOUNDATION TRUST,107777,36137.0,1193.0,16.0,0.0,33.52941722259851,1.106915204542713,0.014845467956985258,0.0
2026-02-01,RJ1,GUY'S AND ST THOMAS' NHS FOUNDATION TRUST,107138,34990.0,971.0,16.0,0.0,32.658813866228606,0.9063077526181187,0.014934010341802162,0.0
2026-03-01,RJ1,GUY'S AND ST THOMAS' NHS FOUNDATION TRUST,105788,33370.0,775.0,8.0,0.0,31.544220516504705,0.7325972700117216,0.007562294400120997,0.0
2026-04-01,RJ1,GUY'S AND ST THOMAS' NHS FOUNDATION TRUST,109898,34760.0,689.0,16.0,1.0,31.629329014176783,0.6269449853500518,0.014558954667054905,0.0009099346666909316
2026-05-01,RJ1,GUY'S AND ST THOMAS' NHS FOUNDATION TRUST,111987,34611.0,750.0,29.0,6.0,30.90626590586407,0.6697205925687802,0.025895862912659506,0.005357764740550242
2026-06-01,RJ1,GUY'S AND ST THOMAS' NHS FOUNDATION TRUST,110502,34577.0,634.0,53.0,3.0,31.290836364952675,0.573745271578795,0.047962932797596426,0.002714882988543194
2025-04-01,RJ2,LEWISHAM AND GREENWICH NHS TRUST,55501,24553.0,2711.0,220.0,0.0,44.2388425433776,4.884596673933803,0.3963892542476712,0.0
2025-05-01,RJ2,LEWISHAM AND GREENWICH NHS TRUST,53067,23907.0,2527.0,201.0,0.0,45.05059641585166,4.761904761904762,0.37876646503476735,0.0
2025-06-01,RJ2,LEWISHAM AND GREENWICH NHS TRUST,53039,22044.0,2145.0,167.0,0.0,41.56186956767661,4.044193895058354,0.3148626482399744,0.0
2025-07-01,RJ2,LEWISHAM AND GREENWICH NHS TRUST,55560,21973.0,1990.0,172.0,0.0,39.54823614110871,3.5817134629229663,0.3095752339812815,0.0
2025-08-01,RJ2,LEWISHAM AND GREENWICH NHS TRUST,53550,21891.0,1745.0,161.0,1.0,40.879551820728295,3.258636788048553,0.3006535947712418,0.0018674136321195143
2025-09-01,RJ2,LEWISHAM AND GREENWICH NHS TRUST,54505,21174.0,1508.0,161.0,0.0,38.84781212732777,2.7667186496651683,0.2953857444271168,0.0
2025-10-01,RJ2,LEWISHAM AND GREENWICH NHS TRUST,55973,21347.0,1371.0,118.0,0.0,38.138030836296075,2.449395244135565,0.2108159291086774,0.0
2025-11-01,RJ2,LEWISHAM AND GREENWICH NHS TRUST,56348,21258.0,1225.0,77.0,0.0,37.72627244977639,2.173990203733939,0.13665081280613334,0.0
2025-12-01,RJ2,LEWISHAM AND GREENWICH NHS TRUST,55943,21047.0,1105.0,71.0,0.0,37.62222261945195,1.975224782367767,0.12691489551865293,0.0
2026-01-01,RJ2,LEWISHAM AND GREENWICH NHS TRUST,56382,21278.0,1097.0,59.0,0.0,37.738994714625235,1.9456564151679612,0.10464332588414742,0.0
2026-02-01,RJ2,LEWISHAM AND GREENWICH NHS TRUST,54933,20851.0,1013.0,57.0,0.0,37.957147798226934,1.844064587770557,0.10376276555076185,0.0
2026-03-01,RJ2,LEWISHAM AND GREENWICH NHS TRUST,55317,19418.0,839.0,44.0,0.0,35.1031328524685,1.5167127646112408,0.07954155142180523,0.0
2026-04-01,RJ2,LEWISHAM AND GREENWICH NHS TRUST,56315,20199.0,848.0,67.0,1.0,35.867885998401846,1.5058155020864779,0.1189736304714552,0.0017757258279321672
2026-05-01,RJ2,LEWISHAM AND GREENWICH NHS TRUST,57310,20130.0,935.0,86.0,2.0,35.12476007677543,1.6314779270633395,0.1500610713662537,0.003489792357354737
2026-06-01,RJ2,LEWISHAM AND GREENWICH NHS TRUST,57469,19208.0,905.0,63.0,2.0,33.42323687553289,1.5747620456245977,0.1096243191981764,0.003480137117402426
2025-04-01,RJ6,CROYDON HEALTH SERVICES NHS TRUST,34440,10893.0,859.0,60.0,0.0,31.62891986062718,2.494192799070848,0.17421602787456447,0.0
2025-05-01,RJ6,CROYDON HEALTH SERVICES NHS TRUST,36116,10969.0,940.0,118.0,0.0,30.371580462952707,2.602724554214199,0.32672499723114407,0.0
2025-06-01,RJ6,CROYDON HEALTH SERVICES NHS TRUST,36643,11237.0,900.0,96.0,0.0,30.666157246950306,2.4561307753186146,0.26198728270065225,0.0
2025-07-01,RJ6,CROYDON HEALTH SERVICES NHS TRUST,37031,11914.0,866.0,130.0,1.0,32.17304420620561,2.3385811887337637,0.3510572223272393,0.002700440171747995
2025-08-01,RJ6,CROYDON HEALTH SERVICES NHS TRUST,36892,11634.0,734.0,117.0,3.0,31.53529220427193,1.9895912392930717,0.3171419277892226,0.008131844302287758
2025-09-01,RJ6,CROYDON HEALTH SERVICES NHS TRUST,36829,11660.0,639.0,105.0,1.0,31.659833283553724,1.7350457519889217,0.285101414646067,0.0027152515680577806
2025-10-01,RJ6,CROYDON HEALTH SERVICES NHS TRUST,37115,12056.0,607.0,99.0,1.0,32.48282365620369,1.6354573622524584,0.2667385154250303,0.0026943284386366697
2025-11-01,RJ6,CROYDON HEALTH SERVICES NHS TRUST,37336,12345.0,553.0,63.0,0.0,33.06460252839083,1.4811442039854297,0.1687379472894793,0.0
2025-12-01,RJ6,CROYDON HEALTH SERVICES NHS TRUST,36015,12506.0,491.0,11.0,2.0,34.724420380397056,1.3633208385394973,0.03054282937664862,0.0055532417048452035
2026-01-01,RJ6,CROYDON HEALTH SERVICES NHS TRUST,36248,12338.0,585.0,17.0,0.0,34.037740013242114,1.6138821452218053,0.04689913926285588,0.0
2026-02-01,RJ6,CROYDON HEALTH SERVICES NHS TRUST,34771,11694.0,585.0,19.0,2.0,33.631474504615916,1.6824365131862757,0.05464323718040896,0.005751919703200943
2026-03-01,RJ6,CROYDON HEALTH SERVICES NHS TRUST,32341,9372.0,280.0,18.0,0.0,28.978695773167185,0.8657740948022633,0.05565690609443121,0.0
2026-04-01,RJ6,CROYDON HEALTH SERVICES NHS TRUST,34208,10141.0,419.0,20.0,0.0,29.645112254443408,1.2248596819457436,0.05846585594013096,0.0
2026-05-01,RJ6,CROYDON HEALTH SERVICES NHS TRUST,35654,10287.0,624.0,45.0,0.0,28.85230268693555,1.750154260391541,0.12621304762438998,0.0
2026-06-01,RJ6,CROYDON HEALTH SERVICES NHS TRUST,37031,10152.0,721.0,36.0,1.0,27.41486862358564,1.9470173638303043,0.09721584618292782,0.002700440171747995
2025-04-01,RJ7,ST GEORGE'S UNIVERSITY HOSPITALS NHS FOUNDATION TRUST,69860,27202.0,1422.0,96.0,0.0,38.937875751503,2.0354995705697108,0.13741769252791297,0.0
2025-05-01,RJ7,ST GEORGE'S UNIVERSITY HOSPITALS NHS FOUNDATION TRUST,70276,26532.0,1691.0,166.0,0.0,37.75399852012067,2.406226876885423,0.2362115089077352,0.0
2025-06-01,RJ7,ST GEORGE'S UNIVERSITY HOSPITALS NHS FOUNDATION TRUST,71060,26856.0,1712.0,180.0,0.0,37.793414016324235,2.4092316352378274,0.2533070644525753,0.0
2025-07-01,RJ7,ST GEORGE'S UNIVERSITY HOSPITALS NHS FOUNDATION TRUST,71716,27820.0,1775.0,253.0,0.0,38.791901388811425,2.475040437280384,0.3527804116236265,0.0
2025-08-01,RJ7,ST GEORGE'S UNIVERSITY HOSPITALS NHS FOUNDATION TRUST,71216,28095.0,1812.0,354.0,0.0,39.45040440350483,2.544372051224444,0.49707930802066946,0.0
2025-09-01,RJ7,ST GEORGE'S UNIVERSITY HOSPITALS NHS FOUNDATION TRUST,70397,27603.0,1777.0,297.0,0.0,39.21047771922099,2.524255294969956,0.42189297839396567,0.0
2025-10-01,RJ7,ST GEORGE'S UNIVERSITY HOSPITALS NHS FOUNDATION TRUST,69213,27348.0,1543.0,226.0,0.0,39.51280828746045,2.2293499776053634,0.32652825336280755,0.0
2025-11-01,RJ7,ST GEORGE'S UNIVERSITY HOSPITALS NHS FOUNDATION TRUST,68490,27153.0,1275.0,99.0,0.0,39.64520367936925,1.8615856329391154,0.1445466491458607,0.0
2025-12-01,RJ7,ST GEORGE'S UNIVERSITY HOSPITALS NHS FOUNDATION TRUST,68668,27332.0,1038.0,4.0,0.0,39.80311061921128,1.5116211335702219,0.005825129609133803,0.0
2026-01-01,RJ7,ST GEORGE'S UNIVERSITY HOSPITALS NHS FOUNDATION TRUST,68049,26885.0,918.0,8.0,0.0,39.50829549295361,1.3490279063615924,0.011756234478096666,0.0
2026-02-01,RJ7,ST GEORGE'S UNIVERSITY HOSPITALS NHS FOUNDATION TRUST,68072,25735.0,728.0,14.0,0.0,37.80555882007287,1.069455870255024,0.020566459043365848,0.0
2026-03-01,RJ7,ST GEORGE'S UNIVERSITY HOSPITALS NHS FOUNDATION TRUST,66997,24535.0,427.0,14.0,1.0,36.621042733256715,0.6373419705359942,0.020896458050360465,0.0014926041464543187
2026-04-01,RJ7,ST GEORGE'S UNIVERSITY HOSPITALS NHS FOUNDATION TRUST,68139,25225.0,471.0,14.0,0.0,37.01991517339556,0.6912340950116673,0.02054623636977355,0.0
2026-05-01,RJ7,ST GEORGE'S UNIVERSITY HOSPITALS NHS FOUNDATION TRUST,69355,25615.0,579.0,21.0,0.0,36.93316992286064,0.8348352678249584,0.0302789993511643,0.0
2026-06-01,RJ7,ST GEORGE'S UNIVERSITY HOSPITALS NHS FOUNDATION TRUST,69329,24377.0,570.0,34.0,0.0,35.16133219864703,0.822166770038512,0.04904152663387616,0.0
2025-04-01,RJ8,CORNWALL PARTNERSHIP NHS FOUNDATION TRUST,557,11.0,6.0,6.0,0.0,1.9748653500897666,1.0771992818671454,1.0771992818671454,0.0
2025-05-01,RJ8,CORNWALL PARTNERSHIP NHS FOUNDATION TRUST,491,6.0,0.0,0.0,0.0,1.2219959266802443,0.0,0.0,0.0
2025-06-01,RJ8,CORNWALL PARTNERSHIP NHS FOUNDATION TRUST,449,1.0,0.0,0.0,0.0,0.22271714922048996,0.0,0.0,0.0
2025-07-01,RJ8,CORNWALL PARTNERSHIP NHS FOUNDATION TRUST,429,1.0,0.0,0.0,0.0,0.2331002331002331,0.0,0.0,0.0
2025-08-01,RJ8,CORNWALL PARTNERSHIP NHS FOUNDATION TRUST,434,3.0,0.0,0.0,0.0,0.6912442396313364,0.0,0.0,0.0
2025-09-01,RJ8,CORNWALL PARTNERSHIP NHS FOUNDATION TRUST,539,0.0,0.0,0.0,0.0,0.0,0.0,0.0,0.0
2025-10-01,RJ8,CORNWALL PARTNERSHIP NHS FOUNDATION TRUST,685,0.0,0.0,0.0,0.0,0.0,0.0,0.0,0.0
2025-11-01,RJ8,CORNWALL PARTNERSHIP NHS FOUNDATION TRUST,698,2.0,0.0,0.0,0.0,0.28653295128939826,0.0,0.0,0.0
2025-12-01,RJ8,CORNWALL PARTNERSHIP NHS FOUNDATION TRUST,663,1.0,0.0,0.0,0.0,0.1508295625942685,0.0,0.0,0.0
2026-01-01,RJ8,CORNWALL PARTNERSHIP NHS FOUNDATION TRUST,664,3.0,0.0,0.0,0.0,0.4518072289156626,0.0,0.0,0.0
2026-02-01,RJ8,CORNWALL PARTNERSHIP NHS FOUNDATION TRUST,678,6.0,0.0,0.0,0.0,0.8849557522123894,0.0,0.0,0.0
2026-03-01,RJ8,CORNWALL PARTNERSHIP NHS FOUNDATION TRUST,649,14.0,0.0,0.0,0.0,2.157164869029276,0.0,0.0,0.0
2026-04-01,RJ8,CORNWALL PARTNERSHIP NHS FOUNDATION TRUST,703,16.0,0.0,0.0,0.0,2.275960170697013,0.0,0.0,0.0
2026-05-01,RJ8,CORNWALL PARTNERSHIP NHS FOUNDATION TRUST,705,13.0,0.0,0.0,0.0,1.8439716312056738,0.0,0.0,0.0
2026-06-01,RJ8,CORNWALL PARTNERSHIP NHS FOUNDATION TRUST,735,20.0,0.0,0.0,0.0,2.7210884353741496,0.0,0.0,0.0
2025-04-01,RJC,SOUTH WARWICKSHIRE UNIVERSITY NHS FOUNDATION TRUST,31909,11269.0,504.0,11.0,0.0,35.31605503149582,1.5794916794634744,0.034473032686702806,0.0
2025-05-01,RJC,SOUTH WARWICKSHIRE UNIVERSITY NHS FOUNDATION TRUST,32641,11182.0,673.0,3.0,0.0,34.2575288747281,2.0618240862718666,0.009190894886798811,0.0
2025-06-01,RJC,SOUTH WARWICKSHIRE UNIVERSITY NHS FOUNDATION TRUST,33389,11419.0,745.0,0.0,0.0,34.19988619006259,2.231273772799425,0.0,0.0
2025-07-01,RJC,SOUTH WARWICKSHIRE UNIVERSITY NHS FOUNDATION TRUST,33301,11469.0,709.0,0.0,0.0,34.44040719497913,2.1290651932374405,0.0,0.0
2025-08-01,RJC,SOUTH WARWICKSHIRE UNIVERSITY NHS FOUNDATION TRUST,33099,11601.0,759.0,0.0,0.0,35.04939726275718,2.293120638085743,0.0,0.0
2025-09-01,RJC,SOUTH WARWICKSHIRE UNIVERSITY NHS FOUNDATION TRUST,32630,11355.0,624.0,7.0,0.0,34.799264480539385,1.9123505976095616,0.02145265093472265,0.0
2025-10-01,RJC,SOUTH WARWICKSHIRE UNIVERSITY NHS FOUNDATION TRUST,32354,11443.0,495.0,0.0,0.0,35.3681152253199,1.5299499289114176,0.0,0.0
2025-11-01,RJC,SOUTH WARWICKSHIRE UNIVERSITY NHS FOUNDATION TRUST,31676,11054.0,456.0,0.0,0.0,34.897082965020836,1.4395757040030308,0.0,0.0
2025-12-01,RJC,SOUTH WARWICKSHIRE UNIVERSITY NHS FOUNDATION TRUST,30888,10687.0,380.0,0.0,0.0,34.5991970991971,1.2302512302512303,0.0,0.0
2026-01-01,RJC,SOUTH WARWICKSHIRE UNIVERSITY NHS FOUNDATION TRUST,30329,10390.0,418.0,0.0,0.0,34.25764120149032,1.3782188664314683,0.0,0.0
2026-02-01,RJC,SOUTH WARWICKSHIRE UNIVERSITY NHS FOUNDATION TRUST,30117,10036.0,333.0,0.0,0.0,33.32337218182422,1.1056878175117044,0.0,0.0
2026-03-01,RJC,SOUTH WARWICKSHIRE UNIVERSITY NHS FOUNDATION TRUST,29705,9247.0,172.0,0.0,0.0,31.12943948830163,0.579027099814846,0.0,0.0
2026-04-01,RJC,SOUTH WARWICKSHIRE UNIVERSITY NHS FOUNDATION TRUST,31157,9761.0,193.0,0.0,0.0,31.328433417851524,0.6194434637481144,0.0,0.0
2026-05-01,RJC,SOUTH WARWICKSHIRE UNIVERSITY NHS FOUNDATION TRUST,31023,9629.0,229.0,0.0,0.0,31.03826193469361,0.7381620088321568,0.0,0.0
2026-06-01,RJC,SOUTH WARWICKSHIRE UNIVERSITY NHS FOUNDATION TRUST,31289,9594.0,264.0,0.0,0.0,30.662533158618043,0.8437470037393334,0.0,0.0
2025-04-01,RJE,UNIVERSITY HOSPITALS OF NORTH MIDLANDS NHS TRUST,66521,25258.0,1672.0,220.0,0.0,37.96996437215315,2.513491979976248,0.3307226289442432,0.0
2025-05-01,RJE,UNIVERSITY HOSPITALS OF NORTH MIDLANDS NHS TRUST,64336,23826.0,1722.0,233.0,0.0,37.033698085053466,2.676572991793086,0.36216115394180554,0.0
2025-06-01,RJE,UNIVERSITY HOSPITALS OF NORTH MIDLANDS NHS TRUST,64662,23227.0,1659.0,131.0,3.0,35.92063344777458,2.565649067458476,0.202591939624509,0.004639510067736847
2025-07-01,RJE,UNIVERSITY HOSPITALS OF NORTH MIDLANDS NHS TRUST,65758,23824.0,1543.0,110.0,1.0,36.22981234222452,2.3464825572553907,0.16728002676480427,0.0015207275160436754
2025-08-01,RJE,UNIVERSITY HOSPITALS OF NORTH MIDLANDS NHS TRUST,66524,24712.0,1385.0,105.0,0.0,37.14749564067104,2.081955384522879,0.15783777283386446,0.0
2025-09-01,RJE,UNIVERSITY HOSPITALS OF NORTH MIDLANDS NHS TRUST,65420,23511.0,1355.0,100.0,0.0,35.93855090186487,2.0712320391317642,0.1528584530724549,0.0
2025-10-01,RJE,UNIVERSITY HOSPITALS OF NORTH MIDLANDS NHS TRUST,65910,23780.0,1330.0,75.0,0.0,36.0795023516917,2.0179032013351543,0.11379153390987709,0.0
2025-11-01,RJE,UNIVERSITY HOSPITALS OF NORTH MIDLANDS NHS TRUST,64479,23251.0,1183.0,46.0,0.0,36.05980241629057,1.8347058732300439,0.07134105677817584,0.0
2025-12-01,RJE,UNIVERSITY HOSPITALS OF NORTH MIDLANDS NHS TRUST,64716,24209.0,1192.0,66.0,0.0,37.40805983064466,1.8418938129674272,0.10198405340255887,0.0
2026-01-01,RJE,UNIVERSITY HOSPITALS OF NORTH MIDLANDS NHS TRUST,65506,24980.0,1248.0,84.0,0.0,38.133911397429245,1.9051689921533905,0.12823252831801668,0.0
2026-02-01,RJE,UNIVERSITY HOSPITALS OF NORTH MIDLANDS NHS TRUST,64682,24809.0,1370.0,109.0,0.0,38.355338424909554,2.1180544819269658,0.1685167434525834,0.0
2026-03-01,RJE,UNIVERSITY HOSPITALS OF NORTH MIDLANDS NHS TRUST,65401,23068.0,1197.0,83.0,2.0,35.271631932233454,1.8302472439259336,0.12690937447439643,0.003058057216250516
2026-04-01,RJE,UNIVERSITY HOSPITALS OF NORTH MIDLANDS NHS TRUST,68459,24602.0,1285.0,103.0,0.0,35.93683810748039,1.8770358900948012,0.15045501687141208,0.0
2026-05-01,RJE,UNIVERSITY HOSPITALS OF NORTH MIDLANDS NHS TRUST,70616,25625.0,1277.0,87.0,0.0,36.28781012801631,1.8083720403308035,0.12320154072731392,0.0
2026-06-01,RJE,UNIVERSITY HOSPITALS OF NORTH MIDLANDS NHS TRUST,72150,26663.0,1366.0,60.0,0.0,36.95495495495496,1.893277893277893,0.08316008316008316,0.0
2025-04-01,RJL,NORTHERN LINCOLNSHIRE AND GOOLE NHS FOUNDATION TRUST,41245,16656.0,964.0,37.0,0.0,40.38307673657413,2.3372530003636807,0.08970784337495455,0.0
2025-05-01,RJL,NORTHERN LINCOLNSHIRE AND GOOLE NHS FOUNDATION TRUST,40576,15891.0,991.0,58.0,0.0,39.16354495268139,2.4423304416403786,0.1429416403785489,0.0
2025-06-01,RJL,NORTHERN LINCOLNSHIRE AND GOOLE NHS FOUNDATION TRUST,39593,15533.0,950.0,47.0,0.0,39.23168236809537,2.399414037834971,0.11870785239815118,0.0
2025-07-01,RJL,NORTHERN LINCOLNSHIRE AND GOOLE NHS FOUNDATION TRUST,39115,15703.0,895.0,40.0,0.0,40.14572414674677,2.2881247603221273,0.102262559120542,0.0
2025-08-01,RJL,NORTHERN LINCOLNSHIRE AND GOOLE NHS FOUNDATION TRUST,39698,16240.0,1025.0,54.0,0.0,40.908861907400876,2.5819940551161267,0.13602700387928862,0.0
2025-09-01,RJL,NORTHERN LINCOLNSHIRE AND GOOLE NHS FOUNDATION TRUST,40146,16328.0,1045.0,64.0,0.0,40.67154884670951,2.60299905345489,0.15941812384795495,0.0
2025-10-01,RJL,NORTHERN LINCOLNSHIRE AND GOOLE NHS FOUNDATION TRUST,40157,16170.0,994.0,27.0,0.0,40.266952212565684,2.4752845083049033,0.06723609831411709,0.0
2025-11-01,RJL,NORTHERN LINCOLNSHIRE AND GOOLE NHS FOUNDATION TRUST,39298,15918.0,988.0,29.0,0.0,40.505878161738515,2.5141228561249935,0.07379510407654334,0.0
2025-12-01,RJL,NORTHERN LINCOLNSHIRE AND GOOLE NHS FOUNDATION TRUST,39295,16035.0,915.0,42.0,0.0,40.806718412011705,2.328540526784578,0.10688382745896424,0.0
2026-01-01,RJL,NORTHERN LINCOLNSHIRE AND GOOLE NHS FOUNDATION TRUST,39645,16533.0,930.0,26.0,0.0,41.70261066969353,2.345819144911086,0.06558204061041746,0.0
2026-02-01,RJL,NORTHERN LINCOLNSHIRE AND GOOLE NHS FOUNDATION TRUST,39444,15985.0,873.0,38.0,0.0,40.52580874150695,2.213264374809857,0.09633911368015415,0.0
2026-03-01,RJL,NORTHERN LINCOLNSHIRE AND GOOLE NHS FOUNDATION TRUST,39516,15187.0,811.0,32.0,1.0,38.43253365725276,2.052333232108513,0.08097985626075514,0.002530620508148598
2026-04-01,RJL,NORTHERN LINCOLNSHIRE AND GOOLE NHS FOUNDATION TRUST,40794,15744.0,915.0,41.0,0.0,38.59391086924548,2.2429769083688775,0.10050497622199343,0.0
2026-05-01,RJL,NORTHERN LINCOLNSHIRE AND GOOLE NHS FOUNDATION TRUST,41549,15784.0,1038.0,50.0,0.0,37.98888059881104,2.498255072324244,0.12033983970733352,0.0
2026-06-01,RJL,NORTHERN LINCOLNSHIRE AND GOOLE NHS FOUNDATION TRUST,42014,16123.0,1218.0,78.0,0.0,38.37530347027182,2.899033655448184,0.18565240158042556,0.0
2025-04-01,RJN,EAST CHESHIRE NHS TRUST,13541,5524.0,109.0,6.0,0.0,40.794623735322354,0.8049627058562884,0.044309873716859904,0.0
2025-05-01,RJN,EAST CHESHIRE NHS TRUST,13432,5293.0,133.0,2.0,0.0,39.40589636688505,0.990172721858249,0.01488981536628946,0.0
2025-06-01,RJN,EAST CHESHIRE NHS TRUST,14131,6528.0,377.0,9.0,2.0,46.19630599391409,2.667893284268629,0.06368976010190362,0.014153280022645248
2025-07-01,RJN,EAST CHESHIRE NHS TRUST,16979,6837.0,383.0,9.0,1.0,40.26738912774604,2.2557276635844277,0.05300665528005183,0.005889628364450203
2025-08-01,RJN,EAST CHESHIRE NHS TRUST,18248,7470.0,435.0,12.0,0.0,40.93599298553266,2.383822884699693,0.0657606313020605,0.0
2025-09-01,RJN,EAST CHESHIRE NHS TRUST,19341,8415.0,609.0,25.0,1.0,43.50860865518846,3.1487513572204127,0.12925908691381005,0.005170363476552402
2025-10-01,RJN,EAST CHESHIRE NHS TRUST,20789,8997.0,655.0,21.0,3.0,43.2776949348213,3.1507046996007504,0.10101495983452788,0.014430708547789696
2025-11-01,RJN,EAST CHESHIRE NHS TRUST,19420,9474.0,652.0,8.0,3.0,48.78475798146241,3.3573635427394435,0.0411946446961895,0.01544799176107106
2025-12-01,RJN,EAST CHESHIRE NHS TRUST,19167,10333.0,675.0,21.0,1.0,53.91036677622998,3.521677883862889,0.10956331194240101,0.005217300568685762
2026-01-01,RJN,EAST CHESHIRE NHS TRUST,19805,9878.0,556.0,20.0,2.0,49.87629386518556,2.807371875788942,0.10098459984852311,0.01009845998485231
2026-02-01,RJN,EAST CHESHIRE NHS TRUST,19459,8155.0,543.0,12.0,0.0,41.908628398170514,2.7904825530602806,0.061668122719564206,0.0
2026-03-01,RJN,EAST CHESHIRE NHS TRUST,16269,6496.0,343.0,16.0,5.0,39.928698752228165,2.1083041367017024,0.09834654865080829,0.03073329645337759
2026-04-01,RJN,EAST CHESHIRE NHS TRUST,16884,6945.0,412.0,13.0,2.0,41.13361762615494,2.4401800521203505,0.07699597251836057,0.011845534233593935
2026-05-01,RJN,EAST CHESHIRE NHS TRUST,17033,6887.0,415.0,15.0,2.0,40.433276580755006,2.4364468971995534,0.08806434568191158,0.011741912757588211
2026-06-01,RJN,EAST CHESHIRE NHS TRUST,17182,6763.0,414.0,14.0,1.0,39.360959143289485,2.4094983121871727,0.08148061925270633,0.005820044232336166
2025-04-01,RJR,COUNTESS OF CHESTER HOSPITAL NHS FOUNDATION TRUST,38026,19903.0,2438.0,182.0,1.0,52.34050386577604,6.411402724451691,0.4786198916530795,0.0026297796244674695
2025-05-01,RJR,COUNTESS OF CHESTER HOSPITAL NHS FOUNDATION TRUST,37180,19125.0,2755.0,204.0,0.0,51.4389456697149,7.409897794513179,0.5486820871436257,0.0
2025-06-01,RJR,COUNTESS OF CHESTER HOSPITAL NHS FOUNDATION TRUST,37764,19094.0,3080.0,235.0,0.0,50.56138120961763,8.155915686897576,0.6222857748119903,0.0
2025-07-01,RJR,COUNTESS OF CHESTER HOSPITAL NHS FOUNDATION TRUST,38536,19001.0,3267.0,229.0,0.0,49.307141374299356,8.477787004359561,0.5942495329042973,0.0
2025-08-01,RJR,COUNTESS OF CHESTER HOSPITAL NHS FOUNDATION TRUST,38056,19469.0,3366.0,228.0,0.0,51.15881858314063,8.844860206012193,0.5991170906033214,0.0
2025-09-01,RJR,COUNTESS OF CHESTER HOSPITAL NHS FOUNDATION TRUST,37571,18163.0,2811.0,154.0,1.0,48.343136993958105,7.481834393548216,0.4098906071171914,0.0026616273189428016
2025-10-01,RJR,COUNTESS OF CHESTER HOSPITAL NHS FOUNDATION TRUST,36726,17513.0,2560.0,91.0,0.0,47.685563361106574,6.970538583020204,0.24778086369329633,0.0
2025-11-01,RJR,COUNTESS OF CHESTER HOSPITAL NHS FOUNDATION TRUST,35072,16449.0,2038.0,104.0,0.0,46.90066149635037,5.810903284671533,0.2965328467153284,0.0
2025-12-01,RJR,COUNTESS OF CHESTER HOSPITAL NHS FOUNDATION TRUST,33921,15685.0,1468.0,2.0,0.0,46.239792458948735,4.32770260310722,0.005896052592789127,0.0
2026-01-01,RJR,COUNTESS OF CHESTER HOSPITAL NHS FOUNDATION TRUST,32997,14770.0,1182.0,8.0,0.0,44.76164499803013,3.5821438312573872,0.024244628299542385,0.0
2026-02-01,RJR,COUNTESS OF CHESTER HOSPITAL NHS FOUNDATION TRUST,32838,13609.0,1062.0,6.0,0.0,41.442840611486695,3.234058103416773,0.01827151470856934,0.0
2026-03-01,RJR,COUNTESS OF CHESTER HOSPITAL NHS FOUNDATION TRUST,30603,10953.0,272.0,2.0,0.0,35.790608763846684,0.8888017514622749,0.00653530699604614,0.0
2026-04-01,RJR,COUNTESS OF CHESTER HOSPITAL NHS FOUNDATION TRUST,31892,10844.0,263.0,3.0,0.0,34.002257619465695,0.8246582214975543,0.00940674777373636,0.0
2026-05-01,RJR,COUNTESS OF CHESTER HOSPITAL NHS FOUNDATION TRUST,32255,10787.0,219.0,2.0,0.0,33.44287707332197,0.6789645016276546,0.0062005890559603165,0.0
2026-06-01,RJR,COUNTESS OF CHESTER HOSPITAL NHS FOUNDATION TRUST,32730,10646.0,237.0,2.0,1.0,32.526733883287505,0.7241063244729606,0.006110601894286588,0.003055300947143294
2025-04-01,RJZ,KING'S COLLEGE HOSPITAL NHS FOUNDATION TRUST,87610,33056.0,1340.0,103.0,1.0,37.73085264239242,1.529505764182171,0.11756648784385344,0.001141422212076247
2025-05-01,RJZ,KING'S COLLEGE HOSPITAL NHS FOUNDATION TRUST,83657,31619.0,1584.0,161.0,1.0,37.796000334700025,1.8934458562941534,0.19245251443393857,0.0011953572325089353
2025-06-01,RJZ,KING'S COLLEGE HOSPITAL NHS FOUNDATION TRUST,84462,31071.0,1714.0,158.0,1.0,36.78695744831996,2.0293149582060575,0.18706637304349885,0.0011839643863512585
2025-07-01,RJZ,KING'S COLLEGE HOSPITAL NHS FOUNDATION TRUST,81693,32100.0,1964.0,265.0,1.0,39.29345231537586,2.4041227522553954,0.32438519824219947,0.001224095087706413
2025-08-01,RJZ,KING'S COLLEGE HOSPITAL NHS FOUNDATION TRUST,79638,31810.0,1900.0,344.0,3.0,39.94324317536854,2.3857957256586055,0.4319545945402948,0.0037670458826188505
2025-09-01,RJZ,KING'S COLLEGE HOSPITAL NHS FOUNDATION TRUST,81245,31239.0,1815.0,422.0,2.0,38.450366176380086,2.2339836297618314,0.5194165794818142,0.0024616899501507788
2025-10-01,RJZ,KING'S COLLEGE HOSPITAL NHS FOUNDATION TRUST,84595,31286.0,1769.0,394.0,4.0,36.983273243099475,2.0911401383060464,0.46574856670015957,0.004728411844671671
2025-11-01,RJZ,KING'S COLLEGE HOSPITAL NHS FOUNDATION TRUST,86228,31109.0,1807.0,356.0,6.0,36.07760820151227,2.0956069954075245,0.41285893213341374,0.006958296608990119
2025-12-01,RJZ,KING'S COLLEGE HOSPITAL NHS FOUNDATION TRUST,88038,31745.0,1628.0,131.0,2.0,36.05829300983666,1.849201481178582,0.14879938208500876,0.0022717462913741794
2026-01-01,RJZ,KING'S COLLEGE HOSPITAL NHS FOUNDATION TRUST,83954,31101.0,1791.0,135.0,0.0,37.04528670462396,2.133311098935131,0.16080234414083905,0.0
2026-02-01,RJZ,KING'S COLLEGE HOSPITAL NHS FOUNDATION TRUST,83880,29974.0,1588.0,143.0,0.0,35.73438245112065,1.8931807343824512,0.17048164043872197,0.0
2026-03-01,RJZ,KING'S COLLEGE HOSPITAL NHS FOUNDATION TRUST,83918,28208.0,1127.0,12.0,0.0,33.6137658190138,1.3429776686765653,0.014299673490788627,0.0
2026-04-01,RJZ,KING'S COLLEGE HOSPITAL NHS FOUNDATION TRUST,86539,28895.0,1288.0,70.0,0.0,33.389570020453206,1.4883462947341661,0.08088838558337859,0.0
2026-05-01,RJZ,KING'S COLLEGE HOSPITAL NHS FOUNDATION TRUST,88671,28835.0,1504.0,118.0,0.0,32.51908741302117,1.69615770657825,0.13307620304270842,0.0
2026-06-01,RJZ,KING'S COLLEGE HOSPITAL NHS FOUNDATION TRUST,89950,29216.0,1708.0,165.0,0.0,32.48026681489716,1.8988326848249026,0.18343524180100054,0.0
2025-04-01,RK5,SHERWOOD FOREST HOSPITALS NHS FOUNDATION TRUST,35319,12830.0,453.0,32.0,0.0,36.326056796625046,1.2825957699821624,0.09060279169851922,0.0
2025-05-01,RK5,SHERWOOD FOREST HOSPITALS NHS FOUNDATION TRUST,34693,12485.0,433.0,36.0,0.0,35.98708673219381,1.2480903928746434,0.1037673305854207,0.0
2025-06-01,RK5,SHERWOOD FOREST HOSPITALS NHS FOUNDATION TRUST,35442,12724.0,395.0,22.0,0.0,35.90090852660685,1.1144969245527905,0.06207324643078833,0.0
2025-07-01,RK5,SHERWOOD FOREST HOSPITALS NHS FOUNDATION TRUST,36082,13383.0,386.0,11.0,0.0,37.09051604678233,1.0697854886092788,0.030486114960368047,0.0
2025-08-01,RK5,SHERWOOD FOREST HOSPITALS NHS FOUNDATION TRUST,36134,13972.0,349.0,2.0,0.0,38.667183262301435,0.9658493385730891,0.0055349532296452095,0.0
2025-09-01,RK5,SHERWOOD FOREST HOSPITALS NHS FOUNDATION TRUST,36373,13841.0,321.0,6.0,0.0,38.05295136502351,0.8825227503917741,0.01649575234377148,0.0
2025-10-01,RK5,SHERWOOD FOREST HOSPITALS NHS FOUNDATION TRUST,36257,14346.0,315.0,4.0,0.0,39.567531786965276,0.8687977494001159,0.011032352373334805,0.0
2025-11-01,RK5,SHERWOOD FOREST HOSPITALS NHS FOUNDATION TRUST,36319,14420.0,308.0,0.0,0.0,39.703736336352875,0.8480409702910323,0.0,0.0
2025-12-01,RK5,SHERWOOD FOREST HOSPITALS NHS FOUNDATION TRUST,35981,14658.0,342.0,2.0,0.0,40.73816736610989,0.9505016536505378,0.005558489202634724,0.0
2026-01-01,RK5,SHERWOOD FOREST HOSPITALS NHS FOUNDATION TRUST,35677,14408.0,326.0,0.0,0.0,40.3845614821874,0.9137539591333352,0.0,0.0
2026-02-01,RK5,SHERWOOD FOREST HOSPITALS NHS FOUNDATION TRUST,34355,13429.0,373.0,0.0,0.0,39.08892446514336,1.085722602241304,0.0,0.0
2026-03-01,RK5,SHERWOOD FOREST HOSPITALS NHS FOUNDATION TRUST,33136,12051.0,357.0,0.0,0.0,36.368300338000964,1.0773780782230806,0.0,0.0
2026-04-01,RK5,SHERWOOD FOREST HOSPITALS NHS FOUNDATION TRUST,33263,12081.0,348.0,0.0,0.0,36.319634428644434,1.046207497820401,0.0,0.0
2026-05-01,RK5,SHERWOOD FOREST HOSPITALS NHS FOUNDATION TRUST,33007,11654.0,347.0,0.0,0.0,35.30766201108856,1.0512921501499681,0.0,0.0
2026-06-01,RK5,SHERWOOD FOREST HOSPITALS NHS FOUNDATION TRUST,32753,11529.0,399.0,0.0,0.0,35.19982902329558,1.2182090190211583,0.0,0.0
2025-04-01,RK9,UNIVERSITY HOSPITALS PLYMOUTH NHS TRUST,48006,19283.0,1755.0,146.0,0.0,40.1678956797067,3.655793025871766,0.3041286505853435,0.0
2025-05-01,RK9,UNIVERSITY HOSPITALS PLYMOUTH NHS TRUST,47995,18977.0,1861.0,167.0,0.0,39.53953536826752,3.877487238253985,0.34795291176164184,0.0
2025-06-01,RK9,UNIVERSITY HOSPITALS PLYMOUTH NHS TRUST,48276,18678.0,1720.0,156.0,1.0,38.69003231419339,3.562846963294391,0.3231419338801889,0.002071422653078134
2025-07-01,RK9,UNIVERSITY HOSPITALS PLYMOUTH NHS TRUST,49312,19223.0,1733.0,243.0,2.0,38.982397793640494,3.5143575600259576,0.492780661907852,0.004055807916937054
2025-08-01,RK9,UNIVERSITY HOSPITALS PLYMOUTH NHS TRUST,49961,20052.0,1814.0,269.0,0.0,40.13530553831989,3.6308320489982187,0.5384199675747082,0.0
2025-09-01,RK9,UNIVERSITY HOSPITALS PLYMOUTH NHS TRUST,48731,19231.0,1748.0,289.0,3.0,39.46358580780201,3.5870390511173587,0.5930516508998378,0.006156245511070981
2025-10-01,RK9,UNIVERSITY HOSPITALS PLYMOUTH NHS TRUST,49238,19416.0,1699.0,263.0,3.0,39.432958284252,3.450586945042447,0.5341402981437101,0.006092855111905439
2025-11-01,RK9,UNIVERSITY HOSPITALS PLYMOUTH NHS TRUST,49131,19247.0,1513.0,174.0,2.0,39.17485905029412,3.0795220939936088,0.35415521768333635,0.004070749628544096
2025-12-01,RK9,UNIVERSITY HOSPITALS PLYMOUTH NHS TRUST,48113,19109.0,1288.0,64.0,1.0,39.71691642591399,2.6770311558206723,0.13302018165568558,0.002078440338370087
2026-01-01,RK9,UNIVERSITY HOSPITALS PLYMOUTH NHS TRUST,47943,18448.0,1077.0,61.0,0.0,38.47902717810733,2.246417620924848,0.1272344242120852,0.0
2026-02-01,RK9,UNIVERSITY HOSPITALS PLYMOUTH NHS TRUST,47354,17700.0,957.0,80.0,0.0,37.37804620517802,2.020948599907083,0.1689403218313131,0.0
2026-03-01,RK9,UNIVERSITY HOSPITALS PLYMOUTH NHS TRUST,45707,15730.0,630.0,51.0,1.0,34.41485986829151,1.3783446736823681,0.11158028310762028,0.0021878486883847113
2026-04-01,RK9,UNIVERSITY HOSPITALS PLYMOUTH NHS TRUST,46284,15765.0,614.0,65.0,2.0,34.0614467202489,1.3265923429262811,0.14043730014691902,0.004321147696828278
2026-05-01,RK9,UNIVERSITY HOSPITALS PLYMOUTH NHS TRUST,47642,15700.0,607.0,53.0,1.0,32.954116116032075,1.2740858906007304,0.11124637924520382,0.002098988287645355
2026-06-01,RK9,UNIVERSITY HOSPITALS PLYMOUTH NHS TRUST,47271,15407.0,717.0,54.0,2.0,32.59292166444543,1.5167861902646442,0.11423494319984769,0.0042309238222165806
2025-04-01,RKB,UNIVERSITY HOSPITALS COVENTRY AND WARWICKSHIRE NHS TRUST,83186,40782.0,1939.0,61.0,0.0,49.02507633496021,2.330921068449018,0.07332964681556993,0.0
2025-05-01,RKB,UNIVERSITY HOSPITALS COVENTRY AND WARWICKSHIRE NHS TRUST,80479,38260.0,2161.0,9.0,0.0,47.540352141552454,2.68517252947974,0.011183041538786515,0.0
2025-06-01,RKB,UNIVERSITY HOSPITALS COVENTRY AND WARWICKSHIRE NHS TRUST,77103,33761.0,1967.0,0.0,0.0,43.7868824818749,2.5511329001465572,0.0,0.0
2025-07-01,RKB,UNIVERSITY HOSPITALS COVENTRY AND WARWICKSHIRE NHS TRUST,76243,31970.0,1679.0,6.0,0.0,41.931718321681984,2.202169379484018,0.007869574911795182,0.0
2025-08-01,RKB,UNIVERSITY HOSPITALS COVENTRY AND WARWICKSHIRE NHS TRUST,75490,31300.0,1710.0,14.0,0.0,41.462445357000924,2.265200688832958,0.01854550271559147,0.0
2025-09-01,RKB,UNIVERSITY HOSPITALS COVENTRY AND WARWICKSHIRE NHS TRUST,74624,30697.0,1894.0,14.0,0.0,41.13555960548885,2.538057461406518,0.018760720411663805,0.0
2025-10-01,RKB,UNIVERSITY HOSPITALS COVENTRY AND WARWICKSHIRE NHS TRUST,73625,30836.0,2026.0,10.0,0.0,41.88251273344652,2.7517826825127334,0.013582342954159592,0.0
2025-11-01,RKB,UNIVERSITY HOSPITALS COVENTRY AND WARWICKSHIRE NHS TRUST,71246,31126.0,2106.0,11.0,0.0,43.68806669848132,2.9559554220587825,0.0154394632681133,0.0
2025-12-01,RKB,UNIVERSITY HOSPITALS COVENTRY AND WARWICKSHIRE NHS TRUST,69828,30929.0,1816.0,0.0,0.0,44.29312023829982,2.6006759466116742,0.0,0.0
2026-01-01,RKB,UNIVERSITY HOSPITALS COVENTRY AND WARWICKSHIRE NHS TRUST,69797,30793.0,1950.0,1.0,0.0,44.11794203189249,2.793816353138387,0.0014327263349427626,0.0
2026-02-01,RKB,UNIVERSITY HOSPITALS COVENTRY AND WARWICKSHIRE NHS TRUST,70908,29942.0,1839.0,7.0,0.0,42.226547075083204,2.5935014384836688,0.009871946747898685,0.0
2026-03-01,RKB,UNIVERSITY HOSPITALS COVENTRY AND WARWICKSHIRE NHS TRUST,71049,28975.0,1623.0,19.0,0.0,40.781714028346634,2.2843389773255076,0.02674210755957156,0.0
2026-04-01,RKB,UNIVERSITY HOSPITALS COVENTRY AND WARWICKSHIRE NHS TRUST,73270,30477.0,1729.0,69.0,0.0,41.59546881397571,2.35976525180838,0.09417223966152587,0.0
2026-05-01,RKB,UNIVERSITY HOSPITALS COVENTRY AND WARWICKSHIRE NHS TRUST,73771,30994.0,2219.0,43.0,0.0,42.013799460492606,3.0079570562958344,0.05828848734597605,0.0
2026-06-01,RKB,UNIVERSITY HOSPITALS COVENTRY AND WARWICKSHIRE NHS TRUST,72193,30413.0,2279.0,31.0,0.0,42.127353067471915,3.1568157577604476,0.0429404512902913,0.0
2025-04-01,RKE,WHITTINGTON HEALTH NHS TRUST,24535,9005.0,293.0,26.0,0.0,36.70266965559405,1.1942123497045039,0.10597106174852253,0.0
2025-05-01,RKE,WHITTINGTON HEALTH NHS TRUST,25323,8533.0,351.0,38.0,0.0,33.69663941871026,1.3860916952967657,0.15006120917742766,0.0
2025-06-01,RKE,WHITTINGTON HEALTH NHS TRUST,25323,8985.0,349.0,39.0,0.0,35.48157801208387,1.3781937369190065,0.1540101883663073,0.0
2025-07-01,RKE,WHITTINGTON HEALTH NHS TRUST,26461,9240.0,401.0,54.0,0.0,34.91931521862364,1.515437814141567,0.20407392010883943,0.0
2025-08-01,RKE,WHITTINGTON HEALTH NHS TRUST,26978,9915.0,539.0,107.0,0.0,36.75216843353844,1.9979242345614945,0.396619467714434,0.0
2025-09-01,RKE,WHITTINGTON HEALTH NHS TRUST,27055,10301.0,568.0,91.0,0.0,38.074293106634634,2.0994270929587877,0.33635187580853815,0.0
2025-10-01,RKE,WHITTINGTON HEALTH NHS TRUST,26700,10562.0,515.0,21.0,0.0,39.55805243445693,1.9288389513108615,0.07865168539325842,0.0
2025-11-01,RKE,WHITTINGTON HEALTH NHS TRUST,27941,11153.0,520.0,9.0,0.0,39.91625210264486,1.8610643856698041,0.032210729751977384,0.0
2025-12-01,RKE,WHITTINGTON HEALTH NHS TRUST,28783,11767.0,658.0,7.0,0.0,40.88177048952507,2.2860716395094327,0.024319911058610987,0.0
2026-01-01,RKE,WHITTINGTON HEALTH NHS TRUST,27921,11748.0,434.0,0.0,0.0,42.075856881916835,1.5543855879087425,0.0,0.0
2026-02-01,RKE,WHITTINGTON HEALTH NHS TRUST,25096,9654.0,216.0,1.0,0.0,38.46828179789608,0.8606949314631814,0.003984698756773987,0.0
2026-03-01,RKE,WHITTINGTON HEALTH NHS TRUST,21820,6238.0,76.0,0.0,0.0,28.5884509624198,0.3483043079743355,0.0,0.0
2026-04-01,RKE,WHITTINGTON HEALTH NHS TRUST,22422,6565.0,95.0,0.0,0.0,29.27927927927928,0.4236910177504237,0.0,0.0
2026-05-01,RKE,WHITTINGTON HEALTH NHS TRUST,23281,6906.0,83.0,0.0,0.0,29.663674240797217,0.35651389545122636,0.0,0.0
2026-06-01,RKE,WHITTINGTON HEALTH NHS TRUST,22839,7234.0,81.0,1.0,0.0,31.673891151101184,0.3546565086037042,0.004378475414860546,0.0
2025-04-01,RL1,THE ROBERT JONES AND AGNES HUNT ORTHOPAEDIC HOSPITAL NHS FOUNDATION TRUST,26090,14884.0,2768.0,1168.0,148.0,57.048677654273675,10.609428899961673,4.4768110387121505,0.5672671521655807
2025-05-01,RL1,THE ROBERT JONES AND AGNES HUNT ORTHOPAEDIC HOSPITAL NHS FOUNDATION TRUST,26815,15343.0,3134.0,1295.0,161.0,57.21797501398471,11.687488346074957,4.829386537385791,0.6004102181614768
2025-06-01,RL1,THE ROBERT JONES AND AGNES HUNT ORTHOPAEDIC HOSPITAL NHS FOUNDATION TRUST,27044,15409.0,3481.0,1403.0,189.0,56.977518118621504,12.871616624759652,5.187842035201893,0.6988611152196421
2025-07-01,RL1,THE ROBERT JONES AND AGNES HUNT ORTHOPAEDIC HOSPITAL NHS FOUNDATION TRUST,27357,15245.0,3570.0,1601.0,250.0,55.72613956208649,13.049676499616186,5.852249881200424,0.9138428921299849
2025-08-01,RL1,THE ROBERT JONES AND AGNES HUNT ORTHOPAEDIC HOSPITAL NHS FOUNDATION TRUST,27030,14993.0,3616.0,1748.0,297.0,55.46799852016279,13.377728449870514,6.466888642249352,1.0987791342952273
2025-09-01,RL1,THE ROBERT JONES AND AGNES HUNT ORTHOPAEDIC HOSPITAL NHS FOUNDATION TRUST,27333,14363.0,3718.0,1881.0,357.0,52.54820180733911,13.602604909815973,6.881791241356602,1.3061134891888926
2025-10-01,RL1,THE ROBERT JONES AND AGNES HUNT ORTHOPAEDIC HOSPITAL NHS FOUNDATION TRUST,27718,14159.0,3638.0,1911.0,416.0,51.08232917237896,13.125045097048849,6.894436828053972,1.500829785698824
2025-11-01,RL1,THE ROBERT JONES AND AGNES HUNT ORTHOPAEDIC HOSPITAL NHS FOUNDATION TRUST,27100,13628.0,3511.0,1919.0,419.0,50.28782287822878,12.955719557195572,7.081180811808119,1.5461254612546125
2025-12-01,RL1,THE ROBERT JONES AND AGNES HUNT ORTHOPAEDIC HOSPITAL NHS FOUNDATION TRUST,26641,13741.0,3402.0,1999.0,386.0,51.57839420442175,12.769790923764123,7.503472091888443,1.4488945610149768
2026-01-01,RL1,THE ROBERT JONES AND AGNES HUNT ORTHOPAEDIC HOSPITAL NHS FOUNDATION TRUST,26409,13687.0,3311.0,1972.0,375.0,51.82702866447044,12.537392555568177,7.467151349918588,1.419970464614336
2026-02-01,RL1,THE ROBERT JONES AND AGNES HUNT ORTHOPAEDIC HOSPITAL NHS FOUNDATION TRUST,25250,13028.0,3155.0,1947.0,359.0,51.5960396039604,12.495049504950495,7.710891089108911,1.421782178217822
2026-03-01,RL1,THE ROBERT JONES AND AGNES HUNT ORTHOPAEDIC HOSPITAL NHS FOUNDATION TRUST,23933,11400.0,2814.0,1803.0,341.0,47.63297538962939,11.757823925124306,7.533531107675594,1.4248109305143526
2026-04-01,RL1,THE ROBERT JONES AND AGNES HUNT ORTHOPAEDIC HOSPITAL NHS FOUNDATION TRUST,23494,11092.0,2768.0,1787.0,379.0,47.21205414148294,11.781731505916405,7.6061973269771,1.6131778326381203
2026-05-01,RL1,THE ROBERT JONES AND AGNES HUNT ORTHOPAEDIC HOSPITAL NHS FOUNDATION TRUST,23494,10900.0,2686.0,1758.0,394.0,46.39482421043671,11.432706222865413,7.482761556141994,1.6770239210011066
2026-06-01,RL1,THE ROBERT JONES AND AGNES HUNT ORTHOPAEDIC HOSPITAL NHS FOUNDATION TRUST,23398,10850.0,2584.0,1657.0,367.0,46.371484742285666,11.04367894691854,7.081801863407129,1.5685101290708607
2025-04-01,RL4,THE ROYAL WOLVERHAMPTON NHS TRUST,86226,41272.0,2189.0,5.0,0.0,47.864913135249225,2.538677429081716,0.005798715004754947,0.0
2025-05-01,RL4,THE ROYAL WOLVERHAMPTON NHS TRUST,80339,36714.0,2468.0,11.0,0.0,45.69885111838584,3.071982474265301,0.013691980233759444,0.0
2025-06-01,RL4,THE ROYAL WOLVERHAMPTON NHS TRUST,79970,35622.0,2377.0,15.0,0.0,44.5442040765287,2.972364636738777,0.01875703388770789,0.0
2025-07-01,RL4,THE ROYAL WOLVERHAMPTON NHS TRUST,78673,35273.0,2202.0,29.0,0.0,44.83494972862354,2.7989272050131557,0.03686143912142666,0.0
2025-08-01,RL4,THE ROYAL WOLVERHAMPTON NHS TRUST,77368,35058.0,1883.0,44.0,0.0,45.31330782752559,2.4338227691035055,0.05687105780167512,0.0
2025-09-01,RL4,THE ROYAL WOLVERHAMPTON NHS TRUST,75270,33881.0,1838.0,39.0,0.0,45.01262123023781,2.441875913378504,0.05181347150259067,0.0
2025-10-01,RL4,THE ROYAL WOLVERHAMPTON NHS TRUST,76871,34766.0,1925.0,39.0,0.0,45.226418285179065,2.5041953402453463,0.050734347153022594,0.0
2025-11-01,RL4,THE ROYAL WOLVERHAMPTON NHS TRUST,76803,34558.0,2110.0,26.0,0.0,44.99563819121649,2.7472885173756234,0.03385284428993659,0.0
2025-12-01,RL4,THE ROYAL WOLVERHAMPTON NHS TRUST,75763,34807.0,2341.0,6.0,0.0,45.94195055634017,3.0898987632485513,0.00791943296859945,0.0
2026-01-01,RL4,THE ROYAL WOLVERHAMPTON NHS TRUST,79019,34605.0,2110.0,0.0,0.0,43.793264910970784,2.670243865399461,0.0,0.0
2026-02-01,RL4,THE ROYAL WOLVERHAMPTON NHS TRUST,77741,33359.0,2025.0,0.0,0.0,42.9104333620612,2.6048031283363993,0.0,0.0
2026-03-01,RL4,THE ROYAL WOLVERHAMPTON NHS TRUST,72443,28532.0,1642.0,0.0,0.0,39.38544786935936,2.2666096103143163,0.0,0.0
2026-04-01,RL4,THE ROYAL WOLVERHAMPTON NHS TRUST,73776,29328.0,1903.0,0.0,0.0,39.75276512687053,2.579429624810236,0.0,0.0
2026-05-01,RL4,THE ROYAL WOLVERHAMPTON NHS TRUST,73165,28960.0,1809.0,0.0,0.0,39.58176723843368,2.472493678671496,0.0,0.0
2026-06-01,RL4,THE ROYAL WOLVERHAMPTON NHS TRUST,72008,27300.0,1214.0,0.0,0.0,37.91245417175869,1.6859237862459728,0.0,0.0
2025-04-01,RLQ,WYE VALLEY NHS TRUST,27943,12031.0,660.0,31.0,0.0,43.055505851197076,2.361951114769352,0.11094012811795441,0.0
2025-05-01,RLQ,WYE VALLEY NHS TRUST,28097,11521.0,768.0,46.0,0.0,41.00437769156849,2.7333879061821547,0.1637185464640353,0.0
2025-06-01,RLQ,WYE VALLEY NHS TRUST,27296,11136.0,871.0,34.0,0.0,40.79718640093787,3.190943728018757,0.12456037514654163,0.0
2025-07-01,RLQ,WYE VALLEY NHS TRUST,27198,10772.0,909.0,48.0,0.0,39.605853371571435,3.3421575115817337,0.17648356496801235,0.0
2025-08-01,RLQ,WYE VALLEY NHS TRUST,27294,10971.0,973.0,80.0,1.0,40.19564739503188,3.564886055543343,0.2931047116582399,0.003663808895727999
2025-09-01,RLQ,WYE VALLEY NHS TRUST,27214,10551.0,925.0,104.0,0.0,38.77048577937826,3.398985816124054,0.3821562431101639,0.0
2025-10-01,RLQ,WYE VALLEY NHS TRUST,26991,10305.0,925.0,121.0,1.0,38.17939313104368,3.427068282019933,0.44829758067503983,0.003704938683264792
2025-11-01,RLQ,WYE VALLEY NHS TRUST,26366,10036.0,852.0,118.0,0.0,38.064173556853525,3.2314344231206853,0.4475460820754002,0.0
2025-12-01,RLQ,WYE VALLEY NHS TRUST,26168,9945.0,832.0,143.0,0.0,38.004432895139104,3.1794558239070616,0.5464689697340263,0.0
2026-01-01,RLQ,WYE VALLEY NHS TRUST,25888,9648.0,754.0,178.0,2.0,37.26823238566131,2.9125463535228677,0.6875772558714462,0.007725587144622991
2026-02-01,RLQ,WYE VALLEY NHS TRUST,26034,9505.0,733.0,210.0,1.0,36.50994852884689,2.8155488975954523,0.806637474072367,0.003841130828916033
2026-03-01,RLQ,WYE VALLEY NHS TRUST,26031,9042.0,546.0,219.0,4.0,34.735507663939146,2.0974991356459607,0.8413045983634897,0.01536629403403634
2026-04-01,RLQ,WYE VALLEY NHS TRUST,26420,9258.0,566.0,241.0,6.0,35.041635124905376,2.142316426949281,0.9121877365632096,0.02271006813020439
2026-05-01,RLQ,WYE VALLEY NHS TRUST,27140,9559.0,618.0,263.0,5.0,35.221075902726604,2.277081798084009,0.9690493736182757,0.018422991893883568
2026-06-01,RLQ,WYE VALLEY NHS TRUST,27486,9949.0,638.0,283.0,7.0,36.196609182856726,2.3211816924979987,1.0296150767663537,0.025467510732736665
2025-04-01,RLT,GEORGE ELIOT HOSPITAL NHS TRUST,20260,8496.0,746.0,19.0,0.0,41.934846989141164,3.6821322803553804,0.09378084896347483,0.0
2025-05-01,RLT,GEORGE ELIOT HOSPITAL NHS TRUST,20574,8577.0,831.0,30.0,0.0,41.68853893263342,4.039078448527268,0.1458151064450277,0.0
2025-06-01,RLT,GEORGE ELIOT HOSPITAL NHS TRUST,20279,7965.0,687.0,8.0,0.0,39.27708466886927,3.3877410128704573,0.03944967700576952,0.0
2025-07-01,RLT,GEORGE ELIOT HOSPITAL NHS TRUST,20525,7750.0,371.0,8.0,0.0,37.758830694275275,1.8075517661388552,0.0389768574908648,0.0
2025-08-01,RLT,GEORGE ELIOT HOSPITAL NHS TRUST,20217,7479.0,170.0,1.0,0.0,36.99361923133996,0.8408764900826038,0.004946332294603551,0.0
2025-09-01,RLT,GEORGE ELIOT HOSPITAL NHS TRUST,20438,7255.0,166.0,1.0,0.0,35.497602505137486,0.8122125452588317,0.004892846658185733,0.0
2025-10-01,RLT,GEORGE ELIOT HOSPITAL NHS TRUST,20058,6902.0,163.0,2.0,0.0,34.41021038986938,0.8126433343304417,0.009971083856815235,0.0
2025-11-01,RLT,GEORGE ELIOT HOSPITAL NHS TRUST,19680,6865.0,173.0,0.0,0.0,34.88313008130081,0.8790650406504066,0.0,0.0
2025-12-01,RLT,GEORGE ELIOT HOSPITAL NHS TRUST,19697,7064.0,155.0,0.0,0.0,35.863329441031624,0.7869218662740519,0.0,0.0
2026-01-01,RLT,GEORGE ELIOT HOSPITAL NHS TRUST,20287,7352.0,236.0,2.0,0.0,36.23995662246759,1.163306550993247,0.009858530093163108,0.0
2026-02-01,RLT,GEORGE ELIOT HOSPITAL NHS TRUST,19944,7141.0,199.0,3.0,0.0,35.80525471319695,0.99779382270357,0.015042117930204574,0.0
2026-03-01,RLT,GEORGE ELIOT HOSPITAL NHS TRUST,19118,6348.0,91.0,0.0,0.0,33.20431007427555,0.4759912124699236,0.0,0.0
2026-04-01,RLT,GEORGE ELIOT HOSPITAL NHS TRUST,19569,6947.0,133.0,0.0,0.0,35.500025550615774,0.6796463794777454,0.0,0.0
2026-05-01,RLT,GEORGE ELIOT HOSPITAL NHS TRUST,19240,6912.0,119.0,0.0,0.0,35.92515592515593,0.6185031185031186,0.0,0.0
2026-06-01,RLT,GEORGE ELIOT HOSPITAL NHS TRUST,19369,6880.0,101.0,0.0,0.0,35.52067737105684,0.5214518044297589,0.0,0.0
2025-04-01,RM1,NORFOLK AND NORWICH UNIVERSITY HOSPITALS NHS FOUNDATION TRUST,80247,37670.0,3714.0,165.0,0.0,46.94256483108403,4.6282104003888,0.2056151631836704,0.0
2025-05-01,RM1,NORFOLK AND NORWICH UNIVERSITY HOSPITALS NHS FOUNDATION TRUST,80433,36846.0,3696.0,196.0,0.0,45.809555779344294,4.59512886501809,0.2436810761752017,0.0
2025-06-01,RM1,NORFOLK AND NORWICH UNIVERSITY HOSPITALS NHS FOUNDATION TRUST,80831,36680.0,3645.0,22.0,0.0,45.37862948621198,4.509408519008796,0.02721728049881852,0.0
2025-07-01,RM1,NORFOLK AND NORWICH UNIVERSITY HOSPITALS NHS FOUNDATION TRUST,81837,37962.0,3891.0,45.0,0.0,46.387330913889805,4.754573114850251,0.05498735290883097,0.0
2025-08-01,RM1,NORFOLK AND NORWICH UNIVERSITY HOSPITALS NHS FOUNDATION TRUST,82575,39751.0,4155.0,68.0,0.0,48.139267332727826,5.0317892824704815,0.08234937935210415,0.0
2025-09-01,RM1,NORFOLK AND NORWICH UNIVERSITY HOSPITALS NHS FOUNDATION TRUST,83318,39898.0,4103.0,102.0,0.0,47.88641109964233,4.924506109124079,0.12242252574473703,0.0
2025-10-01,RM1,NORFOLK AND NORWICH UNIVERSITY HOSPITALS NHS FOUNDATION TRUST,82713,40376.0,4121.0,121.0,0.0,48.81457570152213,4.982288153011014,0.14628897513087422,0.0
2025-11-01,RM1,NORFOLK AND NORWICH UNIVERSITY HOSPITALS NHS FOUNDATION TRUST,77070,34669.0,3615.0,94.0,0.0,44.98378097833139,4.690541066562865,0.12196704294796937,0.0
2025-12-01,RM1,NORFOLK AND NORWICH UNIVERSITY HOSPITALS NHS FOUNDATION TRUST,76309,34251.0,3266.0,121.0,0.0,44.88461387254452,4.27996697637238,0.15856583102910535,0.0
2026-01-01,RM1,NORFOLK AND NORWICH UNIVERSITY HOSPITALS NHS FOUNDATION TRUST,68959,28606.0,2626.0,156.0,0.0,41.48262010760016,3.808059861656927,0.22622137792021346,0.0
2026-02-01,RM1,NORFOLK AND NORWICH UNIVERSITY HOSPITALS NHS FOUNDATION TRUST,66429,25277.0,1975.0,66.0,0.0,38.051152358156834,2.9730990982853873,0.09935419771485346,0.0
2026-03-01,RM1,NORFOLK AND NORWICH UNIVERSITY HOSPITALS NHS FOUNDATION TRUST,67127,24385.0,1730.0,45.0,0.0,36.326664382439255,2.577204403593189,0.06703710876398469,0.0
2026-04-01,RM1,NORFOLK AND NORWICH UNIVERSITY HOSPITALS NHS FOUNDATION TRUST,68482,25759.0,1875.0,124.0,0.0,37.61426360211442,2.737945737566076,0.1810694781110365,0.0
2026-05-01,RM1,NORFOLK AND NORWICH UNIVERSITY HOSPITALS NHS FOUNDATION TRUST,68317,25539.0,1832.0,135.0,0.0,37.38308180979844,2.681616581524364,0.19760820879136964,0.0
2026-06-01,RM1,NORFOLK AND NORWICH UNIVERSITY HOSPITALS NHS FOUNDATION TRUST,70643,26538.0,1888.0,202.0,0.0,37.5663547697578,2.6725931797913454,0.28594482114292996,0.0
2025-04-01,RM3,NORTHERN CARE ALLIANCE NHS FOUNDATION TRUST,138872,66142.0,4974.0,33.0,0.0,47.62803156863875,3.5817155366092512,0.023762889567371392,0.0
2025-05-01,RM3,NORTHERN CARE ALLIANCE NHS FOUNDATION TRUST,137966,63514.0,5058.0,47.0,0.0,46.035979879100644,3.6661206384181613,0.03406636417668121,0.0
2025-06-01,RM3,NORTHERN CARE ALLIANCE NHS FOUNDATION TRUST,136628,63280.0,5051.0,34.0,0.0,46.31554293409843,3.6968996106215415,0.024885089439939105,0.0
2025-07-01,RM3,NORTHERN CARE ALLIANCE NHS FOUNDATION TRUST,137542,63872.0,5081.0,37.0,0.0,46.43817888354103,3.694144334094313,0.02690087391487691,0.0
2025-08-01,RM3,NORTHERN CARE ALLIANCE NHS FOUNDATION TRUST,139204,65854.0,5194.0,32.0,0.0,47.30754863365995,3.731214620269532,0.022987845176862736,0.0
2025-09-01,RM3,NORTHERN CARE ALLIANCE NHS FOUNDATION TRUST,140603,65259.0,4801.0,39.0,0.0,46.413661159434724,3.4145786363022124,0.027737672738135034,0.0
2025-10-01,RM3,NORTHERN CARE ALLIANCE NHS FOUNDATION TRUST,141151,64684.0,4572.0,17.0,0.0,45.82610112574477,3.239084384807759,0.012043839576056847,0.0
2025-11-01,RM3,NORTHERN CARE ALLIANCE NHS FOUNDATION TRUST,138004,63873.0,4352.0,16.0,0.0,46.28344105967943,3.1535317816874873,0.011593866844439292,0.0
2025-12-01,RM3,NORTHERN CARE ALLIANCE NHS FOUNDATION TRUST,135559,63814.0,4159.0,13.0,0.0,47.07470547879521,3.0680367957863366,0.009589920256124639,0.0
2026-01-01,RM3,NORTHERN CARE ALLIANCE NHS FOUNDATION TRUST,134276,63980.0,4425.0,16.0,0.0,47.648127736900115,3.295451160296702,0.011915755607852484,0.0
2026-02-01,RM3,NORTHERN CARE ALLIANCE NHS FOUNDATION TRUST,130781,59697.0,4571.0,28.0,0.0,45.6465388703252,3.495156024193117,0.021409837820478513,0.0
2026-03-01,RM3,NORTHERN CARE ALLIANCE NHS FOUNDATION TRUST,129221,52942.0,3696.0,11.0,0.0,40.970120955572234,2.8602162187260585,0.00851254827001803,0.0
2026-04-01,RM3,NORTHERN CARE ALLIANCE NHS FOUNDATION TRUST,132998,55436.0,3799.0,39.0,0.0,41.681829801951906,2.8564339313373135,0.02932374922931172,0.0
2026-05-01,RM3,NORTHERN CARE ALLIANCE NHS FOUNDATION TRUST,134640,56035.0,3703.0,97.0,0.0,41.61838978015449,2.7502970885323825,0.07204396910279263,0.0
2026-06-01,RM3,NORTHERN CARE ALLIANCE NHS FOUNDATION TRUST,133909,57290.0,3613.0,131.0,0.0,42.78278532436207,2.698100949152036,0.09782762921088202,0.0
2025-04-01,RMC,BOLTON NHS FOUNDATION TRUST,38173,17209.0,1254.0,14.0,0.0,45.08160217955099,3.2850444031121473,0.03667513687685013,0.0
2025-05-01,RMC,BOLTON NHS FOUNDATION TRUST,37308,16484.0,1294.0,19.0,0.0,44.18355312533505,3.46842500268039,0.05092741503162861,0.0
2025-06-01,RMC,BOLTON NHS FOUNDATION TRUST,37252,16052.0,1154.0,23.0,0.0,43.090303876301945,3.0978202512616773,0.06174165145495544,0.0
2025-07-01,RMC,BOLTON NHS FOUNDATION TRUST,37565,16082.0,1230.0,35.0,0.0,42.81112737920937,3.274324504192733,0.09317183548515906,0.0
2025-08-01,RMC,BOLTON NHS FOUNDATION TRUST,37521,15754.0,1153.0,28.0,0.0,41.98715386050478,3.0729458170091415,0.07462487673569468,0.0
2025-09-01,RMC,BOLTON NHS FOUNDATION TRUST,37555,15351.0,1097.0,30.0,0.0,40.87604846225536,2.92104912794568,0.07988283850352816,0.0
2025-10-01,RMC,BOLTON NHS FOUNDATION TRUST,37366,15292.0,1057.0,26.0,0.0,40.92490499384468,2.828774822030723,0.06958197291655516,0.0
2025-11-01,RMC,BOLTON NHS FOUNDATION TRUST,37478,15527.0,1103.0,32.0,0.0,41.42963872138321,2.9430599284913814,0.08538342494263301,0.0
2025-12-01,RMC,BOLTON NHS FOUNDATION TRUST,37532,15980.0,910.0,2.0,0.0,42.5770009591815,2.4245976766492596,0.005328786102525844,0.0
2026-01-01,RMC,BOLTON NHS FOUNDATION TRUST,38836,16502.0,696.0,0.0,0.0,42.49150272942631,1.7921516119064784,0.0,0.0
2026-02-01,RMC,BOLTON NHS FOUNDATION TRUST,37369,15007.0,543.0,0.0,0.0,40.15895528379138,1.453076079103,0.0,0.0
2026-03-01,RMC,BOLTON NHS FOUNDATION TRUST,37849,14335.0,374.0,0.0,0.0,37.87418425850089,0.9881370709926287,0.0,0.0
2026-04-01,RMC,BOLTON NHS FOUNDATION TRUST,36779,14434.0,440.0,0.0,0.0,39.245221457897166,1.1963348650044863,0.0,0.0
2026-05-01,RMC,BOLTON NHS FOUNDATION TRUST,37294,14657.0,395.0,0.0,0.0,39.30122807958385,1.0591516061564863,0.0,0.0
2026-06-01,RMC,BOLTON NHS FOUNDATION TRUST,37808,14746.0,444.0,0.0,0.0,39.002327549724924,1.174354633939907,0.0,0.0
2025-04-01,RMP,TAMESIDE AND GLOSSOP INTEGRATED CARE NHS FOUNDATION TRUST,17206,5030.0,0.0,0.0,0.0,29.233988143670814,0.0,0.0,0.0
2025-05-01,RMP,TAMESIDE AND GLOSSOP INTEGRATED CARE NHS FOUNDATION TRUST,17153,4834.0,0.0,0.0,0.0,28.181659184982216,0.0,0.0,0.0
2025-06-01,RMP,TAMESIDE AND GLOSSOP INTEGRATED CARE NHS FOUNDATION TRUST,17019,4731.0,0.0,0.0,0.0,27.798343028380046,0.0,0.0,0.0
2025-07-01,RMP,TAMESIDE AND GLOSSOP INTEGRATED CARE NHS FOUNDATION TRUST,17204,4878.0,0.0,0.0,0.0,28.35387119274587,0.0,0.0,0.0
2025-08-01,RMP,TAMESIDE AND GLOSSOP INTEGRATED CARE NHS FOUNDATION TRUST,17099,5069.0,0.0,0.0,0.0,29.645008480028075,0.0,0.0,0.0
2025-09-01,RMP,TAMESIDE AND GLOSSOP INTEGRATED CARE NHS FOUNDATION TRUST,17277,4713.0,0.0,0.0,0.0,27.27904150026046,0.0,0.0,0.0
2025-10-01,RMP,TAMESIDE AND GLOSSOP INTEGRATED CARE NHS FOUNDATION TRUST,17118,4511.0,0.0,0.0,0.0,26.352377614207267,0.0,0.0,0.0
2025-11-01,RMP,TAMESIDE AND GLOSSOP INTEGRATED CARE NHS FOUNDATION TRUST,17013,4491.0,0.0,0.0,0.0,26.397460765297126,0.0,0.0,0.0
2025-12-01,RMP,TAMESIDE AND GLOSSOP INTEGRATED CARE NHS FOUNDATION TRUST,16813,4573.0,0.0,0.0,0.0,27.199191102123354,0.0,0.0,0.0
2026-01-01,RMP,TAMESIDE AND GLOSSOP INTEGRATED CARE NHS FOUNDATION TRUST,16987,4529.0,0.0,0.0,0.0,26.66156472596692,0.0,0.0,0.0
2026-02-01,RMP,TAMESIDE AND GLOSSOP INTEGRATED CARE NHS FOUNDATION TRUST,16406,4156.0,0.0,0.0,0.0,25.33219553821773,0.0,0.0,0.0
2026-03-01,RMP,TAMESIDE AND GLOSSOP INTEGRATED CARE NHS FOUNDATION TRUST,16401,3865.0,0.0,0.0,0.0,23.56563624169258,0.0,0.0,0.0
2026-04-01,RMP,TAMESIDE AND GLOSSOP INTEGRATED CARE NHS FOUNDATION TRUST,16288,3820.0,0.0,0.0,0.0,23.452848722986246,0.0,0.0,0.0
2026-05-01,RMP,TAMESIDE AND GLOSSOP INTEGRATED CARE NHS FOUNDATION TRUST,16888,3782.0,0.0,0.0,0.0,22.394599715774515,0.0,0.0,0.0
2026-06-01,RMP,TAMESIDE AND GLOSSOP INTEGRATED CARE NHS FOUNDATION TRUST,16793,3638.0,0.0,0.0,0.0,21.66378848329661,0.0,0.0,0.0
2025-04-01,RN3,GREAT WESTERN HOSPITALS NHS FOUNDATION TRUST,37512,15834.0,816.0,25.0,0.0,42.210492642354446,2.1753039027511196,0.06664534015781617,0.0
2025-05-01,RN3,GREAT WESTERN HOSPITALS NHS FOUNDATION TRUST,37476,15156.0,764.0,31.0,0.0,40.4418828049952,2.038638061692817,0.08271960721528444,0.0
2025-06-01,RN3,GREAT WESTERN HOSPITALS NHS FOUNDATION TRUST,38227,14993.0,679.0,21.0,0.0,39.220969471839275,1.776231459439663,0.054934993590917414,0.0
2025-07-01,RN3,GREAT WESTERN HOSPITALS NHS FOUNDATION TRUST,39242,15218.0,707.0,26.0,0.0,38.77987870139137,1.80164109882269,0.06625554253096173,0.0
2025-08-01,RN3,GREAT WESTERN HOSPITALS NHS FOUNDATION TRUST,40133,15869.0,646.0,21.0,0.0,39.54102608825655,1.609647920663793,0.0523260159968106,0.0
2025-09-01,RN3,GREAT WESTERN HOSPITALS NHS FOUNDATION TRUST,40648,15986.0,573.0,29.0,1.0,39.327888210982096,1.409663452076363,0.07134422357803583,0.002460145640621925
2025-10-01,RN3,GREAT WESTERN HOSPITALS NHS FOUNDATION TRUST,41621,16401.0,559.0,28.0,0.0,39.405588525023425,1.3430720069195838,0.06727373201028326,0.0
2025-11-01,RN3,GREAT WESTERN HOSPITALS NHS FOUNDATION TRUST,41823,16827.0,602.0,22.0,0.0,40.23384262248045,1.4393993735504387,0.05260263491380341,0.0
2025-12-01,RN3,GREAT WESTERN HOSPITALS NHS FOUNDATION TRUST,42844,17583.0,658.0,10.0,0.0,41.03958547287835,1.5358043133227524,0.023340491083932408,0.0
2026-01-01,RN3,GREAT WESTERN HOSPITALS NHS FOUNDATION TRUST,43958,18469.0,740.0,5.0,0.0,42.01510532781291,1.6834250875836023,0.01137449383502434,0.0
2026-02-01,RN3,GREAT WESTERN HOSPITALS NHS FOUNDATION TRUST,44295,18906.0,779.0,8.0,0.0,42.682018286488315,1.7586635060390563,0.01806072920194153,0.0
2026-03-01,RN3,GREAT WESTERN HOSPITALS NHS FOUNDATION TRUST,42670,18044.0,788.0,10.0,0.0,42.2873213030232,1.8467307241621749,0.023435669088352474,0.0
2026-04-01,RN3,GREAT WESTERN HOSPITALS NHS FOUNDATION TRUST,44196,19127.0,1002.0,19.0,0.0,43.27767218752828,2.267173499864241,0.0429903158656892,0.0
2026-05-01,RN3,GREAT WESTERN HOSPITALS NHS FOUNDATION TRUST,43973,18807.0,1074.0,12.0,0.0,42.769426693652925,2.4424078411752665,0.02728947308575717,0.0
2026-06-01,RN3,GREAT WESTERN HOSPITALS NHS FOUNDATION TRUST,42881,18503.0,1091.0,9.0,0.0,43.149646696672185,2.5442503672955388,0.020988316503812877,0.0
2025-04-01,RN5,HAMPSHIRE HOSPITALS NHS FOUNDATION TRUST,50934,21338.0,1421.0,61.0,0.0,41.89343071425767,2.7898849491498803,0.11976283032944594,0.0
2025-05-01,RN5,HAMPSHIRE HOSPITALS NHS FOUNDATION TRUST,51559,20723.0,1613.0,98.0,0.0,40.192788843848795,3.1284547799608218,0.1900735080199383,0.0
2025-06-01,RN5,HAMPSHIRE HOSPITALS NHS FOUNDATION TRUST,50383,20370.0,1661.0,140.0,0.0,40.430303872337895,3.296746918603497,0.27787150427723634,0.0
2025-07-01,RN5,HAMPSHIRE HOSPITALS NHS FOUNDATION TRUST,50593,20891.0,1902.0,172.0,0.0,41.29227363469254,3.759413357579112,0.33996797976004584,0.0
2025-08-01,RN5,HAMPSHIRE HOSPITALS NHS FOUNDATION TRUST,50866,20819.0,2048.0,193.0,0.0,40.929107852003305,4.026265088664334,0.3794283018126057,0.0
2025-09-01,RN5,HAMPSHIRE HOSPITALS NHS FOUNDATION TRUST,50669,20507.0,2013.0,245.0,0.0,40.47247824113363,3.9728433558980836,0.48353036373324915,0.0
2025-10-01,RN5,HAMPSHIRE HOSPITALS NHS FOUNDATION TRUST,50742,20738.0,2027.0,203.0,1.0,40.86949666942572,3.994718379251902,0.40006306412833553,0.001970754010484411
2025-11-01,RN5,HAMPSHIRE HOSPITALS NHS FOUNDATION TRUST,50235,20771.0,1741.0,150.0,2.0,41.347665969941275,3.465711157559471,0.2985965959988056,0.003981287946650741
2025-12-01,RN5,HAMPSHIRE HOSPITALS NHS FOUNDATION TRUST,50492,20930.0,1600.0,58.0,1.0,41.452111225540676,3.168818822783807,0.11486968232591302,0.0019805117642398796
2026-01-01,RN5,HAMPSHIRE HOSPITALS NHS FOUNDATION TRUST,50781,21417.0,1509.0,51.0,0.0,42.17522301648254,2.9715838601051576,0.10043126366160572,0.0
2026-02-01,RN5,HAMPSHIRE HOSPITALS NHS FOUNDATION TRUST,50105,20527.0,1435.0,61.0,0.0,40.967967268735656,2.863985630176629,0.1217443368925257,0.0
2026-03-01,RN5,HAMPSHIRE HOSPITALS NHS FOUNDATION TRUST,48518,17239.0,1248.0,45.0,0.0,35.53114308091842,2.5722412300589474,0.0927490828146255,0.0
2026-04-01,RN5,HAMPSHIRE HOSPITALS NHS FOUNDATION TRUST,48849,17453.0,1263.0,55.0,1.0,35.72846936477717,2.585518639071424,0.11259186472599235,0.0020471248131998607
2026-05-01,RN5,HAMPSHIRE HOSPITALS NHS FOUNDATION TRUST,49936,17436.0,1337.0,57.0,0.0,34.91669336751041,2.677427106696572,0.11414610701698173,0.0
2026-06-01,RN5,HAMPSHIRE HOSPITALS NHS FOUNDATION TRUST,50470,17604.0,1293.0,66.0,0.0,34.88012680800476,2.561917971071924,0.13077075490390333,0.0
2025-04-01,RN7,DARTFORD AND GRAVESHAM NHS TRUST,31268,12323.0,678.0,32.0,1.0,39.410899321990534,2.168351029806831,0.10234105155430473,0.003198157861072023
2025-05-01,RN7,DARTFORD AND GRAVESHAM NHS TRUST,31852,12883.0,736.0,13.0,0.0,40.446439784001,2.310686927037549,0.04081376365691322,0.0
2025-06-01,RN7,DARTFORD AND GRAVESHAM NHS TRUST,32577,13421.0,957.0,25.0,1.0,41.19777757313442,2.9376554010498204,0.07674125917058047,0.0030696503668232187
2025-07-01,RN7,DARTFORD AND GRAVESHAM NHS TRUST,32866,13107.0,1058.0,89.0,0.0,39.88011927219619,3.219132233919552,0.2707965678817014,0.0
2025-08-01,RN7,DARTFORD AND GRAVESHAM NHS TRUST,32695,12962.0,1219.0,96.0,0.0,39.645205688943264,3.7283988377427737,0.29362287811591986,0.0
2025-09-01,RN7,DARTFORD AND GRAVESHAM NHS TRUST,31979,12182.0,1103.0,43.0,0.0,38.09374902279621,3.449138497138747,0.13446324150223585,0.0
2025-10-01,RN7,DARTFORD AND GRAVESHAM NHS TRUST,31448,11948.0,1002.0,13.0,0.0,37.99287713050114,3.186212159755787,0.04133808191299924,0.0
2025-11-01,RN7,DARTFORD AND GRAVESHAM NHS TRUST,31762,12359.0,1021.0,2.0,0.0,38.91127762735344,3.2145330898558027,0.006296832693155343,0.0
2025-12-01,RN7,DARTFORD AND GRAVESHAM NHS TRUST,31775,12677.0,908.0,0.0,0.0,39.896144767899294,2.8575924468922107,0.0,0.0
2026-01-01,RN7,DARTFORD AND GRAVESHAM NHS TRUST,30886,12669.0,913.0,0.0,0.0,41.01858447192903,2.9560318590947356,0.0,0.0
2026-02-01,RN7,DARTFORD AND GRAVESHAM NHS TRUST,30719,12581.0,795.0,0.0,0.0,40.955109215794785,2.5879748689735993,0.0,0.0
2026-03-01,RN7,DARTFORD AND GRAVESHAM NHS TRUST,29571,11440.0,349.0,0.0,0.0,38.68655101281661,1.1802103412126745,0.0,0.0
2026-04-01,RN7,DARTFORD AND GRAVESHAM NHS TRUST,30535,11849.0,413.0,0.0,0.0,38.804650401178975,1.3525462583920091,0.0,0.0
2026-05-01,RN7,DARTFORD AND GRAVESHAM NHS TRUST,31405,12065.0,671.0,0.0,0.0,38.417449450724405,2.136602451838879,0.0,0.0
2026-06-01,RN7,DARTFORD AND GRAVESHAM NHS TRUST,30461,11877.0,846.0,4.0,0.0,38.990840747184926,2.7773218213453266,0.013131545254587833,0.0
2025-04-01,RNA,THE DUDLEY GROUP NHS FOUNDATION TRUST,45469,17574.0,801.0,1.0,0.0,38.65050913809409,1.761639798544063,0.002199300622402076,0.0
2025-05-01,RNA,THE DUDLEY GROUP NHS FOUNDATION TRUST,46125,17425.0,771.0,0.0,0.0,37.77777777777778,1.6715447154471545,0.0,0.0
2025-06-01,RNA,THE DUDLEY GROUP NHS FOUNDATION TRUST,46681,17197.0,454.0,0.0,0.0,36.83939932734946,0.9725584284826804,0.0,0.0
2025-07-01,RNA,THE DUDLEY GROUP NHS FOUNDATION TRUST,46859,17306.0,279.0,1.0,0.0,36.932072814187244,0.5954032309695043,0.002134061759747327,0.0
2025-08-01,RNA,THE DUDLEY GROUP NHS FOUNDATION TRUST,46398,17018.0,206.0,0.0,0.0,36.678305099357736,0.4439846545109703,0.0,0.0
2025-09-01,RNA,THE DUDLEY GROUP NHS FOUNDATION TRUST,46785,16752.0,105.0,0.0,0.0,35.806348188521966,0.22443090734209684,0.0,0.0
2025-10-01,RNA,THE DUDLEY GROUP NHS FOUNDATION TRUST,46916,17192.0,104.0,0.0,0.0,36.64421519311109,0.2216727768778242,0.0,0.0
2025-11-01,RNA,THE DUDLEY GROUP NHS FOUNDATION TRUST,47195,17008.0,26.0,0.0,0.0,36.0377158597309,0.05509058162940989,0.0,0.0
2025-12-01,RNA,THE DUDLEY GROUP NHS FOUNDATION TRUST,46895,17634.0,22.0,0.0,0.0,37.60315598677897,0.04691331698475317,0.0,0.0
2026-01-01,RNA,THE DUDLEY GROUP NHS FOUNDATION TRUST,46691,18209.0,33.0,0.0,0.0,38.99895054721467,0.07067743248163458,0.0,0.0
2026-02-01,RNA,THE DUDLEY GROUP NHS FOUNDATION TRUST,46879,18322.0,32.0,0.0,0.0,39.0835981996203,0.06826084174150472,0.0,0.0
2026-03-01,RNA,THE DUDLEY GROUP NHS FOUNDATION TRUST,45663,16429.0,19.0,0.0,0.0,35.97880121761602,0.04160918029914811,0.0,0.0
2026-04-01,RNA,THE DUDLEY GROUP NHS FOUNDATION TRUST,46643,16284.0,6.0,1.0,0.0,34.911991081191175,0.012863666573762408,0.0021439444289604015,0.0
2026-05-01,RNA,THE DUDLEY GROUP NHS FOUNDATION TRUST,46254,16123.0,11.0,0.0,0.0,34.85752583560341,0.0237817269857742,0.0,0.0
2026-06-01,RNA,THE DUDLEY GROUP NHS FOUNDATION TRUST,47261,16534.0,24.0,1.0,0.0,34.98444806500074,0.05078182856901039,0.002115909523708766,0.0
2025-04-01,RNN,NORTH CUMBRIA INTEGRATED CARE NHS FOUNDATION TRUST,38932,16945.0,941.0,15.0,0.0,43.52460700708928,2.4170348299599302,0.03852871673687455,0.0
2025-05-01,RNN,NORTH CUMBRIA INTEGRATED CARE NHS FOUNDATION TRUST,38296,16622.0,1095.0,16.0,0.0,43.40401086275329,2.8593064549822436,0.04177982034677251,0.0
2025-06-01,RNN,NORTH CUMBRIA INTEGRATED CARE NHS FOUNDATION TRUST,38249,16614.0,1110.0,11.0,0.0,43.43642971058067,2.90203665455306,0.028758921801877176,0.0
2025-07-01,RNN,NORTH CUMBRIA INTEGRATED CARE NHS FOUNDATION TRUST,38143,16840.0,1231.0,19.0,0.0,44.14964737959783,3.227328736596492,0.04981254751854862,0.0
2025-08-01,RNN,NORTH CUMBRIA INTEGRATED CARE NHS FOUNDATION TRUST,35253,16294.0,1376.0,18.0,0.0,46.22017984285026,3.903213910872833,0.051059484299208584,0.0
2025-09-01,RNN,NORTH CUMBRIA INTEGRATED CARE NHS FOUNDATION TRUST,39346,17041.0,1554.0,37.0,0.0,43.31062878056219,3.9495755604127485,0.09403751334316068,0.0
2025-10-01,RNN,NORTH CUMBRIA INTEGRATED CARE NHS FOUNDATION TRUST,39644,17518.0,1503.0,73.0,0.0,44.1882756533145,3.7912420542831198,0.18413883563717082,0.0
2025-11-01,RNN,NORTH CUMBRIA INTEGRATED CARE NHS FOUNDATION TRUST,39040,17501.0,1447.0,32.0,0.0,44.82838114754099,3.7064549180327866,0.08196721311475409,0.0
2025-12-01,RNN,NORTH CUMBRIA INTEGRATED CARE NHS FOUNDATION TRUST,39101,17281.0,1143.0,9.0,0.0,44.195800618910006,2.9231988951689214,0.023017314135188358,0.0
2026-01-01,RNN,NORTH CUMBRIA INTEGRATED CARE NHS FOUNDATION TRUST,38722,16970.0,1025.0,6.0,0.0,43.82521563968803,2.647074014771964,0.015495067403543204,0.0
2026-02-01,RNN,NORTH CUMBRIA INTEGRATED CARE NHS FOUNDATION TRUST,38262,16170.0,961.0,8.0,0.0,42.26125137211855,2.5116303381945535,0.02090847315874758,0.0
2026-03-01,RNN,NORTH CUMBRIA INTEGRATED CARE NHS FOUNDATION TRUST,35302,12612.0,579.0,0.0,0.0,35.726021188601216,1.640133703472891,0.0,0.0
2026-04-01,RNN,NORTH CUMBRIA INTEGRATED CARE NHS FOUNDATION TRUST,35167,12377.0,492.0,0.0,0.0,35.194927062302725,1.3990388716694628,0.0,0.0
2026-05-01,RNN,NORTH CUMBRIA INTEGRATED CARE NHS FOUNDATION TRUST,35639,12141.0,492.0,2.0,0.0,34.06661241897921,1.3805101153231012,0.0056118297370857766,0.0
2026-06-01,RNN,NORTH CUMBRIA INTEGRATED CARE NHS FOUNDATION TRUST,34908,11571.0,397.0,0.0,0.0,33.14712959779993,1.1372751231809328,0.0,0.0
2025-04-01,RNQ,KETTERING GENERAL HOSPITAL NHS FOUNDATION TRUST,24850,8317.0,171.0,1.0,0.0,33.46881287726358,0.6881287726358148,0.004024144869215292,0.0
2025-05-01,RNQ,KETTERING GENERAL HOSPITAL NHS FOUNDATION TRUST,25656,8493.0,254.0,2.0,0.0,33.10336763330215,0.9900218272528843,0.0077954474586841285,0.0
2025-06-01,RNQ,KETTERING GENERAL HOSPITAL NHS FOUNDATION TRUST,24957,8725.0,246.0,4.0,0.0,34.96013142605281,0.9856953960812598,0.016027567415955443,0.0
2025-07-01,RNQ,KETTERING GENERAL HOSPITAL NHS FOUNDATION TRUST,25827,9520.0,253.0,1.0,0.0,36.86064970767027,0.979594997483254,0.0038719169860998177,0.0
2025-08-01,RNQ,KETTERING GENERAL HOSPITAL NHS FOUNDATION TRUST,25619,9835.0,281.0,11.0,0.0,38.38947656036535,1.0968421874390102,0.042936882782310004,0.0
2025-09-01,RNQ,KETTERING GENERAL HOSPITAL NHS FOUNDATION TRUST,25263,9679.0,254.0,0.0,0.0,38.31294778925702,1.0054229505601076,0.0,0.0
2025-10-01,RNQ,KETTERING GENERAL HOSPITAL NHS FOUNDATION TRUST,25435,9855.0,247.0,0.0,0.0,38.745822685276195,0.9711028110870847,0.0,0.0
2025-11-01,RNQ,KETTERING GENERAL HOSPITAL NHS FOUNDATION TRUST,25062,9920.0,270.0,1.0,0.0,39.58183704413056,1.0773282259995212,0.003990104540738967,0.0
2025-12-01,RNQ,KETTERING GENERAL HOSPITAL NHS FOUNDATION TRUST,25747,9593.0,267.0,0.0,0.0,37.25870975259254,1.0370140210509962,0.0,0.0
2026-01-01,RNQ,KETTERING GENERAL HOSPITAL NHS FOUNDATION TRUST,24589,9350.0,278.0,1.0,0.0,38.02513318963764,1.1305868477774614,0.004066859164667128,0.0
2026-02-01,RNQ,KETTERING GENERAL HOSPITAL NHS FOUNDATION TRUST,24049,9024.0,205.0,0.0,0.0,37.52338974593538,0.852426296311697,0.0,0.0
2026-03-01,RNQ,KETTERING GENERAL HOSPITAL NHS FOUNDATION TRUST,23672,8457.0,79.0,0.0,0.0,35.72575194322406,0.3337276106792836,0.0,0.0
2026-04-01,RNQ,KETTERING GENERAL HOSPITAL NHS FOUNDATION TRUST,25456,9395.0,111.0,0.0,0.0,36.906819610307984,0.436046511627907,0.0,0.0
2026-05-01,RNQ,KETTERING GENERAL HOSPITAL NHS FOUNDATION TRUST,26714,9546.0,121.0,0.0,0.0,35.73407202216066,0.45294602081305685,0.0,0.0
2026-06-01,RNQ,KETTERING GENERAL HOSPITAL NHS FOUNDATION TRUST,27712,9541.0,72.0,0.0,0.0,34.42912817551963,0.25981524249422633,0.0,0.0
2025-04-01,RNS,NORTHAMPTON GENERAL HOSPITAL NHS TRUST,41962,15941.0,713.0,30.0,0.0,37.989133025117965,1.699156379581526,0.07149325580286926,0.0
2025-05-01,RNS,NORTHAMPTON GENERAL HOSPITAL NHS TRUST,40817,15614.0,576.0,34.0,0.0,38.25366881446456,1.4111767155841928,0.08329862557267806,0.0
2025-06-01,RNS,NORTHAMPTON GENERAL HOSPITAL NHS TRUST,42426,15896.0,547.0,23.0,0.0,37.46759062838825,1.2893037288455194,0.054212039786923114,0.0
2025-07-01,RNS,NORTHAMPTON GENERAL HOSPITAL NHS TRUST,43445,16122.0,588.0,15.0,0.0,37.10898837610772,1.353435378064219,0.03452641270571988,0.0
2025-08-01,RNS,NORTHAMPTON GENERAL HOSPITAL NHS TRUST,43628,16267.0,775.0,8.0,0.0,37.28568809021729,1.7763821399101494,0.018336847895846706,0.0
2025-09-01,RNS,NORTHAMPTON GENERAL HOSPITAL NHS TRUST,44908,17464.0,897.0,0.0,0.0,38.8883940500579,1.9974169413022178,0.0,0.0
2025-10-01,RNS,NORTHAMPTON GENERAL HOSPITAL NHS TRUST,43952,16934.0,702.0,0.0,0.0,38.52839461230433,1.5971969421186747,0.0,0.0
2025-11-01,RNS,NORTHAMPTON GENERAL HOSPITAL NHS TRUST,43579,17211.0,611.0,1.0,0.0,39.49379288189265,1.4020514467977696,0.0022946832189816198,0.0
2025-12-01,RNS,NORTHAMPTON GENERAL HOSPITAL NHS TRUST,43340,17285.0,559.0,0.0,0.0,39.88232579603138,1.2898015689893862,0.0,0.0
2026-01-01,RNS,NORTHAMPTON GENERAL HOSPITAL NHS TRUST,42781,17427.0,689.0,0.0,0.0,40.73537317968257,1.6105280381477758,0.0,0.0
2026-02-01,RNS,NORTHAMPTON GENERAL HOSPITAL NHS TRUST,42541,17063.0,631.0,2.0,0.0,40.1095413836064,1.483274958275546,0.0047013469358971344,0.0
2026-03-01,RNS,NORTHAMPTON GENERAL HOSPITAL NHS TRUST,39774,15464.0,470.0,0.0,0.0,38.87967013626992,1.1816764720671795,0.0,0.0
2026-04-01,RNS,NORTHAMPTON GENERAL HOSPITAL NHS TRUST,40837,15957.0,413.0,2.0,0.0,39.07485858412714,1.011337757425864,0.004897519406420648,0.0
2026-05-01,RNS,NORTHAMPTON GENERAL HOSPITAL NHS TRUST,40769,15780.0,429.0,0.0,0.0,38.70587946724227,1.052270107189286,0.0,0.0
2026-06-01,RNS,NORTHAMPTON GENERAL HOSPITAL NHS TRUST,39604,15318.0,374.0,1.0,0.0,38.677911322088676,0.9443490556509443,0.0025249974750025253,0.0
2025-04-01,RNZ,SALISBURY NHS FOUNDATION TRUST,28004,9813.0,572.0,0.0,0.0,35.04142265390659,2.042565347807456,0.0,0.0
2025-05-01,RNZ,SALISBURY NHS FOUNDATION TRUST,29240,9716.0,524.0,3.0,0.0,33.228454172366625,1.792065663474692,0.010259917920656635,0.0
2025-06-01,RNZ,SALISBURY NHS FOUNDATION TRUST,29128,9573.0,224.0,4.0,0.0,32.86528426256523,0.7690195001373249,0.013732491073880802,0.0
2025-07-01,RNZ,SALISBURY NHS FOUNDATION TRUST,30230,10154.0,253.0,8.0,0.0,33.58914985114125,0.8369169698974529,0.026463777704267284,0.0
2025-08-01,RNZ,SALISBURY NHS FOUNDATION TRUST,30062,10214.0,209.0,3.0,0.0,33.976448672743,0.6952298582928614,0.009979375956356862,0.0
2025-09-01,RNZ,SALISBURY NHS FOUNDATION TRUST,30161,9851.0,159.0,3.0,0.0,32.66138390636915,0.5271708497728855,0.009946619807035576,0.0
2025-10-01,RNZ,SALISBURY NHS FOUNDATION TRUST,29135,9394.0,161.0,2.0,0.0,32.243006692980956,0.5525999656770207,0.006864595846919513,0.0
2025-11-01,RNZ,SALISBURY NHS FOUNDATION TRUST,29203,9295.0,170.0,2.0,0.0,31.828921686128137,0.5821319727425265,0.006848611444029723,0.0
2025-12-01,RNZ,SALISBURY NHS FOUNDATION TRUST,28957,9147.0,175.0,2.0,0.0,31.588217011430743,0.6043443726905412,0.006906792830749042,0.0
2026-01-01,RNZ,SALISBURY NHS FOUNDATION TRUST,29358,9076.0,154.0,2.0,0.0,30.91491245997684,0.5245588936576061,0.006812453164384494,0.0
2026-02-01,RNZ,SALISBURY NHS FOUNDATION TRUST,29968,8885.0,117.0,1.0,1.0,29.648291510945008,0.39041644420715427,0.003336892685531233,0.003336892685531233
2026-03-01,RNZ,SALISBURY NHS FOUNDATION TRUST,30359,8608.0,26.0,0.0,0.0,28.35403010639349,0.08564181955927402,0.0,0.0
2026-04-01,RNZ,SALISBURY NHS FOUNDATION TRUST,30102,8571.0,45.0,0.0,0.0,28.473191150089693,0.1494917281243771,0.0,0.0
2026-05-01,RNZ,SALISBURY NHS FOUNDATION TRUST,30303,8484.0,69.0,1.0,0.0,27.997227997228,0.22770022770022771,0.0033000033000033,0.0
2026-06-01,RNZ,SALISBURY NHS FOUNDATION TRUST,29733,8185.0,84.0,2.0,0.0,27.528335519456498,0.2825143779638785,0.006726532808663774,0.0
2025-04-01,RP4,GREAT ORMOND STREET HOSPITAL FOR CHILDREN NHS FOUNDATION TRUST,8145,2578.0,237.0,66.0,2.0,31.65131982811541,2.9097605893186005,0.8103130755064457,0.024554941682013505
2025-05-01,RP4,GREAT ORMOND STREET HOSPITAL FOR CHILDREN NHS FOUNDATION TRUST,8342,2515.0,234.0,69.0,1.0,30.148645408774875,2.8050827139774634,0.8271397746343803,0.011987532965715655
2025-06-01,RP4,GREAT ORMOND STREET HOSPITAL FOR CHILDREN NHS FOUNDATION TRUST,8092,2443.0,232.0,72.0,2.0,30.190311418685123,2.8670291646070196,0.8897676717745922,0.024715768660405337
2025-07-01,RP4,GREAT ORMOND STREET HOSPITAL FOR CHILDREN NHS FOUNDATION TRUST,8080,2376.0,248.0,84.0,3.0,29.405940594059405,3.0693069306930694,1.0396039603960396,0.03712871287128713
2025-08-01,RP4,GREAT ORMOND STREET HOSPITAL FOR CHILDREN NHS FOUNDATION TRUST,8000,2466.0,246.0,80.0,5.0,30.825000000000003,3.075,1.0,0.0625
2025-09-01,RP4,GREAT ORMOND STREET HOSPITAL FOR CHILDREN NHS FOUNDATION TRUST,7950,2375.0,246.0,73.0,3.0,29.874213836477985,3.094339622641509,0.9182389937106918,0.03773584905660377
2025-10-01,RP4,GREAT ORMOND STREET HOSPITAL FOR CHILDREN NHS FOUNDATION TRUST,7746,2387.0,229.0,69.0,1.0,30.815904983217145,2.9563645752646526,0.8907823392718823,0.012909888974954814
2025-11-01,RP4,GREAT ORMOND STREET HOSPITAL FOR CHILDREN NHS FOUNDATION TRUST,7676,2339.0,205.0,52.0,1.0,30.471599791558102,2.6706618030224076,0.6774361646690985,0.013027618551328815
2025-12-01,RP4,GREAT ORMOND STREET HOSPITAL FOR CHILDREN NHS FOUNDATION TRUST,8053,2418.0,193.0,48.0,1.0,30.02607723829629,2.3966223767540047,0.5960511610579908,0.012417732522041475
2026-01-01,RP4,GREAT ORMOND STREET HOSPITAL FOR CHILDREN NHS FOUNDATION TRUST,8251,2286.0,207.0,54.0,1.0,27.705732638468067,2.5087868137195493,0.6544661253181433,0.012119743061447098
2026-02-01,RP4,GREAT ORMOND STREET HOSPITAL FOR CHILDREN NHS FOUNDATION TRUST,8448,2265.0,205.0,64.0,4.0,26.811079545454547,2.4266098484848486,0.7575757575757576,0.04734848484848485
2026-03-01,RP4,GREAT ORMOND STREET HOSPITAL FOR CHILDREN NHS FOUNDATION TRUST,8547,2225.0,197.0,52.0,2.0,26.032526032526032,2.304902304902305,0.6084006084006084,0.023400023400023402
2026-04-01,RP4,GREAT ORMOND STREET HOSPITAL FOR CHILDREN NHS FOUNDATION TRUST,8338,2331.0,210.0,62.0,1.0,27.956344447109622,2.5185895898296953,0.7435835931878149,0.011993283761093787
2026-05-01,RP4,GREAT ORMOND STREET HOSPITAL FOR CHILDREN NHS FOUNDATION TRUST,8228,2299.0,227.0,71.0,0.0,27.941176470588236,2.758872143898882,0.8629071463296062,0.0
2026-06-01,RP4,GREAT ORMOND STREET HOSPITAL FOR CHILDREN NHS FOUNDATION TRUST,8382,2243.0,232.0,74.0,0.0,26.75972321641613,2.7678358387019806,0.882844189930804,0.0
2025-04-01,RP5,DONCASTER AND BASSETLAW TEACHING HOSPITALS NHS FOUNDATION TRUST,54292,21256.0,1471.0,179.0,0.0,39.15125617033817,2.7094231194282767,0.3296986664701982,0.0
2025-05-01,RP5,DONCASTER AND BASSETLAW TEACHING HOSPITALS NHS FOUNDATION TRUST,54895,21244.0,1609.0,261.0,0.0,38.69933509427088,2.931050186720102,0.47545313780854354,0.0
2025-06-01,RP5,DONCASTER AND BASSETLAW TEACHING HOSPITALS NHS FOUNDATION TRUST,55412,21195.0,1560.0,234.0,6.0,38.24983758030751,2.8152746697466253,0.42229120046199375,0.010827979499025482
2025-07-01,RP5,DONCASTER AND BASSETLAW TEACHING HOSPITALS NHS FOUNDATION TRUST,57001,22058.0,1743.0,299.0,2.0,38.697566709355975,3.0578410905071842,0.5245522008385818,0.003508710373502219
2025-08-01,RP5,DONCASTER AND BASSETLAW TEACHING HOSPITALS NHS FOUNDATION TRUST,57223,22511.0,1735.0,312.0,1.0,39.33907694458522,3.0319976233332753,0.5452353074812576,0.001747549062439928
2025-09-01,RP5,DONCASTER AND BASSETLAW TEACHING HOSPITALS NHS FOUNDATION TRUST,56367,21882.0,1524.0,289.0,3.0,38.82058651338549,2.7037096173292885,0.5127113381943336,0.005322263026238757
2025-10-01,RP5,DONCASTER AND BASSETLAW TEACHING HOSPITALS NHS FOUNDATION TRUST,55900,21939.0,1420.0,301.0,1.0,39.24686940966011,2.5402504472271916,0.5384615384615384,0.0017889087656529517
2025-11-01,RP5,DONCASTER AND BASSETLAW TEACHING HOSPITALS NHS FOUNDATION TRUST,54166,21269.0,1119.0,184.0,4.0,39.266329431746854,2.065871579957907,0.33969648857216705,0.00738470627330798
2025-12-01,RP5,DONCASTER AND BASSETLAW TEACHING HOSPITALS NHS FOUNDATION TRUST,53269,21248.0,1049.0,86.0,2.0,39.88811503876551,1.9692504083050182,0.16144474272090711,0.0037545289004862117
2026-01-01,RP5,DONCASTER AND BASSETLAW TEACHING HOSPITALS NHS FOUNDATION TRUST,51971,21069.0,1032.0,97.0,1.0,40.53991649188971,1.98572280695003,0.18664255065324892,0.001924150006734525
2026-02-01,RP5,DONCASTER AND BASSETLAW TEACHING HOSPITALS NHS FOUNDATION TRUST,51907,20721.0,1070.0,87.0,2.0,39.91947136224401,2.06137900475851,0.16760745178877606,0.003853044868707496
2026-03-01,RP5,DONCASTER AND BASSETLAW TEACHING HOSPITALS NHS FOUNDATION TRUST,52237,19929.0,995.0,52.0,1.0,38.15111893868331,1.9047801366847255,0.09954629860060876,0.0019143518961655533
2026-04-01,RP5,DONCASTER AND BASSETLAW TEACHING HOSPITALS NHS FOUNDATION TRUST,53490,20557.0,1165.0,106.0,1.0,38.43148252009721,2.1779771919985045,0.19816788184707423,0.0018695083193120208
2026-05-01,RP5,DONCASTER AND BASSETLAW TEACHING HOSPITALS NHS FOUNDATION TRUST,54205,20281.0,1330.0,59.0,1.0,37.41536758601605,2.4536481874365834,0.1088460474126003,0.0018448482612305138
2026-06-01,RP5,DONCASTER AND BASSETLAW TEACHING HOSPITALS NHS FOUNDATION TRUST,54327,19498.0,1445.0,69.0,2.0,35.89007307600273,2.659819242733816,0.12700866972223757,0.003681410716586596
2025-04-01,RP6,MOORFIELDS EYE HOSPITAL NHS FOUNDATION TRUST,33331,5756.0,22.0,3.0,1.0,17.269208844619126,0.06600462032342264,0.009000630044103088,0.003000210014701029
2025-05-01,RP6,MOORFIELDS EYE HOSPITAL NHS FOUNDATION TRUST,33245,5930.0,29.0,2.0,0.0,17.837268762219882,0.08723116258083922,0.006015942246954429,0.0
2025-06-01,RP6,MOORFIELDS EYE HOSPITAL NHS FOUNDATION TRUST,34593,5840.0,19.0,1.0,0.0,16.882028155985314,0.05492440667187003,0.002890758245887896,0.0
2025-07-01,RP6,MOORFIELDS EYE HOSPITAL NHS FOUNDATION TRUST,35096,6433.0,16.0,1.0,0.0,18.32972418509232,0.04558924093913837,0.002849327558696148,0.0
2025-08-01,RP6,MOORFIELDS EYE HOSPITAL NHS FOUNDATION TRUST,34900,6816.0,31.0,3.0,1.0,19.530085959885387,0.08882521489971347,0.008595988538681949,0.002865329512893983
2025-09-01,RP6,MOORFIELDS EYE HOSPITAL NHS FOUNDATION TRUST,34252,6354.0,40.0,10.0,0.0,18.550741562536494,0.11678150181011328,0.02919537545252832,0.0
2025-10-01,RP6,MOORFIELDS EYE HOSPITAL NHS FOUNDATION TRUST,34954,6308.0,16.0,2.0,0.0,18.046575499227558,0.04577444641528866,0.005721805801911083,0.0
2025-11-01,RP6,MOORFIELDS EYE HOSPITAL NHS FOUNDATION TRUST,34638,5648.0,18.0,3.0,0.0,16.305791327443846,0.05196604884808592,0.008661008141347654,0.0
2025-12-01,RP6,MOORFIELDS EYE HOSPITAL NHS FOUNDATION TRUST,34905,5416.0,13.0,2.0,0.0,15.51640166165306,0.037243947858472994,0.0057298381320727695,0.0
2026-01-01,RP6,MOORFIELDS EYE HOSPITAL NHS FOUNDATION TRUST,34214,5313.0,16.0,7.0,0.0,15.52873092885953,0.046764482375635706,0.02045946103934062,0.0
2026-02-01,RP6,MOORFIELDS EYE HOSPITAL NHS FOUNDATION TRUST,34895,5496.0,30.0,11.0,1.0,15.750107465252903,0.08597220232124946,0.0315231408511248,0.0028657400773749817
2026-03-01,RP6,MOORFIELDS EYE HOSPITAL NHS FOUNDATION TRUST,37769,5363.0,12.0,6.0,2.0,14.199475760544361,0.03177208822049829,0.015886044110249145,0.005295348036749715
2026-04-01,RP6,MOORFIELDS EYE HOSPITAL NHS FOUNDATION TRUST,36272,5657.0,7.0,3.0,0.0,15.596052051168947,0.01929863255403617,0.008270842523158359,0.0
2026-05-01,RP6,MOORFIELDS EYE HOSPITAL NHS FOUNDATION TRUST,39403,6055.0,7.0,2.0,0.0,15.366850239829455,0.017765144785930005,0.005075755653122859,0.0
2026-06-01,RP6,MOORFIELDS EYE HOSPITAL NHS FOUNDATION TRUST,39641,5969.0,13.0,2.0,0.0,15.057642340001514,0.03279432910370576,0.0050452814005701166,0.0
2025-04-01,RP7,LINCOLNSHIRE PARTNERSHIP NHS FOUNDATION TRUST,41,3.0,1.0,1.0,0.0,7.317073170731707,2.4390243902439024,2.4390243902439024,0.0
2025-05-01,RP7,LINCOLNSHIRE PARTNERSHIP NHS FOUNDATION TRUST,41,0.0,0.0,0.0,0.0,0.0,0.0,0.0,0.0
2025-06-01,RP7,LINCOLNSHIRE PARTNERSHIP NHS FOUNDATION TRUST,44,2.0,0.0,0.0,0.0,4.545454545454546,0.0,0.0,0.0
2025-07-01,RP7,LINCOLNSHIRE PARTNERSHIP NHS FOUNDATION TRUST,49,1.0,0.0,0.0,0.0,2.0408163265306123,0.0,0.0,0.0
2025-08-01,RP7,LINCOLNSHIRE PARTNERSHIP NHS FOUNDATION TRUST,38,0.0,0.0,0.0,0.0,0.0,0.0,0.0,0.0
2025-09-01,RP7,LINCOLNSHIRE PARTNERSHIP NHS FOUNDATION TRUST,40,1.0,0.0,0.0,0.0,2.5,0.0,0.0,0.0
2025-10-01,RP7,LINCOLNSHIRE PARTNERSHIP NHS FOUNDATION TRUST,34,1.0,0.0,0.0,0.0,2.941176470588235,0.0,0.0,0.0
2025-11-01,RP7,LINCOLNSHIRE PARTNERSHIP NHS FOUNDATION TRUST,33,3.0,1.0,1.0,0.0,9.090909090909092,3.0303030303030303,3.0303030303030303,0.0
2025-12-01,RP7,LINCOLNSHIRE PARTNERSHIP NHS FOUNDATION TRUST,36,4.0,2.0,1.0,0.0,11.11111111111111,5.555555555555555,2.7777777777777777,0.0
2026-01-01,RP7,LINCOLNSHIRE PARTNERSHIP NHS FOUNDATION TRUST,18,1.0,0.0,0.0,0.0,5.555555555555555,0.0,0.0,0.0
2026-02-01,RP7,LINCOLNSHIRE PARTNERSHIP NHS FOUNDATION TRUST,16,2.0,0.0,0.0,0.0,12.5,0.0,0.0,0.0
2026-03-01,RP7,LINCOLNSHIRE PARTNERSHIP NHS FOUNDATION TRUST,7,0.0,0.0,0.0,0.0,0.0,0.0,0.0,0.0
2026-04-01,RP7,LINCOLNSHIRE PARTNERSHIP NHS FOUNDATION TRUST,10,1.0,0.0,0.0,0.0,10.0,0.0,0.0,0.0
2026-05-01,RP7,LINCOLNSHIRE PARTNERSHIP NHS FOUNDATION TRUST,14,2.0,1.0,1.0,1.0,14.285714285714285,7.142857142857142,7.142857142857142,7.142857142857142
2026-06-01,RP7,LINCOLNSHIRE PARTNERSHIP NHS FOUNDATION TRUST,10,0.0,0.0,0.0,0.0,0.0,0.0,0.0,0.0
2025-04-01,RPA,MEDWAY NHS FOUNDATION TRUST,40171,18744.0,1718.0,86.0,0.0,46.66052625028006,4.276717034676756,0.21408478753329516,0.0
2025-05-01,RPA,MEDWAY NHS FOUNDATION TRUST,40087,18533.0,1777.0,111.0,3.0,46.23194551849727,4.432858532691396,0.2768977473994063,0.007483722902686656
2025-06-01,RPA,MEDWAY NHS FOUNDATION TRUST,39993,18138.0,1735.0,101.0,2.0,45.35293676393369,4.338259195359187,0.252544195234166,0.005000875153151801
2025-07-01,RPA,MEDWAY NHS FOUNDATION TRUST,39335,18209.0,1756.0,75.0,0.0,46.29210626668361,4.464217617897546,0.19066988686920044,0.0
2025-08-01,RPA,MEDWAY NHS FOUNDATION TRUST,39907,18829.0,2053.0,384.0,1.0,47.18219861177237,5.144460871526299,0.9622372014934722,0.0025058260455559176
2025-09-01,RPA,MEDWAY NHS FOUNDATION TRUST,39089,18178.0,2116.0,555.0,0.0,46.50413159712451,5.413287625674743,1.4198367827265983,0.0
2025-10-01,RPA,MEDWAY NHS FOUNDATION TRUST,38102,17307.0,1953.0,496.0,0.0,45.42281245078998,5.125715185554564,1.3017689360138576,0.0
2025-11-01,RPA,MEDWAY NHS FOUNDATION TRUST,37104,16393.0,914.0,136.0,0.0,44.18122035360069,2.4633462699439415,0.3665373005605865,0.0
2025-12-01,RPA,MEDWAY NHS FOUNDATION TRUST,36921,15855.0,533.0,30.0,0.0,42.943040546030716,1.4436228704531298,0.08125457056959454,0.0
2026-01-01,RPA,MEDWAY NHS FOUNDATION TRUST,35321,14853.0,327.0,9.0,0.0,42.051470796410065,0.9257948529203589,0.025480592282211716,0.0
2026-02-01,RPA,MEDWAY NHS FOUNDATION TRUST,34777,14053.0,224.0,3.0,0.0,40.40889093366305,0.6441038617477068,0.008626391005549645,0.0
2026-03-01,RPA,MEDWAY NHS FOUNDATION TRUST,34098,12947.0,285.0,0.0,0.0,37.96996891313273,0.8358261481611826,0.0,0.0
2026-04-01,RPA,MEDWAY NHS FOUNDATION TRUST,34091,13091.0,368.0,0.0,0.0,38.40016426622863,1.079463788096565,0.0,0.0
2026-05-01,RPA,MEDWAY NHS FOUNDATION TRUST,34468,13435.0,483.0,0.0,0.0,38.978182662179414,1.4012997562956946,0.0,0.0
2026-06-01,RPA,MEDWAY NHS FOUNDATION TRUST,34991,13723.0,558.0,0.0,0.0,39.218656225886654,1.5946957789145781,0.0,0.0
2025-04-01,RPC,QUEEN VICTORIA HOSPITAL NHS FOUNDATION TRUST,18115,7446.0,397.0,37.0,0.0,41.10405741098538,2.1915539608059618,0.2042506210322937,0.0
2025-05-01,RPC,QUEEN VICTORIA HOSPITAL NHS FOUNDATION TRUST,17624,6887.0,386.0,44.0,0.0,39.07739446209714,2.1901951883794823,0.24965955515206537,0.0
2025-06-01,RPC,QUEEN VICTORIA HOSPITAL NHS FOUNDATION TRUST,17869,6726.0,388.0,45.0,0.0,37.6406066371929,2.171358218143153,0.2518327830320667,0.0
2025-07-01,RPC,QUEEN VICTORIA HOSPITAL NHS FOUNDATION TRUST,18727,6879.0,351.0,54.0,0.0,36.73305921930902,1.874299140278742,0.2883537138890372,0.0
2025-08-01,RPC,QUEEN VICTORIA HOSPITAL NHS FOUNDATION TRUST,19018,7155.0,374.0,58.0,0.0,37.62225260279735,1.9665579976864023,0.30497423493532444,0.0
2025-09-01,RPC,QUEEN VICTORIA HOSPITAL NHS FOUNDATION TRUST,19776,7020.0,387.0,67.0,0.0,35.49757281553398,1.9569174757281556,0.33879449838187703,0.0
2025-10-01,RPC,QUEEN VICTORIA HOSPITAL NHS FOUNDATION TRUST,19811,7383.0,329.0,54.0,0.0,37.267174801877744,1.6606935540861136,0.2725758417041038,0.0
2025-11-01,RPC,QUEEN VICTORIA HOSPITAL NHS FOUNDATION TRUST,20026,7532.0,268.0,52.0,0.0,37.6111055627684,1.3382602616598422,0.2596624388295216,0.0
2025-12-01,RPC,QUEEN VICTORIA HOSPITAL NHS FOUNDATION TRUST,20186,7903.0,266.0,53.0,0.0,39.150896661052215,1.3177449717626077,0.26255820865946694,0.0
2026-01-01,RPC,QUEEN VICTORIA HOSPITAL NHS FOUNDATION TRUST,19915,8052.0,257.0,49.0,0.0,40.43183530002511,1.2904845593773537,0.2460456942003515,0.0
2026-02-01,RPC,QUEEN VICTORIA HOSPITAL NHS FOUNDATION TRUST,20036,7845.0,255.0,48.0,0.0,39.154521860650824,1.2727091235775603,0.2395687762028349,0.0
2026-03-01,RPC,QUEEN VICTORIA HOSPITAL NHS FOUNDATION TRUST,20841,7951.0,226.0,31.0,0.0,38.15076052012859,1.084400940453913,0.14874526174367833,0.0
2026-04-01,RPC,QUEEN VICTORIA HOSPITAL NHS FOUNDATION TRUST,21369,8254.0,230.0,34.0,0.0,38.62604707754224,1.0763255182741354,0.15910898965791567,0.0
2026-05-01,RPC,QUEEN VICTORIA HOSPITAL NHS FOUNDATION TRUST,21770,8216.0,254.0,42.0,1.0,37.740009186954524,1.1667432246210383,0.19292604501607716,0.004593477262287552
2026-06-01,RPC,QUEEN VICTORIA HOSPITAL NHS FOUNDATION TRUST,21893,8250.0,228.0,35.0,1.0,37.68327776001462,1.0414287671858586,0.1598684511030923,0.004567670031516923
2025-04-01,RPG,OXLEAS NHS FOUNDATION TRUST,2007,920.0,312.0,0.0,0.0,45.8395615346288,15.54559043348281,0.0,0.0
2025-05-01,RPG,OXLEAS NHS FOUNDATION TRUST,1940,930.0,328.0,0.0,0.0,47.93814432989691,16.90721649484536,0.0,0.0
2025-06-01,RPG,OXLEAS NHS FOUNDATION TRUST,1892,975.0,330.0,0.0,0.0,51.53276955602537,17.441860465116278,0.0,0.0
2025-07-01,RPG,OXLEAS NHS FOUNDATION TRUST,1745,765.0,323.0,0.0,0.0,43.83954154727794,18.51002865329513,0.0,0.0
2025-08-01,RPG,OXLEAS NHS FOUNDATION TRUST,1501,655.0,268.0,0.0,0.0,43.63757495003331,17.854763491005997,0.0,0.0
2025-09-01,RPG,OXLEAS NHS FOUNDATION TRUST,1449,686.0,267.0,0.0,0.0,47.34299516908212,18.426501035196686,0.0,0.0
2025-10-01,RPG,OXLEAS NHS FOUNDATION TRUST,1238,466.0,72.0,0.0,0.0,37.64135702746365,5.815831987075929,0.0,0.0
2025-11-01,RPG,OXLEAS NHS FOUNDATION TRUST,1313,473.0,32.0,0.0,0.0,36.02437166793602,2.437166793602437,0.0,0.0
2025-12-01,RPG,OXLEAS NHS FOUNDATION TRUST,2010,725.0,155.0,0.0,0.0,36.069651741293534,7.711442786069651,0.0,0.0
2026-01-01,RPG,OXLEAS NHS FOUNDATION TRUST,2663,1382.0,474.0,0.0,0.0,51.89635749155088,17.799474277131054,0.0,0.0
2026-02-01,RPG,OXLEAS NHS FOUNDATION TRUST,2794,1463.0,523.0,0.0,0.0,52.362204724409445,18.71868289191124,0.0,0.0
2026-03-01,RPG,OXLEAS NHS FOUNDATION TRUST,2079,920.0,312.0,0.0,0.0,44.25204425204426,15.007215007215008,0.0,0.0
2026-04-01,RPG,OXLEAS NHS FOUNDATION TRUST,1590,574.0,228.0,0.0,0.0,36.10062893081761,14.339622641509434,0.0,0.0
2026-05-01,RPG,OXLEAS NHS FOUNDATION TRUST,1435,487.0,248.0,0.0,0.0,33.937282229965156,17.282229965156795,0.0,0.0
2026-06-01,RPG,OXLEAS NHS FOUNDATION TRUST,166,0.0,0.0,0.0,0.0,0.0,0.0,0.0,0.0
2025-04-01,RPY,THE ROYAL MARSDEN NHS FOUNDATION TRUST,1848,146.0,3.0,0.0,0.0,7.900432900432901,0.16233766233766234,0.0,0.0
2025-05-01,RPY,THE ROYAL MARSDEN NHS FOUNDATION TRUST,2013,121.0,5.0,1.0,0.0,6.0109289617486334,0.24838549428713363,0.04967709885742673,0.0
2025-06-01,RPY,THE ROYAL MARSDEN NHS FOUNDATION TRUST,1965,109.0,6.0,1.0,0.0,5.547073791348601,0.3053435114503817,0.05089058524173028,0.0
2025-07-01,RPY,THE ROYAL MARSDEN NHS FOUNDATION TRUST,1935,86.0,2.0,0.0,0.0,4.444444444444445,0.10335917312661498,0.0,0.0
2025-08-01,RPY,THE ROYAL MARSDEN NHS FOUNDATION TRUST,1917,100.0,1.0,0.0,0.0,5.216484089723526,0.05216484089723526,0.0,0.0
2025-09-01,RPY,THE ROYAL MARSDEN NHS FOUNDATION TRUST,1911,114.0,2.0,0.0,0.0,5.965463108320251,0.10465724751439037,0.0,0.0
2025-10-01,RPY,THE ROYAL MARSDEN NHS FOUNDATION TRUST,1968,88.0,2.0,1.0,0.0,4.471544715447155,0.10162601626016261,0.05081300813008131,0.0
2025-11-01,RPY,THE ROYAL MARSDEN NHS FOUNDATION TRUST,2066,99.0,2.0,1.0,0.0,4.791868344627299,0.0968054211035818,0.0484027105517909,0.0
2025-12-01,RPY,THE ROYAL MARSDEN NHS FOUNDATION TRUST,1869,104.0,3.0,1.0,0.0,5.564472980203317,0.16051364365971107,0.05350454788657035,0.0
2026-01-01,RPY,THE ROYAL MARSDEN NHS FOUNDATION TRUST,1907,113.0,1.0,1.0,0.0,5.925537493445202,0.05243838489774515,0.05243838489774515,0.0
2026-02-01,RPY,THE ROYAL MARSDEN NHS FOUNDATION TRUST,1969,111.0,2.0,0.0,0.0,5.6373793803961405,0.10157440325038089,0.0,0.0
2026-03-01,RPY,THE ROYAL MARSDEN NHS FOUNDATION TRUST,1962,104.0,2.0,0.0,0.0,5.300713557594292,0.10193679918450561,0.0,0.0
2026-04-01,RPY,THE ROYAL MARSDEN NHS FOUNDATION TRUST,1804,94.0,0.0,0.0,0.0,5.210643015521065,0.0,0.0,0.0
2026-05-01,RPY,THE ROYAL MARSDEN NHS FOUNDATION TRUST,1919,102.0,0.0,0.0,0.0,5.315268368942157,0.0,0.0,0.0
2026-06-01,RPY,THE ROYAL MARSDEN NHS FOUNDATION TRUST,1874,111.0,0.0,0.0,0.0,5.923159018143009,0.0,0.0,0.0
2025-04-01,RQ3,BIRMINGHAM WOMEN'S AND CHILDREN'S NHS FOUNDATION TRUST,26303,11003.0,102.0,0.0,0.0,41.83173022088735,0.38778846519408433,0.0,0.0
2025-05-01,RQ3,BIRMINGHAM WOMEN'S AND CHILDREN'S NHS FOUNDATION TRUST,27982,11763.0,184.0,20.0,4.0,42.037738546208274,0.6575655778714888,0.07147451933385748,0.014294903866771496
2025-06-01,RQ3,BIRMINGHAM WOMEN'S AND CHILDREN'S NHS FOUNDATION TRUST,28718,12294.0,253.0,12.0,0.0,42.809387840378854,0.8809805696775542,0.04178563966850059,0.0
2025-07-01,RQ3,BIRMINGHAM WOMEN'S AND CHILDREN'S NHS FOUNDATION TRUST,26376,11347.0,267.0,4.0,0.0,43.02016985138004,1.0122838944494994,0.015165301789505611,0.0
2025-08-01,RQ3,BIRMINGHAM WOMEN'S AND CHILDREN'S NHS FOUNDATION TRUST,25197,11013.0,293.0,12.0,0.0,43.7075842362186,1.162836845656229,0.04762471722824146,0.0
2025-09-01,RQ3,BIRMINGHAM WOMEN'S AND CHILDREN'S NHS FOUNDATION TRUST,24728,10570.0,236.0,12.0,0.0,42.745066321578776,0.9543836945972177,0.04852798447104497,0.0
2025-10-01,RQ3,BIRMINGHAM WOMEN'S AND CHILDREN'S NHS FOUNDATION TRUST,23548,9737.0,145.0,12.0,0.0,41.349583828775266,0.6157635467980296,0.05095974180397486,0.0
2025-11-01,RQ3,BIRMINGHAM WOMEN'S AND CHILDREN'S NHS FOUNDATION TRUST,22597,9363.0,127.0,1.0,0.0,41.43470372173297,0.5620215072797274,0.004425366199052971,0.0
2025-12-01,RQ3,BIRMINGHAM WOMEN'S AND CHILDREN'S NHS FOUNDATION TRUST,22384,9207.0,148.0,0.0,0.0,41.13205861329521,0.6611865618298786,0.0,0.0
2026-01-01,RQ3,BIRMINGHAM WOMEN'S AND CHILDREN'S NHS FOUNDATION TRUST,21483,8901.0,187.0,0.0,0.0,41.4327607875995,0.8704557091653866,0.0,0.0
2026-02-01,RQ3,BIRMINGHAM WOMEN'S AND CHILDREN'S NHS FOUNDATION TRUST,21719,8944.0,181.0,0.0,0.0,41.180533173718864,0.8333717021962337,0.0,0.0
2026-03-01,RQ3,BIRMINGHAM WOMEN'S AND CHILDREN'S NHS FOUNDATION TRUST,21841,8278.0,132.0,4.0,0.0,37.901195000228924,0.6043679318712514,0.018314179753674283,0.0
2026-04-01,RQ3,BIRMINGHAM WOMEN'S AND CHILDREN'S NHS FOUNDATION TRUST,21792,8259.0,130.0,7.0,0.0,37.89922907488987,0.5965491923641704,0.03212187958883994,0.0
2026-05-01,RQ3,BIRMINGHAM WOMEN'S AND CHILDREN'S NHS FOUNDATION TRUST,22008,7757.0,110.0,0.0,0.0,35.24627408215195,0.49981824790985097,0.0,0.0
2026-06-01,RQ3,BIRMINGHAM WOMEN'S AND CHILDREN'S NHS FOUNDATION TRUST,21543,7337.0,105.0,2.0,0.0,34.05746646242399,0.48739729842640306,0.00928375806526482,0.0
2025-04-01,RQM,CHELSEA AND WESTMINSTER HOSPITAL NHS FOUNDATION TRUST,67299,27579.0,474.0,9.0,0.0,40.97980653501538,0.7043195292649223,0.01337315561895422,0.0
2025-05-01,RQM,CHELSEA AND WESTMINSTER HOSPITAL NHS FOUNDATION TRUST,66800,26859.0,738.0,6.0,0.0,40.208083832335326,1.1047904191616766,0.008982035928143712,0.0
2025-06-01,RQM,CHELSEA AND WESTMINSTER HOSPITAL NHS FOUNDATION TRUST,70323,27865.0,1038.0,11.0,0.0,39.62430499267665,1.4760462437609316,0.01564210855623338,0.0
2025-07-01,RQM,CHELSEA AND WESTMINSTER HOSPITAL NHS FOUNDATION TRUST,69487,28457.0,1237.0,13.0,0.0,40.95298401139782,1.7801891001194468,0.01870853540950106,0.0
2025-08-01,RQM,CHELSEA AND WESTMINSTER HOSPITAL NHS FOUNDATION TRUST,72327,28926.0,1337.0,39.0,0.0,39.99336347422124,1.8485489512906659,0.05392177195238292,0.0
2025-09-01,RQM,CHELSEA AND WESTMINSTER HOSPITAL NHS FOUNDATION TRUST,75290,29285.0,1745.0,62.0,0.0,38.896267764643376,2.3177048744853233,0.08234825342010892,0.0
2025-10-01,RQM,CHELSEA AND WESTMINSTER HOSPITAL NHS FOUNDATION TRUST,75966,29398.0,1669.0,81.0,0.0,38.69889160940421,2.197035515888687,0.1066266487639207,0.0
2025-11-01,RQM,CHELSEA AND WESTMINSTER HOSPITAL NHS FOUNDATION TRUST,74721,28770.0,1565.0,60.0,0.0,38.503232023126024,2.0944580506149544,0.08029871120568514,0.0
2025-12-01,RQM,CHELSEA AND WESTMINSTER HOSPITAL NHS FOUNDATION TRUST,73399,28473.0,1321.0,20.0,0.0,38.79208163598959,1.7997520402185316,0.02724832763389147,0.0
2026-01-01,RQM,CHELSEA AND WESTMINSTER HOSPITAL NHS FOUNDATION TRUST,74145,28340.0,1264.0,6.0,0.0,38.22240205003709,1.7047676849416684,0.008092251669026907,0.0
2026-02-01,RQM,CHELSEA AND WESTMINSTER HOSPITAL NHS FOUNDATION TRUST,74749,27296.0,1161.0,4.0,0.0,36.516876479952906,1.5531980360941282,0.005351242157085713,0.0
2026-03-01,RQM,CHELSEA AND WESTMINSTER HOSPITAL NHS FOUNDATION TRUST,75645,25722.0,958.0,0.0,0.0,34.00356930398572,1.26644193271201,0.0,0.0
2026-04-01,RQM,CHELSEA AND WESTMINSTER HOSPITAL NHS FOUNDATION TRUST,76176,25564.0,955.0,3.0,0.0,33.55912623398446,1.2536756983826927,0.003938248267170762,0.0
2026-05-01,RQM,CHELSEA AND WESTMINSTER HOSPITAL NHS FOUNDATION TRUST,75533,24644.0,1002.0,2.0,0.0,32.6267988826076,1.3265724914937842,0.0026478492844187306,0.0
2026-06-01,RQM,CHELSEA AND WESTMINSTER HOSPITAL NHS FOUNDATION TRUST,73615,23606.0,917.0,0.0,0.0,32.0668342049854,1.2456700400733547,0.0,0.0
2025-04-01,RQW,THE PRINCESS ALEXANDRA HOSPITAL NHS TRUST,51395,26326.0,2403.0,5.0,0.0,51.2228816032688,4.675552096507443,0.009728572818367545,0.0
2025-05-01,RQW,THE PRINCESS ALEXANDRA HOSPITAL NHS TRUST,49592,24398.0,2176.0,3.0,0.0,49.19745120180674,4.38780448459429,0.006049362800451686,0.0
2025-06-01,RQW,THE PRINCESS ALEXANDRA HOSPITAL NHS TRUST,48443,23670.0,2265.0,12.0,0.0,48.86154862415623,4.675598125632186,0.024771380798051315,0.0
2025-07-01,RQW,THE PRINCESS ALEXANDRA HOSPITAL NHS TRUST,46788,22441.0,2402.0,127.0,19.0,47.963152945199624,5.133794990168419,0.27143712062922115,0.04060870308626143
2025-08-01,RQW,THE PRINCESS ALEXANDRA HOSPITAL NHS TRUST,44367,20955.0,2449.0,56.0,5.0,47.23105010480763,5.519868370635833,0.12621993824238736,0.0112696373430703
2025-09-01,RQW,THE PRINCESS ALEXANDRA HOSPITAL NHS TRUST,43440,19924.0,2157.0,65.0,6.0,45.865561694290975,4.9654696132596685,0.1496316758747698,0.013812154696132598
2025-10-01,RQW,THE PRINCESS ALEXANDRA HOSPITAL NHS TRUST,42194,18764.0,1947.0,63.0,4.0,44.47077783571124,4.614400151680334,0.14931032848272266,0.009480020856045884
2025-11-01,RQW,THE PRINCESS ALEXANDRA HOSPITAL NHS TRUST,41155,18085.0,1931.0,44.0,6.0,43.94362774875471,4.692017980804277,0.10691289029279552,0.014579030494472116
2025-12-01,RQW,THE PRINCESS ALEXANDRA HOSPITAL NHS TRUST,40006,17469.0,1650.0,35.0,1.0,43.66595010748387,4.12438134279858,0.08748687696845474,0.0024996250562415636
2026-01-01,RQW,THE PRINCESS ALEXANDRA HOSPITAL NHS TRUST,40165,17672.0,1659.0,52.0,3.0,43.99850616208141,4.13046184488983,0.12946595294410557,0.007469189592929167
2026-02-01,RQW,THE PRINCESS ALEXANDRA HOSPITAL NHS TRUST,38734,16329.0,1282.0,71.0,1.0,42.15676150152321,3.3097537047555123,0.18330149222904943,0.0025817111581556253
2026-03-01,RQW,THE PRINCESS ALEXANDRA HOSPITAL NHS TRUST,39762,14269.0,569.0,53.0,3.0,35.88602182988783,1.4310145364921283,0.1332930939087571,0.007544892108042855
2026-04-01,RQW,THE PRINCESS ALEXANDRA HOSPITAL NHS TRUST,38611,13392.0,454.0,42.0,2.0,34.684416358032685,1.1758307218150268,0.108777291445443,0.0051798710212115715
2026-05-01,RQW,THE PRINCESS ALEXANDRA HOSPITAL NHS TRUST,38802,12873.0,405.0,57.0,6.0,33.176124942013296,1.0437606308953147,0.14689964434822947,0.015463120457708365
2026-06-01,RQW,THE PRINCESS ALEXANDRA HOSPITAL NHS TRUST,38558,12067.0,433.0,44.0,5.0,31.29571035842108,1.122983557238446,0.11411380258312152,0.01296747756626381
2025-04-01,RQX,HOMERTON HEALTHCARE NHS FOUNDATION TRUST,36385,13576.0,151.0,0.0,0.0,37.312079153497315,0.41500618386697813,0.0,0.0
2025-05-01,RQX,HOMERTON HEALTHCARE NHS FOUNDATION TRUST,36209,13157.0,263.0,0.0,0.0,36.3362699881245,0.7263387555580104,0.0,0.0
2025-06-01,RQX,HOMERTON HEALTHCARE NHS FOUNDATION TRUST,36119,12665.0,341.0,0.0,0.0,35.06464741548769,0.94410144245411,0.0,0.0
2025-07-01,RQX,HOMERTON HEALTHCARE NHS FOUNDATION TRUST,35456,12391.0,395.0,4.0,1.0,34.94754061371842,1.1140568592057762,0.01128158844765343,0.0028203971119133576
2025-08-01,RQX,HOMERTON HEALTHCARE NHS FOUNDATION TRUST,34340,11915.0,413.0,2.0,0.0,34.697146185206755,1.2026790914385557,0.005824111822947,0.0
2025-09-01,RQX,HOMERTON HEALTHCARE NHS FOUNDATION TRUST,33155,11173.0,325.0,2.0,0.0,33.6992912079626,0.9802443070426783,0.006032272658724174,0.0
2025-10-01,RQX,HOMERTON HEALTHCARE NHS FOUNDATION TRUST,30726,10009.0,306.0,2.0,0.0,32.57501790014971,0.9958992384299941,0.006509145349215649,0.0
2025-11-01,RQX,HOMERTON HEALTHCARE NHS FOUNDATION TRUST,27827,8801.0,264.0,4.0,0.0,31.62755597081971,0.9487188701620728,0.014374528335788983,0.0
2025-12-01,RQX,HOMERTON HEALTHCARE NHS FOUNDATION TRUST,24914,7511.0,230.0,2.0,0.0,30.14770811591876,0.9231757244922534,0.008027614995584811,0.0
2026-01-01,RQX,HOMERTON HEALTHCARE NHS FOUNDATION TRUST,24474,7068.0,255.0,37.0,7.0,28.87962735964697,1.0419220397156166,0.15118084497834436,0.028601781482389472
2026-02-01,RQX,HOMERTON HEALTHCARE NHS FOUNDATION TRUST,25171,6624.0,228.0,8.0,1.0,26.315998569782685,0.9058042985975925,0.03178260696833658,0.003972825871042073
2026-03-01,RQX,HOMERTON HEALTHCARE NHS FOUNDATION TRUST,26282,6161.0,175.0,6.0,0.0,23.441899398828095,0.6658549577657712,0.022829312837683583,0.0
2026-04-01,RQX,HOMERTON HEALTHCARE NHS FOUNDATION TRUST,26849,6374.0,174.0,5.0,0.0,23.740176542888,0.6480688293791202,0.01862266751089426,0.0
2026-05-01,RQX,HOMERTON HEALTHCARE NHS FOUNDATION TRUST,27439,6601.0,223.0,10.0,1.0,24.056999161777032,0.8127118335216298,0.036444476839534966,0.003644447683953497
2026-06-01,RQX,HOMERTON HEALTHCARE NHS FOUNDATION TRUST,26863,6601.0,164.0,4.0,0.0,24.572832520567324,0.6105051557904925,0.014890369653426647,0.0
2025-04-01,RR7,GATESHEAD HEALTH NHS FOUNDATION TRUST,13067,3994.0,16.0,0.0,0.0,30.565546797275577,0.12244585597306192,0.0,0.0
2025-05-01,RR7,GATESHEAD HEALTH NHS FOUNDATION TRUST,12931,4070.0,1.0,0.0,0.0,31.474750599334932,0.007733353955610548,0.0,0.0
2025-06-01,RR7,GATESHEAD HEALTH NHS FOUNDATION TRUST,13204,4182.0,18.0,0.0,0.0,31.67222053923054,0.13632232656770676,0.0,0.0
2025-07-01,RR7,GATESHEAD HEALTH NHS FOUNDATION TRUST,13345,4186.0,35.0,0.0,0.0,31.367553390783065,0.26227051330086176,0.0,0.0
2025-08-01,RR7,GATESHEAD HEALTH NHS FOUNDATION TRUST,13533,4412.0,55.0,0.0,0.0,32.601788221384766,0.4064139510825389,0.0,0.0
2025-09-01,RR7,GATESHEAD HEALTH NHS FOUNDATION TRUST,13399,4244.0,52.0,0.0,0.0,31.674005522800208,0.38808866333308456,0.0,0.0
2025-10-01,RR7,GATESHEAD HEALTH NHS FOUNDATION TRUST,13225,4250.0,41.0,0.0,0.0,32.136105860113425,0.31001890359168244,0.0,0.0
2025-11-01,RR7,GATESHEAD HEALTH NHS FOUNDATION TRUST,12755,3896.0,33.0,0.0,0.0,30.544884359074874,0.2587220697765582,0.0,0.0
2025-12-01,RR7,GATESHEAD HEALTH NHS FOUNDATION TRUST,12521,3744.0,25.0,0.0,0.0,29.901765034741633,0.19966456353326412,0.0,0.0
2026-01-01,RR7,GATESHEAD HEALTH NHS FOUNDATION TRUST,12578,3596.0,20.0,0.0,0.0,28.589600890443634,0.15900779138177773,0.0,0.0
2026-02-01,RR7,GATESHEAD HEALTH NHS FOUNDATION TRUST,12307,3497.0,26.0,0.0,0.0,28.414723328187208,0.21126188348094582,0.0,0.0
2026-03-01,RR7,GATESHEAD HEALTH NHS FOUNDATION TRUST,11572,2602.0,17.0,0.0,0.0,22.485309367438646,0.14690632561354997,0.0,0.0
2026-04-01,RR7,GATESHEAD HEALTH NHS FOUNDATION TRUST,11812,2787.0,9.0,0.0,0.0,23.594649508973927,0.07619370132069082,0.0,0.0
2026-05-01,RR7,GATESHEAD HEALTH NHS FOUNDATION TRUST,11890,2571.0,8.0,0.0,0.0,21.62321278385198,0.0672834314550042,0.0,0.0
2026-06-01,RR7,GATESHEAD HEALTH NHS FOUNDATION TRUST,11492,2500.0,2.0,0.0,0.0,21.7542638357118,0.017403411068569442,0.0,0.0
2025-04-01,RR8,LEEDS TEACHING HOSPITALS NHS TRUST,89037,31095.0,2484.0,61.0,0.0,34.9236834125139,2.789851410087941,0.0685108438065074,0.0
2025-05-01,RR8,LEEDS TEACHING HOSPITALS NHS TRUST,88161,29644.0,2708.0,94.0,0.0,33.624845453204934,3.0716529984913965,0.10662310999194655,0.0
2025-06-01,RR8,LEEDS TEACHING HOSPITALS NHS TRUST,88172,29778.0,2742.0,100.0,0.0,33.77262623054938,3.1098307852833096,0.11341468947058023,0.0
2025-07-01,RR8,LEEDS TEACHING HOSPITALS NHS TRUST,88146,29856.0,2316.0,114.0,0.0,33.87107753046082,2.6274589884963584,0.12933088285344768,0.0
2025-08-01,RR8,LEEDS TEACHING HOSPITALS NHS TRUST,88367,29840.0,1814.0,111.0,0.0,33.76826190772573,2.052802516776625,0.12561250240474386,0.0
2025-09-01,RR8,LEEDS TEACHING HOSPITALS NHS TRUST,87667,29175.0,1525.0,99.0,0.0,33.27934114318957,1.73953711202619,0.11292732727251989,0.0
2025-10-01,RR8,LEEDS TEACHING HOSPITALS NHS TRUST,87783,29183.0,1378.0,87.0,0.0,33.24447786017794,1.5697800257453036,0.09910802775024777,0.0
2025-11-01,RR8,LEEDS TEACHING HOSPITALS NHS TRUST,87103,28980.0,1334.0,98.0,0.0,33.27095507617418,1.5315201543000816,0.11251047610300448,0.0
2025-12-01,RR8,LEEDS TEACHING HOSPITALS NHS TRUST,85979,29430.0,1321.0,100.0,0.0,34.22928854720338,1.5364216843647867,0.11630747042882565,0.0
2026-01-01,RR8,LEEDS TEACHING HOSPITALS NHS TRUST,86915,29986.0,1343.0,105.0,3.0,34.50037392855088,1.545187827187482,0.12080768566990739,0.0034516481619973538
2026-02-01,RR8,LEEDS TEACHING HOSPITALS NHS TRUST,85760,29241.0,1305.0,109.0,2.0,34.09631529850746,1.521688432835821,0.1270988805970149,0.002332089552238806
2026-03-01,RR8,LEEDS TEACHING HOSPITALS NHS TRUST,85124,27898.0,1294.0,103.0,2.0,32.77336591325596,1.5201353319862787,0.12099995300972699,0.0023495136506743106
2026-04-01,RR8,LEEDS TEACHING HOSPITALS NHS TRUST,86725,28183.0,1304.0,110.0,1.0,32.496973191121356,1.5036033439031422,0.1268377053906025,0.001153070049005477
2026-05-01,RR8,LEEDS TEACHING HOSPITALS NHS TRUST,87202,27614.0,1459.0,234.0,5.0,31.66670489208963,1.673126763147634,0.2683424692094218,0.005733813444645765
2026-06-01,RR8,LEEDS TEACHING HOSPITALS NHS TRUST,85753,27071.0,1402.0,294.0,3.0,31.568574860354744,1.6349282240854548,0.3428451482746959,0.0034984198803540397
2025-04-01,RRE,MIDLANDS PARTNERSHIP UNIVERSITY NHS FOUNDATION TRUST,6540,219.0,2.0,0.0,0.0,3.3486238532110093,0.03058103975535168,0.0,0.0
2025-05-01,RRE,MIDLANDS PARTNERSHIP UNIVERSITY NHS FOUNDATION TRUST,6655,231.0,1.0,0.0,0.0,3.4710743801652892,0.015026296018031557,0.0,0.0
2025-06-01,RRE,MIDLANDS PARTNERSHIP UNIVERSITY NHS FOUNDATION TRUST,7393,210.0,2.0,0.0,0.0,2.84052482077641,0.027052617340727714,0.0,0.0
2025-07-01,RRE,MIDLANDS PARTNERSHIP UNIVERSITY NHS FOUNDATION TRUST,7132,235.0,3.0,0.0,0.0,3.295008412787437,0.04206393718452047,0.0,0.0
2025-08-01,RRE,MIDLANDS PARTNERSHIP UNIVERSITY NHS FOUNDATION TRUST,7330,295.0,1.0,0.0,0.0,4.024556616643929,0.013642564802182811,0.0,0.0
2025-09-01,RRE,MIDLANDS PARTNERSHIP UNIVERSITY NHS FOUNDATION TRUST,7519,314.0,3.0,0.0,0.0,4.176087245644368,0.039898922729086315,0.0,0.0
2025-10-01,RRE,MIDLANDS PARTNERSHIP UNIVERSITY NHS FOUNDATION TRUST,7814,289.0,1.0,0.0,0.0,3.698489889941131,0.01279754287176862,0.0,0.0
2025-11-01,RRE,MIDLANDS PARTNERSHIP UNIVERSITY NHS FOUNDATION TRUST,7402,297.0,0.0,0.0,0.0,4.012429073223453,0.0,0.0,0.0
2025-12-01,RRE,MIDLANDS PARTNERSHIP UNIVERSITY NHS FOUNDATION TRUST,7977,348.0,1.0,0.0,0.0,4.3625423091387745,0.012536041118214866,0.0,0.0
2026-01-01,RRE,MIDLANDS PARTNERSHIP UNIVERSITY NHS FOUNDATION TRUST,8291,473.0,1.0,0.0,0.0,5.70498130502955,0.012061271257990593,0.0,0.0
2026-02-01,RRE,MIDLANDS PARTNERSHIP UNIVERSITY NHS FOUNDATION TRUST,8593,559.0,0.0,0.0,0.0,6.505295007564296,0.0,0.0,0.0
2026-03-01,RRE,MIDLANDS PARTNERSHIP UNIVERSITY NHS FOUNDATION TRUST,8953,643.0,0.0,0.0,0.0,7.181950184295767,0.0,0.0,0.0
2026-04-01,RRE,MIDLANDS PARTNERSHIP UNIVERSITY NHS FOUNDATION TRUST,9277,678.0,0.0,0.0,0.0,7.308397111135065,0.0,0.0,0.0
2026-05-01,RRE,MIDLANDS PARTNERSHIP UNIVERSITY NHS FOUNDATION TRUST,9467,723.0,0.0,0.0,0.0,7.637055033273477,0.0,0.0,0.0
2026-06-01,RRE,MIDLANDS PARTNERSHIP UNIVERSITY NHS FOUNDATION TRUST,10291,776.0,0.0,0.0,0.0,7.540569429598679,0.0,0.0,0.0
2025-04-01,RRJ,THE ROYAL ORTHOPAEDIC HOSPITAL NHS FOUNDATION TRUST,12791,5667.0,486.0,0.0,0.0,44.30458916425612,3.7995465561723085,0.0,0.0
2025-05-01,RRJ,THE ROYAL ORTHOPAEDIC HOSPITAL NHS FOUNDATION TRUST,12859,5352.0,507.0,0.0,0.0,41.62065479430749,3.942763823003344,0.0,0.0
2025-06-01,RRJ,THE ROYAL ORTHOPAEDIC HOSPITAL NHS FOUNDATION TRUST,13024,5189.0,468.0,0.0,0.0,39.841830466830466,3.593366093366093,0.0,0.0
2025-07-01,RRJ,THE ROYAL ORTHOPAEDIC HOSPITAL NHS FOUNDATION TRUST,13414,5307.0,448.0,0.0,0.0,39.56314298494111,3.339794244818846,0.0,0.0
2025-08-01,RRJ,THE ROYAL ORTHOPAEDIC HOSPITAL NHS FOUNDATION TRUST,13502,5189.0,427.0,0.0,0.0,38.431343504665975,3.162494445267368,0.0,0.0
2025-09-01,RRJ,THE ROYAL ORTHOPAEDIC HOSPITAL NHS FOUNDATION TRUST,13407,5037.0,376.0,0.0,0.0,37.56992615797717,2.8045051092712763,0.0,0.0
2025-10-01,RRJ,THE ROYAL ORTHOPAEDIC HOSPITAL NHS FOUNDATION TRUST,13511,5153.0,320.0,1.0,0.0,38.13929390866701,2.3684405299385687,0.007401376656058027,0.0
2025-11-01,RRJ,THE ROYAL ORTHOPAEDIC HOSPITAL NHS FOUNDATION TRUST,13264,5045.0,227.0,0.0,0.0,38.03528347406514,1.7113992762364294,0.0,0.0
2025-12-01,RRJ,THE ROYAL ORTHOPAEDIC HOSPITAL NHS FOUNDATION TRUST,13248,5021.0,198.0,0.0,0.0,37.90006038647343,1.4945652173913044,0.0,0.0
2026-01-01,RRJ,THE ROYAL ORTHOPAEDIC HOSPITAL NHS FOUNDATION TRUST,13062,4922.0,171.0,0.0,0.0,37.68182514163222,1.3091410197519522,0.0,0.0
2026-02-01,RRJ,THE ROYAL ORTHOPAEDIC HOSPITAL NHS FOUNDATION TRUST,12876,4740.0,104.0,0.0,0.0,36.81267474370923,0.8077042559801181,0.0,0.0
2026-03-01,RRJ,THE ROYAL ORTHOPAEDIC HOSPITAL NHS FOUNDATION TRUST,12591,4335.0,97.0,0.0,0.0,34.42935430069097,0.7703915495194981,0.0,0.0
2026-04-01,RRJ,THE ROYAL ORTHOPAEDIC HOSPITAL NHS FOUNDATION TRUST,12688,4351.0,110.0,0.0,0.0,34.2922446406053,0.8669609079445145,0.0,0.0
2026-05-01,RRJ,THE ROYAL ORTHOPAEDIC HOSPITAL NHS FOUNDATION TRUST,13010,4242.0,107.0,0.0,0.0,32.60568793235972,0.822444273635665,0.0,0.0
2026-06-01,RRJ,THE ROYAL ORTHOPAEDIC HOSPITAL NHS FOUNDATION TRUST,13283,4227.0,69.0,0.0,0.0,31.822630429872774,0.5194609651434163,0.0,0.0
2025-04-01,RRK,UNIVERSITY HOSPITALS BIRMINGHAM NHS FOUNDATION TRUST,105152,52853.0,5199.0,90.0,0.0,50.26342818015824,4.944271150334754,0.08559038344491783,0.0
2025-05-01,RRK,UNIVERSITY HOSPITALS BIRMINGHAM NHS FOUNDATION TRUST,105687,51071.0,5656.0,93.0,0.0,48.322877932006776,5.3516515749335305,0.08799568537284624,0.0
2025-06-01,RRK,UNIVERSITY HOSPITALS BIRMINGHAM NHS FOUNDATION TRUST,104398,49728.0,5376.0,101.0,0.0,47.633096419471634,5.149523937240176,0.09674514837448993,0.0
2025-07-01,RRK,UNIVERSITY HOSPITALS BIRMINGHAM NHS FOUNDATION TRUST,101491,47068.0,5497.0,95.0,0.0,46.376525997379076,5.4162438048693975,0.09360435900720261,0.0
2025-08-01,RRK,UNIVERSITY HOSPITALS BIRMINGHAM NHS FOUNDATION TRUST,98099,43428.0,4236.0,259.0,0.0,44.26956441961692,4.318086830650669,0.26401900121306027,0.0
2025-09-01,RRK,UNIVERSITY HOSPITALS BIRMINGHAM NHS FOUNDATION TRUST,97822,40083.0,2678.0,244.0,0.0,40.975445196377095,2.7376254830201794,0.24943264296375048,0.0
2025-10-01,RRK,UNIVERSITY HOSPITALS BIRMINGHAM NHS FOUNDATION TRUST,96067,37823.0,2008.0,93.0,0.0,39.371480321025956,2.0902078757533804,0.0968074364766257,0.0
2025-11-01,RRK,UNIVERSITY HOSPITALS BIRMINGHAM NHS FOUNDATION TRUST,95464,36800.0,1553.0,55.0,0.0,38.548562809017014,1.6267912511522666,0.05761334115478086,0.0
2025-12-01,RRK,UNIVERSITY HOSPITALS BIRMINGHAM NHS FOUNDATION TRUST,95159,36632.0,944.0,9.0,0.0,38.495570571359515,0.992023875828876,0.00945785474836852,0.0
2026-01-01,RRK,UNIVERSITY HOSPITALS BIRMINGHAM NHS FOUNDATION TRUST,93311,36178.0,734.0,8.0,0.0,38.77142030414421,0.7866167975908521,0.008573480082734083,0.0
2026-02-01,RRK,UNIVERSITY HOSPITALS BIRMINGHAM NHS FOUNDATION TRUST,91407,34253.0,671.0,9.0,0.0,37.47306005010557,0.7340794468694958,0.009846073057862089,0.0
2026-03-01,RRK,UNIVERSITY HOSPITALS BIRMINGHAM NHS FOUNDATION TRUST,89544,28115.0,397.0,0.0,0.0,31.397971946752435,0.4433574555525775,0.0,0.0
2026-04-01,RRK,UNIVERSITY HOSPITALS BIRMINGHAM NHS FOUNDATION TRUST,90948,28761.0,303.0,4.0,0.0,31.623565114131154,0.33315740862910675,0.004398117605664775,0.0
2026-05-01,RRK,UNIVERSITY HOSPITALS BIRMINGHAM NHS FOUNDATION TRUST,92998,29194.0,246.0,9.0,0.0,31.392072947805328,0.26452181767349836,0.009677627475859697,0.0
2026-06-01,RRK,UNIVERSITY HOSPITALS BIRMINGHAM NHS FOUNDATION TRUST,93337,28999.0,262.0,3.0,0.0,31.069136569634765,0.2807032580862895,0.0032141594437361393,0.0
2025-04-01,RRV,UNIVERSITY COLLEGE LONDON HOSPITALS NHS FOUNDATION TRUST,74183,30561.0,1244.0,25.0,0.0,41.196770149495165,1.6769340684523408,0.033700443497836435,0.0
2025-05-01,RRV,UNIVERSITY COLLEGE LONDON HOSPITALS NHS FOUNDATION TRUST,74955,29783.0,1414.0,46.0,1.0,39.73450737108932,1.8864652124608097,0.06137015542658929,0.0013341338136215063
2025-06-01,RRV,UNIVERSITY COLLEGE LONDON HOSPITALS NHS FOUNDATION TRUST,72291,28456.0,1281.0,37.0,1.0,39.36312957352921,1.7720048138772462,0.051182028191614444,0.001383298059232823
2025-07-01,RRV,UNIVERSITY COLLEGE LONDON HOSPITALS NHS FOUNDATION TRUST,73458,30017.0,1352.0,42.0,0.0,40.86280595714558,1.8405075008848595,0.05717552887364208,0.0
2025-08-01,RRV,UNIVERSITY COLLEGE LONDON HOSPITALS NHS FOUNDATION TRUST,73758,31022.0,1336.0,27.0,0.0,42.059166463298894,1.8113289405894955,0.03660619864963801,0.0
2025-09-01,RRV,UNIVERSITY COLLEGE LONDON HOSPITALS NHS FOUNDATION TRUST,72869,30199.0,1411.0,27.0,0.0,41.442863220299444,1.9363515349462734,0.03705279336892231,0.0
2025-10-01,RRV,UNIVERSITY COLLEGE LONDON HOSPITALS NHS FOUNDATION TRUST,72086,30166.0,1451.0,31.0,0.0,41.847238021252394,2.012873512193768,0.043004189440390646,0.0
2025-11-01,RRV,UNIVERSITY COLLEGE LONDON HOSPITALS NHS FOUNDATION TRUST,73049,30018.0,1241.0,20.0,0.0,41.09296499609851,1.698859669536886,0.027378882667798324,0.0
2025-12-01,RRV,UNIVERSITY COLLEGE LONDON HOSPITALS NHS FOUNDATION TRUST,74726,30459.0,1132.0,11.0,0.0,40.760913202901264,1.514867649813987,0.014720445360383267,0.0
2026-01-01,RRV,UNIVERSITY COLLEGE LONDON HOSPITALS NHS FOUNDATION TRUST,76073,30088.0,1117.0,8.0,0.0,39.5514834435345,1.4683264758850052,0.010516214688522867,0.0
2026-02-01,RRV,UNIVERSITY COLLEGE LONDON HOSPITALS NHS FOUNDATION TRUST,75701,28928.0,1051.0,9.0,0.0,38.21349784018705,1.388356824876818,0.011888878614549346,0.0
2026-03-01,RRV,UNIVERSITY COLLEGE LONDON HOSPITALS NHS FOUNDATION TRUST,74668,27441.0,1123.0,18.0,1.0,36.75068302351744,1.5039910001607113,0.024106712380136067,0.0013392617988964481
2026-04-01,RRV,UNIVERSITY COLLEGE LONDON HOSPITALS NHS FOUNDATION TRUST,77047,28922.0,1340.0,28.0,0.0,37.53812607888691,1.7391981517774866,0.03634145391773853,0.0
2026-05-01,RRV,UNIVERSITY COLLEGE LONDON HOSPITALS NHS FOUNDATION TRUST,77649,28050.0,1229.0,23.0,0.0,36.12409689757756,1.5827634612165,0.029620471609421887,0.0
2026-06-01,RRV,UNIVERSITY COLLEGE LONDON HOSPITALS NHS FOUNDATION TRUST,77928,27254.0,890.0,27.0,0.0,34.97330869520583,1.1420798685966533,0.03464736680012319,0.0
2025-04-01,RT1,CAMBRIDGESHIRE AND PETERBOROUGH NHS FOUNDATION TRUST,339,162.0,70.0,36.0,0.0,47.78761061946903,20.64896755162242,10.619469026548673,0.0
2025-05-01,RT1,CAMBRIDGESHIRE AND PETERBOROUGH NHS FOUNDATION TRUST,316,168.0,70.0,43.0,0.0,53.16455696202531,22.151898734177212,13.60759493670886,0.0
2025-06-01,RT1,CAMBRIDGESHIRE AND PETERBOROUGH NHS FOUNDATION TRUST,333,165.0,73.0,43.0,0.0,49.549549549549546,21.92192192192192,12.912912912912914,0.0
2025-07-01,RT1,CAMBRIDGESHIRE AND PETERBOROUGH NHS FOUNDATION TRUST,336,175.0,66.0,45.0,0.0,52.083333333333336,19.642857142857142,13.392857142857142,0.0
2025-08-01,RT1,CAMBRIDGESHIRE AND PETERBOROUGH NHS FOUNDATION TRUST,335,200.0,63.0,47.0,0.0,59.70149253731343,18.80597014925373,14.029850746268657,0.0
2025-09-01,RT1,CAMBRIDGESHIRE AND PETERBOROUGH NHS FOUNDATION TRUST,13,11.0,5.0,4.0,0.0,84.61538461538461,38.46153846153847,30.76923076923077,0.0
2025-10-01,RT1,CAMBRIDGESHIRE AND PETERBOROUGH NHS FOUNDATION TRUST,275,145.0,2.0,1.0,0.0,52.72727272727272,0.7272727272727273,0.36363636363636365,0.0
2025-11-01,RT1,CAMBRIDGESHIRE AND PETERBOROUGH NHS FOUNDATION TRUST,295,162.0,2.0,1.0,0.0,54.91525423728814,0.6779661016949152,0.3389830508474576,0.0
2025-12-01,RT1,CAMBRIDGESHIRE AND PETERBOROUGH NHS FOUNDATION TRUST,301,170.0,5.0,2.0,0.0,56.47840531561462,1.6611295681063125,0.6644518272425249,0.0
2026-01-01,RT1,CAMBRIDGESHIRE AND PETERBOROUGH NHS FOUNDATION TRUST,320,200.0,17.0,2.0,0.0,62.5,5.3125,0.625,0.0
2026-02-01,RT1,CAMBRIDGESHIRE AND PETERBOROUGH NHS FOUNDATION TRUST,275,170.0,3.0,0.0,0.0,61.81818181818181,1.090909090909091,0.0,0.0
2026-03-01,RT1,CAMBRIDGESHIRE AND PETERBOROUGH NHS FOUNDATION TRUST,196,123.0,8.0,1.0,0.0,62.755102040816325,4.081632653061225,0.5102040816326531,0.0
2026-04-01,RT1,CAMBRIDGESHIRE AND PETERBOROUGH NHS FOUNDATION TRUST,153,92.0,6.0,1.0,0.0,60.130718954248366,3.9215686274509802,0.6535947712418301,0.0
2026-05-01,RT1,CAMBRIDGESHIRE AND PETERBOROUGH NHS FOUNDATION TRUST,85,63.0,4.0,0.0,0.0,74.11764705882354,4.705882352941177,0.0,0.0
2026-06-01,RT1,CAMBRIDGESHIRE AND PETERBOROUGH NHS FOUNDATION TRUST,84,58.0,7.0,0.0,0.0,69.04761904761905,8.333333333333332,0.0,0.0
2025-04-01,RTD,THE NEWCASTLE UPON TYNE HOSPITALS NHS FOUNDATION TRUST,94496,25917.0,1521.0,116.0,0.0,27.42655773789367,1.6095919403995937,0.12275651879444632,0.0
2025-05-01,RTD,THE NEWCASTLE UPON TYNE HOSPITALS NHS FOUNDATION TRUST,89451,24094.0,1455.0,108.0,0.0,26.935417155761254,1.6265888587047657,0.12073649260488982,0.0
2025-06-01,RTD,THE NEWCASTLE UPON TYNE HOSPITALS NHS FOUNDATION TRUST,89130,23625.0,1307.0,71.0,0.0,26.506226859643217,1.4663973970604733,0.07965892516548861,0.0
2025-07-01,RTD,THE NEWCASTLE UPON TYNE HOSPITALS NHS FOUNDATION TRUST,88211,23270.0,1275.0,68.0,0.0,26.379929940710344,1.4453979662400382,0.07708789153280203,0.0
2025-08-01,RTD,THE NEWCASTLE UPON TYNE HOSPITALS NHS FOUNDATION TRUST,88675,24182.0,1245.0,89.0,0.0,27.270369326191148,1.4040033831406822,0.10036650690724556,0.0
2025-09-01,RTD,THE NEWCASTLE UPON TYNE HOSPITALS NHS FOUNDATION TRUST,87666,23484.0,1131.0,64.0,0.0,26.788036410923276,1.290123879269044,0.07300435744758516,0.0
2025-10-01,RTD,THE NEWCASTLE UPON TYNE HOSPITALS NHS FOUNDATION TRUST,89294,23641.0,1012.0,56.0,0.0,26.47546307702645,1.133334826528098,0.06271418012408449,0.0
2025-11-01,RTD,THE NEWCASTLE UPON TYNE HOSPITALS NHS FOUNDATION TRUST,86575,24165.0,966.0,49.0,0.0,27.912214842622003,1.1157955529887382,0.05659832515160266,0.0
2025-12-01,RTD,THE NEWCASTLE UPON TYNE HOSPITALS NHS FOUNDATION TRUST,85552,24450.0,893.0,38.0,0.0,28.579109781185714,1.0438096128670282,0.04441743033476716,0.0
2026-01-01,RTD,THE NEWCASTLE UPON TYNE HOSPITALS NHS FOUNDATION TRUST,83929,24370.0,930.0,26.0,0.0,29.03644747345971,1.1080794481049459,0.030978565215837195,0.0
2026-02-01,RTD,THE NEWCASTLE UPON TYNE HOSPITALS NHS FOUNDATION TRUST,82021,23803.0,777.0,17.0,0.0,29.020616671340267,0.9473183696858121,0.02072639933675522,0.0
2026-03-01,RTD,THE NEWCASTLE UPON TYNE HOSPITALS NHS FOUNDATION TRUST,81301,22340.0,579.0,6.0,0.0,27.47813680028536,0.7121683620127673,0.00737998302603904,0.0
2026-04-01,RTD,THE NEWCASTLE UPON TYNE HOSPITALS NHS FOUNDATION TRUST,83207,23071.0,616.0,10.0,0.0,27.727234487483027,0.7403223286502338,0.012018219620945353,0.0
2026-05-01,RTD,THE NEWCASTLE UPON TYNE HOSPITALS NHS FOUNDATION TRUST,86197,22807.0,693.0,19.0,0.0,26.459157511282292,0.803972296019583,0.022042530482499392,0.0
2026-06-01,RTD,THE NEWCASTLE UPON TYNE HOSPITALS NHS FOUNDATION TRUST,86942,22056.0,703.0,22.0,0.0,25.36863656230591,0.8085850337006281,0.025304225805709554,0.0
2025-04-01,RTE,GLOUCESTERSHIRE HOSPITALS NHS FOUNDATION TRUST,67389,20905.0,93.0,3.0,0.0,31.021383311816468,0.13800471887103236,0.004451765124872012,0.0
2025-05-01,RTE,GLOUCESTERSHIRE HOSPITALS NHS FOUNDATION TRUST,63551,19959.0,75.0,3.0,0.0,31.406272127897278,0.1180154521565357,0.004720618086261428,0.0
2025-06-01,RTE,GLOUCESTERSHIRE HOSPITALS NHS FOUNDATION TRUST,60843,18932.0,47.0,2.0,0.0,31.11615140607794,0.07724799894811235,0.003287148891409036,0.0
2025-07-01,RTE,GLOUCESTERSHIRE HOSPITALS NHS FOUNDATION TRUST,59701,19144.0,40.0,3.0,0.0,32.066464548332526,0.06700055275456022,0.005025041456592017,0.0
2025-08-01,RTE,GLOUCESTERSHIRE HOSPITALS NHS FOUNDATION TRUST,60358,19758.0,37.0,2.0,0.0,32.73468305775539,0.061300904602538196,0.00331356241094801,0.0
2025-09-01,RTE,GLOUCESTERSHIRE HOSPITALS NHS FOUNDATION TRUST,64009,19379.0,35.0,1.0,0.0,30.275430017653765,0.05467981065162711,0.0015622803043322032,0.0
2025-10-01,RTE,GLOUCESTERSHIRE HOSPITALS NHS FOUNDATION TRUST,62875,19276.0,29.0,0.0,0.0,30.65765407554672,0.046123260437375746,0.0,0.0
2025-11-01,RTE,GLOUCESTERSHIRE HOSPITALS NHS FOUNDATION TRUST,63730,19138.0,31.0,0.0,0.0,30.029813274752865,0.04864271143888279,0.0,0.0
2025-12-01,RTE,GLOUCESTERSHIRE HOSPITALS NHS FOUNDATION TRUST,62716,19303.0,30.0,0.0,0.0,30.778429746795076,0.047834683334396326,0.0,0.0
2026-01-01,RTE,GLOUCESTERSHIRE HOSPITALS NHS FOUNDATION TRUST,63432,20018.0,21.0,1.0,0.0,31.558204061041746,0.0331063185773742,0.0015764913608273426,0.0
2026-02-01,RTE,GLOUCESTERSHIRE HOSPITALS NHS FOUNDATION TRUST,67826,19214.0,13.0,1.0,0.0,28.328369651755963,0.019166691239347743,0.001474360864565211,0.0
2026-03-01,RTE,GLOUCESTERSHIRE HOSPITALS NHS FOUNDATION TRUST,67612,17244.0,6.0,0.0,0.0,25.50434834053127,0.008874164349523754,0.0,0.0
2026-04-01,RTE,GLOUCESTERSHIRE HOSPITALS NHS FOUNDATION TRUST,69286,18045.0,20.0,0.0,0.0,26.044222498051557,0.028865860346967642,0.0,0.0
2026-05-01,RTE,GLOUCESTERSHIRE HOSPITALS NHS FOUNDATION TRUST,70646,18035.0,14.0,0.0,0.0,25.528692353424116,0.019817116326472838,0.0,0.0
2026-06-01,RTE,GLOUCESTERSHIRE HOSPITALS NHS FOUNDATION TRUST,69868,18507.0,15.0,0.0,0.0,26.488521211427262,0.02146905593404706,0.0,0.0
2025-04-01,RTF,NORTHUMBRIA HEALTHCARE NHS FOUNDATION TRUST,35988,7375.0,15.0,0.0,0.0,20.49294209180838,0.04168056018672891,0.0,0.0
2025-05-01,RTF,NORTHUMBRIA HEALTHCARE NHS FOUNDATION TRUST,36412,6999.0,30.0,0.0,0.0,19.22168515873888,0.08239042074041525,0.0,0.0
2025-06-01,RTF,NORTHUMBRIA HEALTHCARE NHS FOUNDATION TRUST,36648,6854.0,17.0,0.0,0.0,18.70224841737612,0.046387251691770354,0.0,0.0
2025-07-01,RTF,NORTHUMBRIA HEALTHCARE NHS FOUNDATION TRUST,36762,6543.0,5.0,0.0,0.0,17.798269952668516,0.013601001033676079,0.0,0.0
2025-08-01,RTF,NORTHUMBRIA HEALTHCARE NHS FOUNDATION TRUST,36391,6548.0,5.0,0.0,0.0,17.993459921409137,0.01373966090516886,0.0,0.0
2025-09-01,RTF,NORTHUMBRIA HEALTHCARE NHS FOUNDATION TRUST,35420,6161.0,0.0,0.0,0.0,17.39412761151892,0.0,0.0,0.0
2025-10-01,RTF,NORTHUMBRIA HEALTHCARE NHS FOUNDATION TRUST,35048,6060.0,2.0,0.0,0.0,17.290572928555125,0.0057064597123944304,0.0,0.0
2025-11-01,RTF,NORTHUMBRIA HEALTHCARE NHS FOUNDATION TRUST,34956,6335.0,4.0,0.0,0.0,18.122782927108364,0.011442956860052637,0.0,0.0
2025-12-01,RTF,NORTHUMBRIA HEALTHCARE NHS FOUNDATION TRUST,35315,6702.0,6.0,0.0,0.0,18.977771485204585,0.016989947614328187,0.0,0.0
2026-01-01,RTF,NORTHUMBRIA HEALTHCARE NHS FOUNDATION TRUST,35742,6854.0,0.0,0.0,0.0,19.176319176319176,0.0,0.0,0.0
2026-02-01,RTF,NORTHUMBRIA HEALTHCARE NHS FOUNDATION TRUST,36156,6677.0,0.0,0.0,0.0,18.467197698860495,0.0,0.0,0.0
2026-03-01,RTF,NORTHUMBRIA HEALTHCARE NHS FOUNDATION TRUST,37215,6419.0,0.0,0.0,0.0,17.248421335483005,0.0,0.0,0.0
2026-04-01,RTF,NORTHUMBRIA HEALTHCARE NHS FOUNDATION TRUST,37406,6727.0,0.0,0.0,0.0,17.98374592311394,0.0,0.0,0.0
2026-05-01,RTF,NORTHUMBRIA HEALTHCARE NHS FOUNDATION TRUST,39520,6714.0,0.0,0.0,0.0,16.988866396761136,0.0,0.0,0.0
2026-06-01,RTF,NORTHUMBRIA HEALTHCARE NHS FOUNDATION TRUST,39619,6378.0,0.0,0.0,0.0,16.098336656654634,0.0,0.0,0.0
2025-04-01,RTG,UNIVERSITY HOSPITALS OF DERBY AND BURTON NHS FOUNDATION TRUST,107930,49629.0,2187.0,81.0,1.0,45.98258130269619,2.026313351246178,0.07504864263874733,0.0009265264523302141
2025-05-01,RTG,UNIVERSITY HOSPITALS OF DERBY AND BURTON NHS FOUNDATION TRUST,106838,48436.0,2503.0,57.0,0.0,45.335929163780676,2.3427993784982872,0.05335180366536251,0.0
2025-06-01,RTG,UNIVERSITY HOSPITALS OF DERBY AND BURTON NHS FOUNDATION TRUST,100955,42942.0,2190.0,24.0,0.0,42.53578326977367,2.169283344064187,0.023772968154128077,0.0
2025-07-01,RTG,UNIVERSITY HOSPITALS OF DERBY AND BURTON NHS FOUNDATION TRUST,98832,41365.0,2139.0,36.0,0.0,41.853853003075926,2.164278776104905,0.03642544924720738,0.0
2025-08-01,RTG,UNIVERSITY HOSPITALS OF DERBY AND BURTON NHS FOUNDATION TRUST,95660,39327.0,1881.0,46.0,0.0,41.111227263223924,1.9663391177085512,0.04808697470206983,0.0
2025-09-01,RTG,UNIVERSITY HOSPITALS OF DERBY AND BURTON NHS FOUNDATION TRUST,94828,38596.0,1711.0,39.0,0.0,40.70105875901632,1.8043193993335302,0.04112709326359303,0.0
2025-10-01,RTG,UNIVERSITY HOSPITALS OF DERBY AND BURTON NHS FOUNDATION TRUST,95954,38852.0,1683.0,34.0,0.0,40.49023490422494,1.7539654417741837,0.035433645288367344,0.0
2025-11-01,RTG,UNIVERSITY HOSPITALS OF DERBY AND BURTON NHS FOUNDATION TRUST,96487,39572.0,1642.0,49.0,1.0,41.012778923585564,1.701783659974919,0.05078404344626737,0.001036409049923824
2025-12-01,RTG,UNIVERSITY HOSPITALS OF DERBY AND BURTON NHS FOUNDATION TRUST,96824,40536.0,1621.0,30.0,1.0,41.86565314384863,1.6741716929686856,0.03098405354044452,0.001032801784681484
2026-01-01,RTG,UNIVERSITY HOSPITALS OF DERBY AND BURTON NHS FOUNDATION TRUST,97678,41841.0,1924.0,39.0,0.0,42.835643645447284,1.9697373001085199,0.03992710743463216,0.0
2026-02-01,RTG,UNIVERSITY HOSPITALS OF DERBY AND BURTON NHS FOUNDATION TRUST,96841,41259.0,1909.0,76.0,0.0,42.60488842535703,1.9712724982187297,0.07847915655559112,0.0
2026-03-01,RTG,UNIVERSITY HOSPITALS OF DERBY AND BURTON NHS FOUNDATION TRUST,93272,35583.0,1511.0,68.0,0.0,38.149712668324895,1.6199931383480575,0.07290505189124281,0.0
2026-04-01,RTG,UNIVERSITY HOSPITALS OF DERBY AND BURTON NHS FOUNDATION TRUST,94758,36979.0,1526.0,79.0,4.0,39.02467337850102,1.6104181177314845,0.08337026952869415,0.004221279469807299
2026-05-01,RTG,UNIVERSITY HOSPITALS OF DERBY AND BURTON NHS FOUNDATION TRUST,93839,36707.0,1674.0,79.0,3.0,39.11699826298234,1.7839064781167744,0.08418674538304968,0.0031969650145461906
2026-06-01,RTG,UNIVERSITY HOSPITALS OF DERBY AND BURTON NHS FOUNDATION TRUST,96379,37175.0,1782.0,68.0,2.0,38.571680552817526,1.8489504975150186,0.07055478890629702,0.0020751408501852066
2025-04-01,RTH,OXFORD UNIVERSITY HOSPITALS NHS FOUNDATION TRUST,87990,37597.0,2854.0,115.0,2.0,42.728719172633255,3.2435504034549383,0.130696670076145,0.0022729855665416525
2025-05-01,RTH,OXFORD UNIVERSITY HOSPITALS NHS FOUNDATION TRUST,86654,36214.0,2818.0,152.0,0.0,41.79149260276502,3.252013755856625,0.17541025226763912,0.0
2025-06-01,RTH,OXFORD UNIVERSITY HOSPITALS NHS FOUNDATION TRUST,86883,35664.0,2851.0,157.0,1.0,41.04830634301302,3.2814244443677127,0.18070278420404454,0.001150973147796462
2025-07-01,RTH,OXFORD UNIVERSITY HOSPITALS NHS FOUNDATION TRUST,87002,36020.0,2811.0,175.0,0.0,41.40134709546907,3.230960207811315,0.20114480126893633,0.0
2025-08-01,RTH,OXFORD UNIVERSITY HOSPITALS NHS FOUNDATION TRUST,86320,35556.0,2722.0,194.0,0.0,41.190917516218725,3.153382761816497,0.22474513438368862,0.0
2025-09-01,RTH,OXFORD UNIVERSITY HOSPITALS NHS FOUNDATION TRUST,85367,34445.0,2487.0,130.0,0.0,40.34931530919442,2.9133037356355502,0.15228366933358323,0.0
2025-10-01,RTH,OXFORD UNIVERSITY HOSPITALS NHS FOUNDATION TRUST,84405,33782.0,2335.0,90.0,0.0,40.023695278715714,2.7664237900598305,0.10662875422072153,0.0
2025-11-01,RTH,OXFORD UNIVERSITY HOSPITALS NHS FOUNDATION TRUST,84101,33320.0,2263.0,80.0,0.0,39.619029500243755,2.6908122376666155,0.09512372028870049,0.0
2025-12-01,RTH,OXFORD UNIVERSITY HOSPITALS NHS FOUNDATION TRUST,83723,33597.0,2095.0,65.0,0.0,40.128757927929,2.502299248713018,0.0776369695304755,0.0
2026-01-01,RTH,OXFORD UNIVERSITY HOSPITALS NHS FOUNDATION TRUST,85063,34272.0,2011.0,75.0,0.0,40.2901378977934,2.3641301153262875,0.08816994462927477,0.0
2026-02-01,RTH,OXFORD UNIVERSITY HOSPITALS NHS FOUNDATION TRUST,86985,34271.0,1895.0,102.0,2.0,39.39874691038685,2.1785365292866588,0.11726159682703916,0.0022992469966086108
2026-03-01,RTH,OXFORD UNIVERSITY HOSPITALS NHS FOUNDATION TRUST,88213,32635.0,1590.0,46.0,0.0,36.9956809087096,1.8024554204028886,0.05214650901794521,0.0
2026-04-01,RTH,OXFORD UNIVERSITY HOSPITALS NHS FOUNDATION TRUST,90210,34212.0,1599.0,47.0,0.0,37.92484203525108,1.7725307615563686,0.05210065402948675,0.0
2026-05-01,RTH,OXFORD UNIVERSITY HOSPITALS NHS FOUNDATION TRUST,91148,34248.0,1692.0,54.0,0.0,37.57405538245491,1.8563215868697063,0.059244305963926804,0.0
2026-06-01,RTH,OXFORD UNIVERSITY HOSPITALS NHS FOUNDATION TRUST,90587,33986.0,1714.0,58.0,1.0,37.517524589621026,1.8921037234923332,0.06402684711934384,0.0011039111572300662
2025-04-01,RTK,ASHFORD AND ST PETER'S HOSPITALS NHS FOUNDATION TRUST,59337,25244.0,763.0,23.0,0.0,42.54343832684497,1.2858755919578004,0.038761649560982187,0.0
2025-05-01,RTK,ASHFORD AND ST PETER'S HOSPITALS NHS FOUNDATION TRUST,57389,23521.0,847.0,30.0,0.0,40.985206224189305,1.4758925926571294,0.05227482618620293,0.0
2025-06-01,RTK,ASHFORD AND ST PETER'S HOSPITALS NHS FOUNDATION TRUST,55345,22117.0,863.0,32.0,1.0,39.96205619297136,1.5593097840816696,0.05781913451983015,0.0018068479537446923
2025-07-01,RTK,ASHFORD AND ST PETER'S HOSPITALS NHS FOUNDATION TRUST,55874,23723.0,977.0,57.0,0.0,42.458030568779755,1.7485771557432794,0.10201524859505316,0.0
2025-08-01,RTK,ASHFORD AND ST PETER'S HOSPITALS NHS FOUNDATION TRUST,55235,23641.0,1092.0,85.0,0.0,42.8007603874355,1.977007332307414,0.15388793337557707,0.0
2025-09-01,RTK,ASHFORD AND ST PETER'S HOSPITALS NHS FOUNDATION TRUST,55850,23432.0,1017.0,86.0,0.0,41.955237242614146,1.82094897045658,0.1539838854073411,0.0
2025-10-01,RTK,ASHFORD AND ST PETER'S HOSPITALS NHS FOUNDATION TRUST,54384,22335.0,1001.0,60.0,1.0,41.06906443071492,1.8406148867313916,0.11032656663724624,0.0018387761106207707
2025-11-01,RTK,ASHFORD AND ST PETER'S HOSPITALS NHS FOUNDATION TRUST,51962,21292.0,662.0,10.0,0.0,40.9760979177091,1.2740079288710981,0.019244832762403297,0.0
2025-12-01,RTK,ASHFORD AND ST PETER'S HOSPITALS NHS FOUNDATION TRUST,51310,21085.0,621.0,2.0,0.0,41.093354122003504,1.2102903917365035,0.0038978756577665173,0.0
2026-01-01,RTK,ASHFORD AND ST PETER'S HOSPITALS NHS FOUNDATION TRUST,50621,20872.0,710.0,37.0,4.0,41.23189980442899,1.402579956934869,0.07309219493885938,0.00790185891230912
2026-02-01,RTK,ASHFORD AND ST PETER'S HOSPITALS NHS FOUNDATION TRUST,49638,19579.0,621.0,18.0,0.0,39.443571457351226,1.2510576574398646,0.03626254079535839,0.0
2026-03-01,RTK,ASHFORD AND ST PETER'S HOSPITALS NHS FOUNDATION TRUST,50932,19403.0,599.0,13.0,0.0,38.09589256263253,1.1760779077986334,0.025524228382941962,0.0
2026-04-01,RTK,ASHFORD AND ST PETER'S HOSPITALS NHS FOUNDATION TRUST,51389,19449.0,610.0,16.0,0.0,37.84662087217109,1.187024460487653,0.031135067816069586,0.0
2026-05-01,RTK,ASHFORD AND ST PETER'S HOSPITALS NHS FOUNDATION TRUST,52856,19715.0,740.0,76.0,6.0,37.29945512335402,1.4000302709247767,0.14378689268957165,0.011351596791281972
2026-06-01,RTK,ASHFORD AND ST PETER'S HOSPITALS NHS FOUNDATION TRUST,54116,20265.0,735.0,83.0,7.0,37.44733535368468,1.3581935102372682,0.15337423312883436,0.012935176287973981
2025-04-01,RTP,SURREY AND SUSSEX HEALTHCARE NHS TRUST,54524,24131.0,915.0,20.0,0.0,44.257574646027436,1.6781600762966766,0.03668109456386178,0.0
2025-05-01,RTP,SURREY AND SUSSEX HEALTHCARE NHS TRUST,51836,22504.0,949.0,53.0,0.0,43.413843660776294,1.8307739794737248,0.10224554363762638,0.0
2025-06-01,RTP,SURREY AND SUSSEX HEALTHCARE NHS TRUST,52425,22598.0,959.0,50.0,0.0,43.10538865045303,1.8292799237005246,0.09537434430138292,0.0
2025-07-01,RTP,SURREY AND SUSSEX HEALTHCARE NHS TRUST,52190,22618.0,1038.0,55.0,0.0,43.33780417704541,1.9888867599156927,0.10538417321325924,0.0
2025-08-01,RTP,SURREY AND SUSSEX HEALTHCARE NHS TRUST,50457,21544.0,905.0,48.0,1.0,42.69774263234041,1.793606437164318,0.09513050716451632,0.0019818855659274235
2025-09-01,RTP,SURREY AND SUSSEX HEALTHCARE NHS TRUST,46050,19342.0,849.0,47.0,0.0,42.00217155266015,1.8436482084690553,0.1020629750271444,0.0
2025-10-01,RTP,SURREY AND SUSSEX HEALTHCARE NHS TRUST,45806,18493.0,761.0,49.0,0.0,40.372440291664844,1.6613544077195126,0.10697288564816836,0.0
2025-11-01,RTP,SURREY AND SUSSEX HEALTHCARE NHS TRUST,45667,17894.0,731.0,25.0,0.0,39.18365559375479,1.6007182429325333,0.054744125955285,0.0
2025-12-01,RTP,SURREY AND SUSSEX HEALTHCARE NHS TRUST,46873,17802.0,690.0,35.0,0.0,37.979220446739056,1.472062808013142,0.07466985258037677,0.0
2026-01-01,RTP,SURREY AND SUSSEX HEALTHCARE NHS TRUST,46784,17446.0,707.0,20.0,1.0,37.290526675786595,1.511200410396717,0.042749658002735974,0.002137482900136799
2026-02-01,RTP,SURREY AND SUSSEX HEALTHCARE NHS TRUST,47465,16624.0,696.0,31.0,0.0,35.023701674918364,1.4663436216159276,0.06531128199726113,0.0
2026-03-01,RTP,SURREY AND SUSSEX HEALTHCARE NHS TRUST,47269,15583.0,621.0,32.0,0.0,32.96663775413061,1.3137574308743574,0.06769764539127124,0.0
2026-04-01,RTP,SURREY AND SUSSEX HEALTHCARE NHS TRUST,47337,15968.0,691.0,41.0,0.0,33.7325981790143,1.4597460760081966,0.086613008851427,0.0
2026-05-01,RTP,SURREY AND SUSSEX HEALTHCARE NHS TRUST,48877,16586.0,836.0,74.0,1.0,33.934161261943245,1.710415942058637,0.1514004542013626,0.0020459520838021976
2026-06-01,RTP,SURREY AND SUSSEX HEALTHCARE NHS TRUST,50672,17223.0,1025.0,118.0,3.0,33.98918534891064,2.022813388064414,0.2328702241869277,0.005920429428481213
2025-04-01,RTR,SOUTH TEES HOSPITALS NHS FOUNDATION TRUST,56803,22123.0,1569.0,108.0,0.0,38.946886608101686,2.7621780539760223,0.19013080295054838,0.0
2025-05-01,RTR,SOUTH TEES HOSPITALS NHS FOUNDATION TRUST,56549,21407.0,1599.0,113.0,0.0,37.85566499849688,2.8276362093052043,0.19982669896903568,0.0
2025-06-01,RTR,SOUTH TEES HOSPITALS NHS FOUNDATION TRUST,56591,21441.0,1610.0,90.0,0.0,37.88764997967875,2.8449753494371897,0.15903588909897334,0.0
2025-07-01,RTR,SOUTH TEES HOSPITALS NHS FOUNDATION TRUST,57052,21750.0,1568.0,83.0,0.0,38.12311575404894,2.7483699081539648,0.1454813152913132,0.0
2025-08-01,RTR,SOUTH TEES HOSPITALS NHS FOUNDATION TRUST,57473,22374.0,1679.0,121.0,0.0,38.92958432655334,2.921371774572408,0.2105336418840151,0.0
2025-09-01,RTR,SOUTH TEES HOSPITALS NHS FOUNDATION TRUST,56530,21642.0,1522.0,124.0,0.0,38.28409693967805,2.6923757297010438,0.2193525561648682,0.0
2025-10-01,RTR,SOUTH TEES HOSPITALS NHS FOUNDATION TRUST,56693,21478.0,1366.0,138.0,0.0,37.88474767607994,2.409468541089729,0.24341629478066076,0.0
2025-11-01,RTR,SOUTH TEES HOSPITALS NHS FOUNDATION TRUST,56112,21439.0,1255.0,71.0,0.0,38.207513544339896,2.236598232107214,0.1265326489877388,0.0
2025-12-01,RTR,SOUTH TEES HOSPITALS NHS FOUNDATION TRUST,55597,21206.0,1037.0,44.0,0.0,38.142345810025716,1.865208554418404,0.07914096084321097,0.0
2026-01-01,RTR,SOUTH TEES HOSPITALS NHS FOUNDATION TRUST,56025,21253.0,996.0,29.0,0.0,37.93485051316377,1.7777777777777777,0.05176260597947345,0.0
2026-02-01,RTR,SOUTH TEES HOSPITALS NHS FOUNDATION TRUST,55488,20496.0,915.0,29.0,0.0,36.937716262975776,1.6490051903114187,0.05226355247981545,0.0
2026-03-01,RTR,SOUTH TEES HOSPITALS NHS FOUNDATION TRUST,54264,18879.0,658.0,12.0,0.0,34.79102167182663,1.2125902992776059,0.022114108801415303,0.0
2026-04-01,RTR,SOUTH TEES HOSPITALS NHS FOUNDATION TRUST,55550,19106.0,697.0,18.0,0.0,34.394239423942395,1.2547254725472547,0.032403240324032405,0.0
2026-05-01,RTR,SOUTH TEES HOSPITALS NHS FOUNDATION TRUST,56598,19119.0,675.0,22.0,0.0,33.780345595250715,1.1926216474080356,0.038870631471076715,0.0
2026-06-01,RTR,SOUTH TEES HOSPITALS NHS FOUNDATION TRUST,57203,19162.0,707.0,12.0,0.0,33.49824309913816,1.2359491635054105,0.02097792073842281,0.0
2025-04-01,RTX,UNIVERSITY HOSPITALS OF MORECAMBE BAY NHS FOUNDATION TRUST,34603,11006.0,486.0,1.0,0.0,31.806490766696527,1.4045024997832558,0.0028899228390601973,0.0
2025-05-01,RTX,UNIVERSITY HOSPITALS OF MORECAMBE BAY NHS FOUNDATION TRUST,34700,11047.0,533.0,3.0,1.0,31.835734870317,1.5360230547550433,0.008645533141210374,0.0028818443804034585
2025-06-01,RTX,UNIVERSITY HOSPITALS OF MORECAMBE BAY NHS FOUNDATION TRUST,35037,11088.0,560.0,5.0,0.0,31.64654508091446,1.5983103576219424,0.014270628193053058,0.0
2025-07-01,RTX,UNIVERSITY HOSPITALS OF MORECAMBE BAY NHS FOUNDATION TRUST,34937,11384.0,485.0,4.0,0.0,32.584366144774876,1.3882130692389159,0.011449179952485903,0.0
2025-08-01,RTX,UNIVERSITY HOSPITALS OF MORECAMBE BAY NHS FOUNDATION TRUST,34468,11233.0,465.0,4.0,0.0,32.58964836950214,1.3490774051293954,0.01160496692584426,0.0
2025-09-01,RTX,UNIVERSITY HOSPITALS OF MORECAMBE BAY NHS FOUNDATION TRUST,34049,10678.0,494.0,7.0,5.0,31.360686070075477,1.4508502452348087,0.020558606713853567,0.014684719081323974
2025-10-01,RTX,UNIVERSITY HOSPITALS OF MORECAMBE BAY NHS FOUNDATION TRUST,34026,10546.0,567.0,3.0,0.0,30.993945806148236,1.6663727737612415,0.00881678716275789,0.0
2025-11-01,RTX,UNIVERSITY HOSPITALS OF MORECAMBE BAY NHS FOUNDATION TRUST,33887,10433.0,530.0,7.0,0.0,30.787617670493113,1.5640216012040016,0.02065688907250568,0.0
2025-12-01,RTX,UNIVERSITY HOSPITALS OF MORECAMBE BAY NHS FOUNDATION TRUST,35368,11216.0,473.0,4.0,0.0,31.71228228907487,1.3373671115132322,0.011309658448314861,0.0
2026-01-01,RTX,UNIVERSITY HOSPITALS OF MORECAMBE BAY NHS FOUNDATION TRUST,35369,11537.0,523.0,2.0,0.0,32.61896010630778,1.4786960332494559,0.005654669343210156,0.0
2026-02-01,RTX,UNIVERSITY HOSPITALS OF MORECAMBE BAY NHS FOUNDATION TRUST,34786,11426.0,570.0,4.0,0.0,32.84654746162249,1.6385902374518484,0.011498878859311218,0.0
2026-03-01,RTX,UNIVERSITY HOSPITALS OF MORECAMBE BAY NHS FOUNDATION TRUST,33941,9663.0,545.0,4.0,0.0,28.4699920450193,1.6057275861053002,0.01178515659526826,0.0
2026-04-01,RTX,UNIVERSITY HOSPITALS OF MORECAMBE BAY NHS FOUNDATION TRUST,34410,9803.0,561.0,3.0,0.0,28.4888113920372,1.6303400174367915,0.00871839581517001,0.0
2026-05-01,RTX,UNIVERSITY HOSPITALS OF MORECAMBE BAY NHS FOUNDATION TRUST,34920,10118.0,589.0,6.0,0.0,28.974799541809855,1.6867124856815578,0.01718213058419244,0.0
2026-06-01,RTX,UNIVERSITY HOSPITALS OF MORECAMBE BAY NHS FOUNDATION TRUST,35626,10429.0,666.0,8.0,0.0,29.27356425082805,1.8694212092292148,0.022455510020771348,0.0
2025-04-01,RVJ,NORTH BRISTOL NHS TRUST,42914,15821.0,219.0,1.0,0.0,36.86675676935266,0.5103229715244443,0.0023302418791070513,0.0
2025-05-01,RVJ,NORTH BRISTOL NHS TRUST,44163,15667.0,201.0,2.0,0.0,35.47539795756629,0.45513212417634674,0.004528677852500962,0.0
2025-06-01,RVJ,NORTH BRISTOL NHS TRUST,44229,15042.0,161.0,1.0,0.0,34.009360374414975,0.36401456058242326,0.0022609600036175358,0.0
2025-07-01,RVJ,NORTH BRISTOL NHS TRUST,44360,15181.0,164.0,0.0,0.0,34.22227231740307,0.369702434625789,0.0,0.0
2025-08-01,RVJ,NORTH BRISTOL NHS TRUST,44756,15556.0,187.0,0.0,0.0,34.75735096970239,0.4178210742693717,0.0,0.0
2025-09-01,RVJ,NORTH BRISTOL NHS TRUST,44358,14780.0,149.0,0.0,0.0,33.319807024662964,0.33590333198070244,0.0,0.0
2025-10-01,RVJ,NORTH BRISTOL NHS TRUST,43857,14552.0,140.0,0.0,0.0,33.180564106072005,0.319219280844563,0.0,0.0
2025-11-01,RVJ,NORTH BRISTOL NHS TRUST,43632,14668.0,127.0,2.0,0.0,33.617528419508616,0.29107077374404106,0.004583791712504583,0.0
2025-12-01,RVJ,NORTH BRISTOL NHS TRUST,43126,14432.0,91.0,2.0,0.0,33.46473125260864,0.21100959977739647,0.004637573621481241,0.0
2026-01-01,RVJ,NORTH BRISTOL NHS TRUST,42254,13820.0,106.0,3.0,0.0,32.70696265442325,0.2508638235433332,0.007099919534245279,0.0
2026-02-01,RVJ,NORTH BRISTOL NHS TRUST,41508,13341.0,65.0,1.0,0.0,32.14079213645562,0.15659631878192157,0.0024091741351064855,0.0
2026-03-01,RVJ,NORTH BRISTOL NHS TRUST,39487,11568.0,38.0,1.0,0.0,29.29571757793704,0.0962342036619647,0.002532479043735913,0.0
2026-04-01,RVJ,NORTH BRISTOL NHS TRUST,40387,11911.0,29.0,2.0,0.0,29.49216331988016,0.07180528387847575,0.0049520885433431555,0.0
2026-05-01,RVJ,NORTH BRISTOL NHS TRUST,41518,11950.0,41.0,4.0,0.0,28.782696661688906,0.09875234837901632,0.00963437545161135,0.0
2026-06-01,RVJ,NORTH BRISTOL NHS TRUST,42365,12055.0,55.0,4.0,0.0,28.455092647232384,0.1298241472913962,0.009441756166646997,0.0
2025-04-01,RVR,EPSOM AND ST HELIER UNIVERSITY HOSPITALS NHS TRUST,49751,17390.0,847.0,56.0,0.0,34.95407127494925,1.7024783421438765,0.11256055154670258,0.0
2025-05-01,RVR,EPSOM AND ST HELIER UNIVERSITY HOSPITALS NHS TRUST,53903,18430.0,950.0,98.0,0.0,34.19104688050758,1.7624250969333801,0.1818080626310224,0.0
2025-06-01,RVR,EPSOM AND ST HELIER UNIVERSITY HOSPITALS NHS TRUST,56144,19595.0,992.0,108.0,0.0,34.90132516386435,1.76688515246509,0.19236249643773154,0.0
2025-07-01,RVR,EPSOM AND ST HELIER UNIVERSITY HOSPITALS NHS TRUST,58191,20613.0,1039.0,133.0,0.0,35.42300355725112,1.7854994758639653,0.22855768074100807,0.0
2025-08-01,RVR,EPSOM AND ST HELIER UNIVERSITY HOSPITALS NHS TRUST,59726,21691.0,1091.0,124.0,0.0,36.31751665941131,1.8266751498509863,0.2076147741352175,0.0
2025-09-01,RVR,EPSOM AND ST HELIER UNIVERSITY HOSPITALS NHS TRUST,58667,21661.0,1241.0,165.0,0.0,36.92194930710621,2.1153288901767606,0.28124840199771595,0.0
2025-10-01,RVR,EPSOM AND ST HELIER UNIVERSITY HOSPITALS NHS TRUST,57913,22151.0,1307.0,171.0,1.0,38.24875243900333,2.2568335261512957,0.2952704919448138,0.0017267280230690864
2025-11-01,RVR,EPSOM AND ST HELIER UNIVERSITY HOSPITALS NHS TRUST,57834,22814.0,1054.0,116.0,1.0,39.44738389182834,1.8224573780129336,0.2005740567832071,0.0017290866964069578
2025-12-01,RVR,EPSOM AND ST HELIER UNIVERSITY HOSPITALS NHS TRUST,58752,23444.0,888.0,34.0,0.0,39.903322440087145,1.511437908496732,0.057870370370370364,0.0
2026-01-01,RVR,EPSOM AND ST HELIER UNIVERSITY HOSPITALS NHS TRUST,60088,23115.0,826.0,21.0,0.0,38.46857941685528,1.374650512581547,0.03494874184529357,0.0
2026-02-01,RVR,EPSOM AND ST HELIER UNIVERSITY HOSPITALS NHS TRUST,60294,22130.0,671.0,20.0,0.0,36.703486250704884,1.1128802202540884,0.033170796430822304,0.0
2026-03-01,RVR,EPSOM AND ST HELIER UNIVERSITY HOSPITALS NHS TRUST,58229,19494.0,456.0,18.0,0.0,33.47816380154219,0.7831149427261329,0.030912431949715775,0.0
2026-04-01,RVR,EPSOM AND ST HELIER UNIVERSITY HOSPITALS NHS TRUST,58847,19678.0,475.0,20.0,0.0,33.43925773616327,0.8071779360035346,0.03398643941067514,0.0
2026-05-01,RVR,EPSOM AND ST HELIER UNIVERSITY HOSPITALS NHS TRUST,57374,19071.0,496.0,33.0,1.0,33.23979502910726,0.8645030850210896,0.05751734235019347,0.0017429497681876807
2026-06-01,RVR,EPSOM AND ST HELIER UNIVERSITY HOSPITALS NHS TRUST,57011,18867.0,514.0,26.0,0.0,33.093613513181666,0.9015803967655365,0.045605234077634144,0.0
2025-04-01,RVV,EAST KENT HOSPITALS UNIVERSITY NHS FOUNDATION TRUST,83118,38195.0,2648.0,45.0,3.0,45.95274188503092,3.185832190379942,0.05413989749512741,0.003609326499675161
2025-05-01,RVV,EAST KENT HOSPITALS UNIVERSITY NHS FOUNDATION TRUST,82146,37207.0,2466.0,69.0,3.0,45.29374528278918,3.001972098458842,0.08399678620991893,0.003652034183039953
2025-06-01,RVV,EAST KENT HOSPITALS UNIVERSITY NHS FOUNDATION TRUST,80701,36284.0,2222.0,68.0,5.0,44.961028983531804,2.7533735641441863,0.08426165722853497,0.0061957100903334535
2025-07-01,RVV,EAST KENT HOSPITALS UNIVERSITY NHS FOUNDATION TRUST,80002,36092.0,2087.0,59.0,5.0,45.11387215319617,2.608684782880428,0.07374815629609259,0.0062498437539061525
2025-08-01,RVV,EAST KENT HOSPITALS UNIVERSITY NHS FOUNDATION TRUST,80064,36303.0,2320.0,94.0,10.0,45.34247601918465,2.897681854516387,0.11740607513988809,0.012490007993605116
2025-09-01,RVV,EAST KENT HOSPITALS UNIVERSITY NHS FOUNDATION TRUST,78917,36103.0,2435.0,127.0,10.0,45.74806442211437,3.0855202301151845,0.16092857052346135,0.012671540986099319
2025-10-01,RVV,EAST KENT HOSPITALS UNIVERSITY NHS FOUNDATION TRUST,78449,36144.0,2327.0,112.0,3.0,46.07324503817767,2.9662583334395594,0.14276791291157312,0.003824140524417137
2025-11-01,RVV,EAST KENT HOSPITALS UNIVERSITY NHS FOUNDATION TRUST,76855,35623.0,2078.0,87.0,1.0,46.35092056469976,2.70379285667816,0.11320018216121268,0.0013011515190943987
2025-12-01,RVV,EAST KENT HOSPITALS UNIVERSITY NHS FOUNDATION TRUST,75959,36629.0,1977.0,46.0,0.0,48.22206716781422,2.6027198883608262,0.06055898576863834,0.0
2026-01-01,RVV,EAST KENT HOSPITALS UNIVERSITY NHS FOUNDATION TRUST,75205,36616.0,2006.0,69.0,2.0,48.688252110896876,2.667375839372382,0.09174921880194137,0.002659397646433083
2026-02-01,RVV,EAST KENT HOSPITALS UNIVERSITY NHS FOUNDATION TRUST,73881,35972.0,2016.0,88.0,2.0,48.68910816042013,2.7287123888415152,0.11911046141768519,0.0027070559413110273
2026-03-01,RVV,EAST KENT HOSPITALS UNIVERSITY NHS FOUNDATION TRUST,79216,34474.0,1848.0,61.0,1.0,43.518986063421536,2.332862048071097,0.07700464552615632,0.0012623712381337102
2026-04-01,RVV,EAST KENT HOSPITALS UNIVERSITY NHS FOUNDATION TRUST,80697,34962.0,1992.0,81.0,1.0,43.325030670285145,2.468493252537269,0.10037547864232871,0.0012392034400287495
2026-05-01,RVV,EAST KENT HOSPITALS UNIVERSITY NHS FOUNDATION TRUST,82010,35485.0,2161.0,125.0,1.0,43.26911352274113,2.6350445067674677,0.15242043653213022,0.0012193634922570418
2026-06-01,RVV,EAST KENT HOSPITALS UNIVERSITY NHS FOUNDATION TRUST,82404,36165.0,2462.0,166.0,4.0,43.887432648900536,2.9877190427649145,0.20144653172176108,0.004854133294500267
2025-04-01,RVW,NORTH TEES AND HARTLEPOOL NHS FOUNDATION TRUST,20692,5416.0,202.0,0.0,0.0,26.17436690508409,0.9762226947612603,0.0,0.0
2025-05-01,RVW,NORTH TEES AND HARTLEPOOL NHS FOUNDATION TRUST,20964,5353.0,217.0,3.0,0.0,25.53424918908605,1.0351078038542263,0.014310246136233542,0.0
2025-06-01,RVW,NORTH TEES AND HARTLEPOOL NHS FOUNDATION TRUST,20870,5442.0,255.0,1.0,0.0,26.075706756109245,1.2218495448011502,0.004791566842357451,0.0
2025-07-01,RVW,NORTH TEES AND HARTLEPOOL NHS FOUNDATION TRUST,21232,5480.0,199.0,0.0,0.0,25.810097965335345,0.9372645064054257,0.0,0.0
2025-08-01,RVW,NORTH TEES AND HARTLEPOOL NHS FOUNDATION TRUST,20922,5716.0,157.0,0.0,0.0,27.320523850492307,0.7504062709110028,0.0,0.0
2025-09-01,RVW,NORTH TEES AND HARTLEPOOL NHS FOUNDATION TRUST,21491,5729.0,160.0,0.0,0.0,26.657670652831417,0.7444976967102508,0.0,0.0
2025-10-01,RVW,NORTH TEES AND HARTLEPOOL NHS FOUNDATION TRUST,22293,5839.0,191.0,0.0,0.0,26.19207823083479,0.8567711837796618,0.0,0.0
2025-11-01,RVW,NORTH TEES AND HARTLEPOOL NHS FOUNDATION TRUST,21991,5989.0,182.0,0.0,0.0,27.233868400709383,0.8276112955299895,0.0,0.0
2025-12-01,RVW,NORTH TEES AND HARTLEPOOL NHS FOUNDATION TRUST,22059,6325.0,220.0,1.0,0.0,28.673103948501744,0.9973253547304954,0.004533297066956798,0.0
2026-01-01,RVW,NORTH TEES AND HARTLEPOOL NHS FOUNDATION TRUST,21899,6408.0,250.0,3.0,0.0,29.261610119183523,1.141604639481255,0.013699255673775057,0.0
2026-02-01,RVW,NORTH TEES AND HARTLEPOOL NHS FOUNDATION TRUST,22142,6610.0,250.0,3.0,0.0,29.852768494264293,1.1290759642308734,0.013548911570770482,0.0
2026-03-01,RVW,NORTH TEES AND HARTLEPOOL NHS FOUNDATION TRUST,21534,6322.0,212.0,7.0,0.0,29.358224203585024,0.9844896442834588,0.03250673353766138,0.0
2026-04-01,RVW,NORTH TEES AND HARTLEPOOL NHS FOUNDATION TRUST,22573,6239.0,212.0,14.0,0.0,27.63921499136136,0.9391751207194435,0.062020998538076466,0.0
2026-05-01,RVW,NORTH TEES AND HARTLEPOOL NHS FOUNDATION TRUST,22873,6339.0,216.0,0.0,0.0,27.71389848292747,0.9443448607528527,0.0,0.0
2026-06-01,RVW,NORTH TEES AND HARTLEPOOL NHS FOUNDATION TRUST,23080,6570.0,230.0,0.0,0.0,28.466204506065857,0.9965337954939341,0.0,0.0
2025-04-01,RW1,HAMPSHIRE AND ISLE OF WIGHT HEALTHCARE NHS FOUNDATION TRUST,3961,286.0,0.0,0.0,0.0,7.220398889169402,0.0,0.0,0.0
2025-05-01,RW1,HAMPSHIRE AND ISLE OF WIGHT HEALTHCARE NHS FOUNDATION TRUST,4115,281.0,0.0,0.0,0.0,6.828675577156744,0.0,0.0,0.0
2025-06-01,RW1,HAMPSHIRE AND ISLE OF WIGHT HEALTHCARE NHS FOUNDATION TRUST,3955,268.0,0.0,0.0,0.0,6.776232616940582,0.0,0.0,0.0
2025-07-01,RW1,HAMPSHIRE AND ISLE OF WIGHT HEALTHCARE NHS FOUNDATION TRUST,4058,300.0,0.0,0.0,0.0,7.392804337111877,0.0,0.0,0.0
2025-08-01,RW1,HAMPSHIRE AND ISLE OF WIGHT HEALTHCARE NHS FOUNDATION TRUST,4152,307.0,0.0,0.0,0.0,7.39402697495183,0.0,0.0,0.0
2025-09-01,RW1,HAMPSHIRE AND ISLE OF WIGHT HEALTHCARE NHS FOUNDATION TRUST,3983,314.0,0.0,0.0,0.0,7.883504895807181,0.0,0.0,0.0
2025-10-01,RW1,HAMPSHIRE AND ISLE OF WIGHT HEALTHCARE NHS FOUNDATION TRUST,4066,319.0,0.0,0.0,0.0,7.8455484505656665,0.0,0.0,0.0
2025-11-01,RW1,HAMPSHIRE AND ISLE OF WIGHT HEALTHCARE NHS FOUNDATION TRUST,4480,356.0,0.0,0.0,0.0,7.946428571428571,0.0,0.0,0.0
2025-12-01,RW1,HAMPSHIRE AND ISLE OF WIGHT HEALTHCARE NHS FOUNDATION TRUST,4167,333.0,0.0,0.0,0.0,7.991360691144708,0.0,0.0,0.0
2026-01-01,RW1,HAMPSHIRE AND ISLE OF WIGHT HEALTHCARE NHS FOUNDATION TRUST,4170,315.0,0.0,0.0,0.0,7.553956834532374,0.0,0.0,0.0
2026-02-01,RW1,HAMPSHIRE AND ISLE OF WIGHT HEALTHCARE NHS FOUNDATION TRUST,4425,328.0,0.0,0.0,0.0,7.412429378531074,0.0,0.0,0.0
2026-03-01,RW1,HAMPSHIRE AND ISLE OF WIGHT HEALTHCARE NHS FOUNDATION TRUST,4364,413.0,0.0,0.0,0.0,9.463794683776353,0.0,0.0,0.0
2026-04-01,RW1,HAMPSHIRE AND ISLE OF WIGHT HEALTHCARE NHS FOUNDATION TRUST,4400,479.0,0.0,0.0,0.0,10.886363636363635,0.0,0.0,0.0
2026-05-01,RW1,HAMPSHIRE AND ISLE OF WIGHT HEALTHCARE NHS FOUNDATION TRUST,4480,491.0,0.0,0.0,0.0,10.959821428571429,0.0,0.0,0.0
2026-06-01,RW1,HAMPSHIRE AND ISLE OF WIGHT HEALTHCARE NHS FOUNDATION TRUST,4483,565.0,0.0,0.0,0.0,12.603167521748828,0.0,0.0,0.0
2025-04-01,RW5,LANCASHIRE & SOUTH CUMBRIA NHS FOUNDATION TRUST,2881,70.0,0.0,0.0,0.0,2.4297119055883374,0.0,0.0,0.0
2025-05-01,RW5,LANCASHIRE & SOUTH CUMBRIA NHS FOUNDATION TRUST,2451,212.0,1.0,0.0,0.0,8.64953080375357,0.04079967360261118,0.0,0.0
2025-06-01,RW5,LANCASHIRE & SOUTH CUMBRIA NHS FOUNDATION TRUST,2197,163.0,0.0,0.0,0.0,7.419208010923987,0.0,0.0,0.0
2025-07-01,RW5,LANCASHIRE & SOUTH CUMBRIA NHS FOUNDATION TRUST,2356,182.0,0.0,0.0,0.0,7.724957555178268,0.0,0.0,0.0
2025-08-01,RW5,LANCASHIRE & SOUTH CUMBRIA NHS FOUNDATION TRUST,2217,208.0,0.0,0.0,0.0,9.382047812359044,0.0,0.0,0.0
2025-09-01,RW5,LANCASHIRE & SOUTH CUMBRIA NHS FOUNDATION TRUST,2513,179.0,0.0,0.0,0.0,7.122960604854756,0.0,0.0,0.0
2025-10-01,RW5,LANCASHIRE & SOUTH CUMBRIA NHS FOUNDATION TRUST,2927,127.0,0.0,0.0,0.0,4.33891356337547,0.0,0.0,0.0
2025-11-01,RW5,LANCASHIRE & SOUTH CUMBRIA NHS FOUNDATION TRUST,3216,100.0,0.0,0.0,0.0,3.109452736318408,0.0,0.0,0.0
2025-12-01,RW5,LANCASHIRE & SOUTH CUMBRIA NHS FOUNDATION TRUST,3450,142.0,0.0,0.0,0.0,4.115942028985507,0.0,0.0,0.0
2026-01-01,RW5,LANCASHIRE & SOUTH CUMBRIA NHS FOUNDATION TRUST,3592,167.0,0.0,0.0,0.0,4.649220489977728,0.0,0.0,0.0
2026-02-01,RW5,LANCASHIRE & SOUTH CUMBRIA NHS FOUNDATION TRUST,3628,176.0,0.0,0.0,0.0,4.851157662624035,0.0,0.0,0.0
2026-03-01,RW5,LANCASHIRE & SOUTH CUMBRIA NHS FOUNDATION TRUST,4033,233.0,0.0,0.0,0.0,5.7773369699975206,0.0,0.0,0.0
2026-04-01,RW5,LANCASHIRE & SOUTH CUMBRIA NHS FOUNDATION TRUST,3816,211.0,0.0,0.0,0.0,5.529350104821803,0.0,0.0,0.0
2026-05-01,RW5,LANCASHIRE & SOUTH CUMBRIA NHS FOUNDATION TRUST,4141,259.0,0.0,0.0,0.0,6.254527891813572,0.0,0.0,0.0
2026-06-01,RW5,LANCASHIRE & SOUTH CUMBRIA NHS FOUNDATION TRUST,4222,405.0,0.0,0.0,0.0,9.592610137375651,0.0,0.0,0.0
2025-04-01,RWA,HULL UNIVERSITY TEACHING HOSPITALS NHS TRUST,77991,33685.0,2799.0,62.0,0.0,43.190880999089636,3.588875639496865,0.079496352143196,0.0
2025-05-01,RWA,HULL UNIVERSITY TEACHING HOSPITALS NHS TRUST,78225,33017.0,2850.0,60.0,0.0,42.20773410035155,3.64333652924257,0.07670182166826461,0.0
2025-06-01,RWA,HULL UNIVERSITY TEACHING HOSPITALS NHS TRUST,79237,32485.0,2702.0,38.0,0.0,40.997261380415715,3.410023095271149,0.04795739364185923,0.0
2025-07-01,RWA,HULL UNIVERSITY TEACHING HOSPITALS NHS TRUST,79782,33590.0,2954.0,63.0,0.0,42.102228572861044,3.702589556541576,0.07896518011581559,0.0
2025-08-01,RWA,HULL UNIVERSITY TEACHING HOSPITALS NHS TRUST,80655,34896.0,3261.0,62.0,0.0,43.265761577087595,4.043146736098196,0.07687062178414233,0.0
2025-09-01,RWA,HULL UNIVERSITY TEACHING HOSPITALS NHS TRUST,80584,34890.0,3216.0,85.0,0.0,43.29643601707535,3.9908666732850193,0.10547999602898837,0.0
2025-10-01,RWA,HULL UNIVERSITY TEACHING HOSPITALS NHS TRUST,81280,35357.0,3221.0,96.0,0.0,43.500246062992126,3.962844488188976,0.11811023622047244,0.0
2025-11-01,RWA,HULL UNIVERSITY TEACHING HOSPITALS NHS TRUST,80790,35582.0,3291.0,134.0,0.0,44.04257952716921,4.073523950984033,0.16586211164748113,0.0
2025-12-01,RWA,HULL UNIVERSITY TEACHING HOSPITALS NHS TRUST,81643,36268.0,3072.0,112.0,0.0,44.422669426650174,3.7627230748502627,0.13718261210391583,0.0
2026-01-01,RWA,HULL UNIVERSITY TEACHING HOSPITALS NHS TRUST,81339,36681.0,3157.0,131.0,0.0,45.096448198281266,3.8812869595151156,0.1610543527705037,0.0
2026-02-01,RWA,HULL UNIVERSITY TEACHING HOSPITALS NHS TRUST,81319,36933.0,3110.0,109.0,0.0,45.41743012088196,3.8244444717716646,0.1340400152485889,0.0
2026-03-01,RWA,HULL UNIVERSITY TEACHING HOSPITALS NHS TRUST,80999,35388.0,2796.0,65.0,0.0,43.68942826454648,3.451894467832936,0.08024790429511476,0.0
2026-04-01,RWA,HULL UNIVERSITY TEACHING HOSPITALS NHS TRUST,83615,36509.0,2888.0,89.0,0.0,43.6632183220714,3.453925731029121,0.10644023201578665,0.0
2026-05-01,RWA,HULL UNIVERSITY TEACHING HOSPITALS NHS TRUST,84209,36003.0,3069.0,141.0,0.0,42.75433742236578,3.6445035566269635,0.16744053485969435,0.0
2026-06-01,RWA,HULL UNIVERSITY TEACHING HOSPITALS NHS TRUST,84186,36401.0,3188.0,224.0,0.0,43.23878079490652,3.786852920913216,0.26607749507043926,0.0
2025-04-01,RWD,UNITED LINCOLNSHIRE TEACHING HOSPITALS NHS TRUST,70044,32357.0,1775.0,17.0,0.0,46.19524870081663,2.5341214093998055,0.024270458568899547,0.0
2025-05-01,RWD,UNITED LINCOLNSHIRE TEACHING HOSPITALS NHS TRUST,70185,32162.0,1951.0,16.0,0.0,45.82460639737836,2.7797962527605615,0.022796893923202964,0.0
2025-06-01,RWD,UNITED LINCOLNSHIRE TEACHING HOSPITALS NHS TRUST,70366,31945.0,1805.0,13.0,0.0,45.39834579200182,2.565159309893983,0.018474831594804307,0.0
2025-07-01,RWD,UNITED LINCOLNSHIRE TEACHING HOSPITALS NHS TRUST,69763,31712.0,1882.0,9.0,0.0,45.4567607471009,2.697705087223887,0.012900821352292762,0.0
2025-08-01,RWD,UNITED LINCOLNSHIRE TEACHING HOSPITALS NHS TRUST,69630,32294.0,2012.0,23.0,0.0,46.379434151946,2.889559098089904,0.033031739192876636,0.0
2025-09-01,RWD,UNITED LINCOLNSHIRE TEACHING HOSPITALS NHS TRUST,68724,31287.0,2046.0,24.0,0.0,45.52558058320238,2.977125894883883,0.03492229788720098,0.0
2025-10-01,RWD,UNITED LINCOLNSHIRE TEACHING HOSPITALS NHS TRUST,68810,31888.0,2159.0,43.0,0.0,46.34210143874437,3.1376253451533205,0.06249091701787531,0.0
2025-11-01,RWD,UNITED LINCOLNSHIRE TEACHING HOSPITALS NHS TRUST,67474,31272.0,1487.0,19.0,0.0,46.34674096689095,2.2038118386341408,0.02815899457568841,0.0
2025-12-01,RWD,UNITED LINCOLNSHIRE TEACHING HOSPITALS NHS TRUST,66866,30673.0,678.0,7.0,0.0,45.87234169832202,1.0139682349774175,0.010468698591212276,0.0
2026-01-01,RWD,UNITED LINCOLNSHIRE TEACHING HOSPITALS NHS TRUST,67366,30933.0,510.0,6.0,0.0,45.9178220467298,0.7570584567882909,0.008906570079862244,0.0
2026-02-01,RWD,UNITED LINCOLNSHIRE TEACHING HOSPITALS NHS TRUST,69054,30153.0,464.0,2.0,0.0,43.66582674428708,0.6719379036695919,0.0028962840675413443,0.0
2026-03-01,RWD,UNITED LINCOLNSHIRE TEACHING HOSPITALS NHS TRUST,67753,26541.0,426.0,4.0,0.0,39.17317314362464,0.6287544462975809,0.005903797617817661,0.0
2026-04-01,RWD,UNITED LINCOLNSHIRE TEACHING HOSPITALS NHS TRUST,69079,27216.0,624.0,2.0,0.0,39.398369982194296,0.9033135974753543,0.002895235889344084,0.0
2026-05-01,RWD,UNITED LINCOLNSHIRE TEACHING HOSPITALS NHS TRUST,69131,26804.0,751.0,3.0,0.0,38.77276475098002,1.0863433192055663,0.004339587160608121,0.0
2026-06-01,RWD,UNITED LINCOLNSHIRE TEACHING HOSPITALS NHS TRUST,70211,26764.0,1113.0,5.0,0.0,38.1193830026634,1.5852216889091453,0.007121391234991668,0.0
2025-04-01,RWE,UNIVERSITY HOSPITALS OF LEICESTER NHS TRUST,107836,47422.0,2108.0,139.0,0.0,43.97603768685782,1.9548202826514336,0.12889943989020367,0.0
2025-05-01,RWE,UNIVERSITY HOSPITALS OF LEICESTER NHS TRUST,106383,45760.0,2096.0,137.0,0.0,43.01439139712172,1.9702396059520788,0.12877997424400517,0.0
2025-06-01,RWE,UNIVERSITY HOSPITALS OF LEICESTER NHS TRUST,109601,47578.0,2605.0,145.0,2.0,43.41018786324942,2.3768031313582902,0.13229806297387797,0.0018248008686052135
2025-07-01,RWE,UNIVERSITY HOSPITALS OF LEICESTER NHS TRUST,109635,51053.0,3202.0,189.0,0.0,46.566333743786195,2.9206001733023212,0.17239020385825696,0.0
2025-08-01,RWE,UNIVERSITY HOSPITALS OF LEICESTER NHS TRUST,110728,53250.0,3402.0,200.0,0.0,48.09081713749006,3.072393613178239,0.1806227873708547,0.0
2025-09-01,RWE,UNIVERSITY HOSPITALS OF LEICESTER NHS TRUST,109233,52916.0,3626.0,214.0,0.0,48.44323601841934,3.3195096719855726,0.1959114919484039,0.0
2025-10-01,RWE,UNIVERSITY HOSPITALS OF LEICESTER NHS TRUST,109411,52892.0,3445.0,211.0,0.0,48.34248841524161,3.1486779208671893,0.19285081024759848,0.0
2025-11-01,RWE,UNIVERSITY HOSPITALS OF LEICESTER NHS TRUST,109205,51654.0,3214.0,155.0,0.0,47.30003204981457,2.9430886864154573,0.14193489309097568,0.0
2025-12-01,RWE,UNIVERSITY HOSPITALS OF LEICESTER NHS TRUST,107775,51716.0,2812.0,92.0,0.0,47.985154256553,2.609139410809557,0.08536302482022733,0.0
2026-01-01,RWE,UNIVERSITY HOSPITALS OF LEICESTER NHS TRUST,105825,51142.0,2714.0,90.0,0.0,48.32695487833688,2.564611386723364,0.08504606661941885,0.0
2026-02-01,RWE,UNIVERSITY HOSPITALS OF LEICESTER NHS TRUST,117449,52069.0,2503.0,103.0,0.0,44.33328508544135,2.13113777043653,0.08769763897521478,0.0
2026-03-01,RWE,UNIVERSITY HOSPITALS OF LEICESTER NHS TRUST,113973,46626.0,2293.0,47.0,0.0,40.909689136900845,2.011880006668246,0.04123783703157766,0.0
2026-04-01,RWE,UNIVERSITY HOSPITALS OF LEICESTER NHS TRUST,114992,48323.0,2427.0,49.0,0.0,42.02292333379714,2.1105816056769164,0.04261165994156115,0.0
2026-05-01,RWE,UNIVERSITY HOSPITALS OF LEICESTER NHS TRUST,116019,46992.0,2460.0,54.0,0.0,40.503710599126,2.1203423577172704,0.046544100535257156,0.0
2026-06-01,RWE,UNIVERSITY HOSPITALS OF LEICESTER NHS TRUST,115279,45991.0,2402.0,54.0,0.0,39.895384241709245,2.083640558991664,0.04684287684660693,0.0
2025-04-01,RWF,MAIDSTONE AND TUNBRIDGE WELLS NHS TRUST,46245,12713.0,1.0,0.0,0.0,27.490539517785706,0.0021623959346956426,0.0,0.0
2025-05-01,RWF,MAIDSTONE AND TUNBRIDGE WELLS NHS TRUST,46997,12875.0,4.0,0.0,0.0,27.395365661637978,0.00851118156478073,0.0,0.0
2025-06-01,RWF,MAIDSTONE AND TUNBRIDGE WELLS NHS TRUST,47986,13233.0,0.0,0.0,0.0,27.576793231359147,0.0,0.0,0.0
2025-07-01,RWF,MAIDSTONE AND TUNBRIDGE WELLS NHS TRUST,48311,14284.0,3.0,0.0,0.0,29.566765332946947,0.006209765891825878,0.0,0.0
2025-08-01,RWF,MAIDSTONE AND TUNBRIDGE WELLS NHS TRUST,48851,15145.0,0.0,0.0,0.0,31.002435978792654,0.0,0.0,0.0
2025-09-01,RWF,MAIDSTONE AND TUNBRIDGE WELLS NHS TRUST,48698,14519.0,0.0,0.0,0.0,29.81436609306337,0.0,0.0,0.0
2025-10-01,RWF,MAIDSTONE AND TUNBRIDGE WELLS NHS TRUST,49860,14921.0,0.0,0.0,0.0,29.92579221821099,0.0,0.0,0.0
2025-11-01,RWF,MAIDSTONE AND TUNBRIDGE WELLS NHS TRUST,49600,14821.0,2.0,0.0,0.0,29.881048387096776,0.004032258064516129,0.0,0.0
2025-12-01,RWF,MAIDSTONE AND TUNBRIDGE WELLS NHS TRUST,49447,15035.0,13.0,1.0,0.0,30.406293607296703,0.02629077598236496,0.002022367383258843,0.0
2026-01-01,RWF,MAIDSTONE AND TUNBRIDGE WELLS NHS TRUST,49530,14854.0,15.0,0.0,0.0,29.989905108015346,0.03028467595396729,0.0,0.0
2026-02-01,RWF,MAIDSTONE AND TUNBRIDGE WELLS NHS TRUST,50214,14774.0,37.0,11.0,0.0,29.422073525311664,0.07368462978452224,0.0219062412872904,0.0
2026-03-01,RWF,MAIDSTONE AND TUNBRIDGE WELLS NHS TRUST,46181,11056.0,24.0,12.0,1.0,23.9405816244776,0.05196942465516122,0.02598471232758061,0.0021653926939650507
2026-04-01,RWF,MAIDSTONE AND TUNBRIDGE WELLS NHS TRUST,48284,12461.0,11.0,5.0,0.0,25.807720984176953,0.022781873912683288,0.01035539723303786,0.0
2026-05-01,RWF,MAIDSTONE AND TUNBRIDGE WELLS NHS TRUST,50333,13084.0,14.0,5.0,0.0,25.994874138239325,0.027814753740090993,0.00993384062146107,0.0
2026-06-01,RWF,MAIDSTONE AND TUNBRIDGE WELLS NHS TRUST,50748,13441.0,11.0,1.0,0.0,26.485772838338455,0.021675731063293135,0.001970521005753921,0.0
2025-04-01,RWG,WEST HERTFORDSHIRE TEACHING HOSPITALS NHS TRUST,46181,17458.0,934.0,0.0,0.0,37.80342565124185,2.0224767761633573,0.0,0.0
2025-05-01,RWG,WEST HERTFORDSHIRE TEACHING HOSPITALS NHS TRUST,47054,17104.0,872.0,0.0,0.0,36.349725846899304,1.853189951970077,0.0,0.0
2025-06-01,RWG,WEST HERTFORDSHIRE TEACHING HOSPITALS NHS TRUST,46919,16654.0,859.0,0.0,0.0,35.49521515803832,1.830814808499755,0.0,0.0
2025-07-01,RWG,WEST HERTFORDSHIRE TEACHING HOSPITALS NHS TRUST,46784,16479.0,723.0,0.0,0.0,35.22358071135431,1.5454001367989056,0.0,0.0
2025-08-01,RWG,WEST HERTFORDSHIRE TEACHING HOSPITALS NHS TRUST,46952,16995.0,827.0,0.0,0.0,36.19654114840689,1.7613733174305675,0.0,0.0
2025-09-01,RWG,WEST HERTFORDSHIRE TEACHING HOSPITALS NHS TRUST,46601,16892.0,918.0,0.0,0.0,36.24814918134804,1.9699148086950926,0.0,0.0
2025-10-01,RWG,WEST HERTFORDSHIRE TEACHING HOSPITALS NHS TRUST,46501,17191.0,1047.0,0.0,0.0,36.969097438764756,2.251564482484248,0.0,0.0
2025-11-01,RWG,WEST HERTFORDSHIRE TEACHING HOSPITALS NHS TRUST,46585,16859.0,1014.0,0.0,0.0,36.18976065257057,2.176666308897714,0.0,0.0
2025-12-01,RWG,WEST HERTFORDSHIRE TEACHING HOSPITALS NHS TRUST,45780,16680.0,1000.0,0.0,0.0,36.435124508519,2.18435998252512,0.0,0.0
2026-01-01,RWG,WEST HERTFORDSHIRE TEACHING HOSPITALS NHS TRUST,45074,15881.0,887.0,0.0,0.0,35.23317211696322,1.9678750499179127,0.0,0.0
2026-02-01,RWG,WEST HERTFORDSHIRE TEACHING HOSPITALS NHS TRUST,44704,15122.0,708.0,0.0,0.0,33.82695060844667,1.5837508947745167,0.0,0.0
2026-03-01,RWG,WEST HERTFORDSHIRE TEACHING HOSPITALS NHS TRUST,45394,14527.0,310.0,0.0,0.0,32.00202669956382,0.6829096356346653,0.0,0.0
2026-04-01,RWG,WEST HERTFORDSHIRE TEACHING HOSPITALS NHS TRUST,45988,14548.0,479.0,0.0,0.0,31.634339392885103,1.0415760633208664,0.0,0.0
2026-05-01,RWG,WEST HERTFORDSHIRE TEACHING HOSPITALS NHS TRUST,45479,13841.0,471.0,0.0,0.0,30.433826601288505,1.0356428241606015,0.0,0.0
2026-06-01,RWG,WEST HERTFORDSHIRE TEACHING HOSPITALS NHS TRUST,44946,13514.0,350.0,0.0,0.0,30.06719174120055,0.7787122324567258,0.0,0.0
2025-04-01,RWJ,STOCKPORT NHS FOUNDATION TRUST,35204,15789.0,1461.0,39.0,0.0,44.85001704351778,4.1500965799340985,0.11078286558345643,0.0
2025-05-01,RWJ,STOCKPORT NHS FOUNDATION TRUST,34812,15108.0,1234.0,26.0,1.0,43.39882799034815,3.544754682293462,0.07468688957830633,0.002872572676088705
2025-06-01,RWJ,STOCKPORT NHS FOUNDATION TRUST,34367,14750.0,993.0,21.0,0.0,42.919079349375856,2.8893997148427273,0.061105129921145286,0.0
2025-07-01,RWJ,STOCKPORT NHS FOUNDATION TRUST,34784,15027.0,934.0,6.0,0.0,43.20089696412143,2.685142594296228,0.017249310027598896,0.0
2025-08-01,RWJ,STOCKPORT NHS FOUNDATION TRUST,35246,15505.0,833.0,4.0,0.0,43.990807467514045,2.3633887533337115,0.011348805538217103,0.0
2025-09-01,RWJ,STOCKPORT NHS FOUNDATION TRUST,34969,15053.0,726.0,1.0,0.0,43.0466985043896,2.0761245674740483,0.002859675712774171,0.0
2025-10-01,RWJ,STOCKPORT NHS FOUNDATION TRUST,35067,14817.0,721.0,7.0,0.0,42.25340063307383,2.056064105854507,0.019961787435480653,0.0
2025-11-01,RWJ,STOCKPORT NHS FOUNDATION TRUST,34659,14868.0,698.0,0.0,0.0,42.89794858478317,2.0139069217230734,0.0,0.0
2025-12-01,RWJ,STOCKPORT NHS FOUNDATION TRUST,34567,14394.0,599.0,0.0,0.0,41.6408713512888,1.7328666068793934,0.0,0.0
2026-01-01,RWJ,STOCKPORT NHS FOUNDATION TRUST,34328,13884.0,456.0,4.0,0.0,40.445117688184574,1.328361687252389,0.011652295502213937,0.0
2026-02-01,RWJ,STOCKPORT NHS FOUNDATION TRUST,34282,13671.0,346.0,0.0,0.0,39.87807012426346,1.009276004900531,0.0,0.0
2026-03-01,RWJ,STOCKPORT NHS FOUNDATION TRUST,33996,12869.0,232.0,2.0,0.0,37.854453465113544,0.6824332274385222,0.005883045064125191,0.0
2026-04-01,RWJ,STOCKPORT NHS FOUNDATION TRUST,34329,13138.0,200.0,2.0,0.0,38.27084971889656,0.5825978036062803,0.005825978036062804,0.0
2026-05-01,RWJ,STOCKPORT NHS FOUNDATION TRUST,34649,13251.0,177.0,3.0,0.0,38.24352795174464,0.5108372536003926,0.008658258535599874,0.0
2026-06-01,RWJ,STOCKPORT NHS FOUNDATION TRUST,34544,13073.0,160.0,1.0,0.0,37.84448818897638,0.4631773969430292,0.0028948587308939323,0.0
2025-04-01,RWP,WORCESTERSHIRE ACUTE HOSPITALS NHS TRUST,55038,22394.0,907.0,21.0,1.0,40.68825175333406,1.6479523238489768,0.03815545623024093,0.0018169264871543296
2025-05-01,RWP,WORCESTERSHIRE ACUTE HOSPITALS NHS TRUST,55115,22141.0,914.0,24.0,0.0,40.17236686927333,1.6583507212192687,0.04354531434273791,0.0
2025-06-01,RWP,WORCESTERSHIRE ACUTE HOSPITALS NHS TRUST,55530,22292.0,955.0,22.0,1.0,40.14406627048442,1.7197911039077978,0.03961822438321628,0.0018008283810552854
2025-07-01,RWP,WORCESTERSHIRE ACUTE HOSPITALS NHS TRUST,55701,22754.0,926.0,18.0,0.0,40.85025403493653,1.6624477118902712,0.03231539828728389,0.0
2025-08-01,RWP,WORCESTERSHIRE ACUTE HOSPITALS NHS TRUST,56632,23496.0,891.0,18.0,0.0,41.48891086311626,1.5733154400339031,0.03178415030371522,0.0
2025-09-01,RWP,WORCESTERSHIRE ACUTE HOSPITALS NHS TRUST,57391,23331.0,855.0,25.0,0.0,40.65271558258263,1.4897806276245404,0.043560837065045044,0.0
2025-10-01,RWP,WORCESTERSHIRE ACUTE HOSPITALS NHS TRUST,58092,23861.0,880.0,47.0,2.0,41.074502513254835,1.5148385319837498,0.08090614886731393,0.0034428148454176133
2025-11-01,RWP,WORCESTERSHIRE ACUTE HOSPITALS NHS TRUST,57583,24452.0,769.0,22.0,0.0,42.46392164354063,1.335463591685046,0.03820572043832381,0.0
2025-12-01,RWP,WORCESTERSHIRE ACUTE HOSPITALS NHS TRUST,57484,24229.0,712.0,5.0,0.0,42.14911975506228,1.2386055250156565,0.00869807250713242,0.0
2026-01-01,RWP,WORCESTERSHIRE ACUTE HOSPITALS NHS TRUST,56341,24070.0,744.0,4.0,0.0,42.72199641468912,1.3205303420244583,0.007099625494755151,0.0
2026-02-01,RWP,WORCESTERSHIRE ACUTE HOSPITALS NHS TRUST,55698,23017.0,791.0,4.0,0.0,41.324643613774285,1.4201587130597149,0.007181586412438507,0.0
2026-03-01,RWP,WORCESTERSHIRE ACUTE HOSPITALS NHS TRUST,55602,20794.0,759.0,6.0,0.0,37.397935326067405,1.3650588108341426,0.010790978741771878,0.0
2026-04-01,RWP,WORCESTERSHIRE ACUTE HOSPITALS NHS TRUST,57248,21600.0,818.0,5.0,2.0,37.73057574063723,1.4288708775852432,0.00873392956959195,0.0034935718278367805
2026-05-01,RWP,WORCESTERSHIRE ACUTE HOSPITALS NHS TRUST,57652,21626.0,787.0,8.0,1.0,37.51127454381461,1.3650870741691528,0.013876361617983765,0.0017345452022479706
2026-06-01,RWP,WORCESTERSHIRE ACUTE HOSPITALS NHS TRUST,58515,21719.0,611.0,3.0,0.0,37.11697855250791,1.0441767068273093,0.005126890540886952,0.0
2025-04-01,RWX,BERKSHIRE HEALTHCARE NHS FOUNDATION TRUST,84,1.0,0.0,0.0,0.0,1.1904761904761905,0.0,0.0,0.0
2025-05-01,RWX,BERKSHIRE HEALTHCARE NHS FOUNDATION TRUST,80,0.0,0.0,0.0,0.0,0.0,0.0,0.0,0.0
2025-06-01,RWX,BERKSHIRE HEALTHCARE NHS FOUNDATION TRUST,90,0.0,0.0,0.0,0.0,0.0,0.0,0.0,0.0
2025-07-01,RWX,BERKSHIRE HEALTHCARE NHS FOUNDATION TRUST,82,0.0,0.0,0.0,0.0,0.0,0.0,0.0,0.0
2025-08-01,RWX,BERKSHIRE HEALTHCARE NHS FOUNDATION TRUST,82,0.0,0.0,0.0,0.0,0.0,0.0,0.0,0.0
2025-09-01,RWX,BERKSHIRE HEALTHCARE NHS FOUNDATION TRUST,77,0.0,0.0,0.0,0.0,0.0,0.0,0.0,0.0
2025-10-01,RWX,BERKSHIRE HEALTHCARE NHS FOUNDATION TRUST,85,0.0,0.0,0.0,0.0,0.0,0.0,0.0,0.0
2025-11-01,RWX,BERKSHIRE HEALTHCARE NHS FOUNDATION TRUST,91,0.0,0.0,0.0,0.0,0.0,0.0,0.0,0.0
2025-12-01,RWX,BERKSHIRE HEALTHCARE NHS FOUNDATION TRUST,107,0.0,0.0,0.0,0.0,0.0,0.0,0.0,0.0
2026-01-01,RWX,BERKSHIRE HEALTHCARE NHS FOUNDATION TRUST,102,0.0,0.0,0.0,0.0,0.0,0.0,0.0,0.0
2026-02-01,RWX,BERKSHIRE HEALTHCARE NHS FOUNDATION TRUST,94,0.0,0.0,0.0,0.0,0.0,0.0,0.0,0.0
2026-03-01,RWX,BERKSHIRE HEALTHCARE NHS FOUNDATION TRUST,100,0.0,0.0,0.0,0.0,0.0,0.0,0.0,0.0
2026-04-01,RWX,BERKSHIRE HEALTHCARE NHS FOUNDATION TRUST,99,0.0,0.0,0.0,0.0,0.0,0.0,0.0,0.0
2026-05-01,RWX,BERKSHIRE HEALTHCARE NHS FOUNDATION TRUST,115,0.0,0.0,0.0,0.0,0.0,0.0,0.0,0.0
2026-06-01,RWX,BERKSHIRE HEALTHCARE NHS FOUNDATION TRUST,102,0.0,0.0,0.0,0.0,0.0,0.0,0.0,0.0
2025-04-01,RWY,CALDERDALE AND HUDDERSFIELD NHS FOUNDATION TRUST,36191,11618.0,38.0,3.0,0.0,32.101903788234644,0.10499848028515378,0.008289353706722666,0.0
2025-05-01,RWY,CALDERDALE AND HUDDERSFIELD NHS FOUNDATION TRUST,36204,11438.0,51.0,2.0,0.0,31.593194122196444,0.14086841233012926,0.005524251463926638,0.0
2025-06-01,RWY,CALDERDALE AND HUDDERSFIELD NHS FOUNDATION TRUST,36701,11208.0,46.0,1.0,0.0,30.53867742023378,0.1253371842729081,0.0027247213972371323,0.0
2025-07-01,RWY,CALDERDALE AND HUDDERSFIELD NHS FOUNDATION TRUST,36728,11565.0,54.0,1.0,0.0,31.488237856676104,0.1470267915486822,0.0027227183620126337,0.0
2025-08-01,RWY,CALDERDALE AND HUDDERSFIELD NHS FOUNDATION TRUST,36738,11493.0,48.0,2.0,0.0,31.283684468397844,0.1306549077249714,0.005443954488540476,0.0
2025-09-01,RWY,CALDERDALE AND HUDDERSFIELD NHS FOUNDATION TRUST,37047,10634.0,17.0,1.0,0.0,28.70407860285583,0.04588765622047669,0.0026992738953221583,0.0
2025-10-01,RWY,CALDERDALE AND HUDDERSFIELD NHS FOUNDATION TRUST,36041,10334.0,18.0,1.0,0.0,28.672900307982573,0.04994312033517383,0.002774617796398546,0.0
2025-11-01,RWY,CALDERDALE AND HUDDERSFIELD NHS FOUNDATION TRUST,36296,9945.0,17.0,0.0,0.0,27.39971346704871,0.046837117037690106,0.0,0.0
2025-12-01,RWY,CALDERDALE AND HUDDERSFIELD NHS FOUNDATION TRUST,35389,9068.0,23.0,0.0,0.0,25.62378140100031,0.064991946650089,0.0,0.0
2026-01-01,RWY,CALDERDALE AND HUDDERSFIELD NHS FOUNDATION TRUST,35564,9048.0,21.0,0.0,0.0,25.44145765380722,0.0590484759869531,0.0,0.0
2026-02-01,RWY,CALDERDALE AND HUDDERSFIELD NHS FOUNDATION TRUST,35731,9033.0,16.0,0.0,0.0,25.28056869385128,0.0447790434076852,0.0,0.0
2026-03-01,RWY,CALDERDALE AND HUDDERSFIELD NHS FOUNDATION TRUST,36307,8723.0,6.0,0.0,0.0,24.025669980995403,0.01652573883824056,0.0,0.0
2026-04-01,RWY,CALDERDALE AND HUDDERSFIELD NHS FOUNDATION TRUST,36116,9317.0,10.0,0.0,0.0,25.79743050171669,0.027688559087385094,0.0,0.0
2026-05-01,RWY,CALDERDALE AND HUDDERSFIELD NHS FOUNDATION TRUST,36074,9220.0,4.0,0.0,0.0,25.558574042246494,0.01108831845650607,0.0,0.0
2026-06-01,RWY,CALDERDALE AND HUDDERSFIELD NHS FOUNDATION TRUST,35682,8752.0,8.0,0.0,0.0,24.527773106888628,0.02242026792220167,0.0,0.0
2025-04-01,RX1,NOTTINGHAM UNIVERSITY HOSPITALS NHS TRUST,83094,35216.0,1940.0,57.0,0.0,42.380917996485906,2.334705273545623,0.0685970106144848,0.0
2025-05-01,RX1,NOTTINGHAM UNIVERSITY HOSPITALS NHS TRUST,83213,33599.0,2012.0,84.0,0.0,40.37710453895425,2.4178914352324754,0.10094576568565009,0.0
2025-06-01,RX1,NOTTINGHAM UNIVERSITY HOSPITALS NHS TRUST,81622,29199.0,1641.0,16.0,0.0,35.77344343436818,2.0104873686016025,0.019602558133836465,0.0
2025-07-01,RX1,NOTTINGHAM UNIVERSITY HOSPITALS NHS TRUST,81537,30044.0,1784.0,16.0,0.0,36.847075560788355,2.187963746519985,0.0196229932423317,0.0
2025-08-01,RX1,NOTTINGHAM UNIVERSITY HOSPITALS NHS TRUST,83003,31725.0,1962.0,19.0,0.0,38.221510065901235,2.3637699842174382,0.02289073888895582,0.0
2025-09-01,RX1,NOTTINGHAM UNIVERSITY HOSPITALS NHS TRUST,85262,32936.0,2129.0,8.0,0.0,38.62916656892871,2.49700921864371,0.0093828434707138,0.0
2025-10-01,RX1,NOTTINGHAM UNIVERSITY HOSPITALS NHS TRUST,88148,35392.0,2351.0,9.0,0.0,40.15065571538776,2.667105322866089,0.010210101193447384,0.0
2025-11-01,RX1,NOTTINGHAM UNIVERSITY HOSPITALS NHS TRUST,87950,37522.0,2586.0,7.0,0.0,42.66287663445139,2.940306992609437,0.007959067652075043,0.0
2025-12-01,RX1,NOTTINGHAM UNIVERSITY HOSPITALS NHS TRUST,95029,40682.0,2507.0,17.0,0.0,42.81008955161056,2.6381420408506875,0.017889275905249975,0.0
2026-01-01,RX1,NOTTINGHAM UNIVERSITY HOSPITALS NHS TRUST,92790,41661.0,2746.0,73.0,0.0,44.89815712900097,2.9593706218342493,0.07867227071882746,0.0
2026-02-01,RX1,NOTTINGHAM UNIVERSITY HOSPITALS NHS TRUST,91723,40208.0,2188.0,27.0,0.0,43.83633330789442,2.3854431276779,0.029436455414672436,0.0
2026-03-01,RX1,NOTTINGHAM UNIVERSITY HOSPITALS NHS TRUST,83187,30377.0,1589.0,14.0,0.0,36.51652301441331,1.9101542308293362,0.016829552694531597,0.0
2026-04-01,RX1,NOTTINGHAM UNIVERSITY HOSPITALS NHS TRUST,85166,31683.0,1902.0,2.0,0.0,37.20146537350586,2.233285583448794,0.0023483549773383743,0.0
2026-05-01,RX1,NOTTINGHAM UNIVERSITY HOSPITALS NHS TRUST,84603,29612.0,1955.0,4.0,0.0,35.001122891623226,2.3107927614859993,0.0047279647293831184,0.0
2026-06-01,RX1,NOTTINGHAM UNIVERSITY HOSPITALS NHS TRUST,80092,26240.0,1702.0,58.0,0.0,32.7623233281726,2.125056185386805,0.07241672077111322,0.0
2025-04-01,RX4,"CUMBRIA, NORTHUMBERLAND, TYNE AND WEAR NHS FOUNDATION TRUST",196,2.0,0.0,0.0,0.0,1.0204081632653061,0.0,0.0,0.0
2025-05-01,RX4,"CUMBRIA, NORTHUMBERLAND, TYNE AND WEAR NHS FOUNDATION TRUST",199,5.0,0.0,0.0,0.0,2.512562814070352,0.0,0.0,0.0
2025-06-01,RX4,"CUMBRIA, NORTHUMBERLAND, TYNE AND WEAR NHS FOUNDATION TRUST",169,5.0,0.0,0.0,0.0,2.9585798816568047,0.0,0.0,0.0
2025-07-01,RX4,"CUMBRIA, NORTHUMBERLAND, TYNE AND WEAR NHS FOUNDATION TRUST",161,1.0,0.0,0.0,0.0,0.6211180124223602,0.0,0.0,0.0
2025-08-01,RX4,"CUMBRIA, NORTHUMBERLAND, TYNE AND WEAR NHS FOUNDATION TRUST",155,0.0,0.0,0.0,0.0,0.0,0.0,0.0,0.0
2025-09-01,RX4,"CUMBRIA, NORTHUMBERLAND, TYNE AND WEAR NHS FOUNDATION TRUST",162,0.0,0.0,0.0,0.0,0.0,0.0,0.0,0.0
2025-10-01,RX4,"CUMBRIA, NORTHUMBERLAND, TYNE AND WEAR NHS FOUNDATION TRUST",158,0.0,0.0,0.0,0.0,0.0,0.0,0.0,0.0
2025-11-01,RX4,"CUMBRIA, NORTHUMBERLAND, TYNE AND WEAR NHS FOUNDATION TRUST",159,0.0,0.0,0.0,0.0,0.0,0.0,0.0,0.0
2025-12-01,RX4,"CUMBRIA, NORTHUMBERLAND, TYNE AND WEAR NHS FOUNDATION TRUST",174,0.0,0.0,0.0,0.0,0.0,0.0,0.0,0.0
2026-01-01,RX4,"CUMBRIA, NORTHUMBERLAND, TYNE AND WEAR NHS FOUNDATION TRUST",176,1.0,0.0,0.0,0.0,0.5681818181818182,0.0,0.0,0.0
2026-02-01,RX4,"CUMBRIA, NORTHUMBERLAND, TYNE AND WEAR NHS FOUNDATION TRUST",183,2.0,0.0,0.0,0.0,1.092896174863388,0.0,0.0,0.0
2026-03-01,RX4,"CUMBRIA, NORTHUMBERLAND, TYNE AND WEAR NHS FOUNDATION TRUST",153,2.0,0.0,0.0,0.0,1.3071895424836601,0.0,0.0,0.0
2026-04-01,RX4,"CUMBRIA, NORTHUMBERLAND, TYNE AND WEAR NHS FOUNDATION TRUST",139,0.0,0.0,0.0,0.0,0.0,0.0,0.0,0.0
2026-05-01,RX4,"CUMBRIA, NORTHUMBERLAND, TYNE AND WEAR NHS FOUNDATION TRUST",133,0.0,0.0,0.0,0.0,0.0,0.0,0.0,0.0
2026-06-01,RX4,"CUMBRIA, NORTHUMBERLAND, TYNE AND WEAR NHS FOUNDATION TRUST",154,2.0,0.0,0.0,0.0,1.2987012987012987,0.0,0.0,0.0
2025-04-01,RXC,EAST SUSSEX HEALTHCARE NHS TRUST,63185,25246.0,1013.0,10.0,0.0,39.95568568489357,1.6032286143863257,0.01582654110944053,0.0
2025-05-01,RXC,EAST SUSSEX HEALTHCARE NHS TRUST,61672,23447.0,846.0,4.0,0.0,38.01887404332599,1.3717732520430665,0.0064859255415747824,0.0
2025-06-01,RXC,EAST SUSSEX HEALTHCARE NHS TRUST,61657,22590.0,868.0,3.0,0.0,36.638175714030844,1.4077882478875066,0.004865627584864655,0.0
2025-07-01,RXC,EAST SUSSEX HEALTHCARE NHS TRUST,62190,22641.0,861.0,3.0,0.0,36.406174626145685,1.3844669561022673,0.00482392667631452,0.0
2025-08-01,RXC,EAST SUSSEX HEALTHCARE NHS TRUST,62249,22748.0,834.0,4.0,1.0,36.54355893267362,1.339780558723835,0.006425806037044772,0.001606451509261193
2025-09-01,RXC,EAST SUSSEX HEALTHCARE NHS TRUST,61439,21740.0,728.0,2.0,0.0,35.38469050603037,1.1849151190611826,0.00325526131610215,0.0
2025-10-01,RXC,EAST SUSSEX HEALTHCARE NHS TRUST,61636,22071.0,705.0,2.0,0.0,35.80861833993121,1.1438120578882471,0.00324485690181063,0.0
2025-11-01,RXC,EAST SUSSEX HEALTHCARE NHS TRUST,61749,22083.0,778.0,0.0,0.0,35.76252246999951,1.259939432217526,0.0,0.0
2025-12-01,RXC,EAST SUSSEX HEALTHCARE NHS TRUST,61443,21379.0,729.0,1.0,0.0,34.79485051185652,1.1864655046140327,0.0016275246976872875,0.0
2026-01-01,RXC,EAST SUSSEX HEALTHCARE NHS TRUST,59853,21960.0,682.0,2.0,0.0,36.689890231066116,1.1394583395986835,0.003341520057474145,0.0
2026-02-01,RXC,EAST SUSSEX HEALTHCARE NHS TRUST,59853,21704.0,598.0,1.0,0.0,36.26217566370942,0.9991144971847693,0.0016707600287370725,0.0
2026-03-01,RXC,EAST SUSSEX HEALTHCARE NHS TRUST,57467,19351.0,463.0,1.0,0.0,33.673238554300724,0.8056797814397828,0.0017401291175805243,0.0
2026-04-01,RXC,EAST SUSSEX HEALTHCARE NHS TRUST,57507,19309.0,426.0,2.0,0.0,33.576781956979154,0.7407793833794146,0.003477837480654529,0.0
2026-05-01,RXC,EAST SUSSEX HEALTHCARE NHS TRUST,57746,18546.0,425.0,2.0,0.0,32.116510234475115,0.7359817130190835,0.003463443355383923,0.0
2026-06-01,RXC,EAST SUSSEX HEALTHCARE NHS TRUST,55945,17602.0,369.0,4.0,2.0,31.463044061131466,0.6595763696487622,0.007149879345786039,0.0035749396728930196
2025-04-01,RXF,MID YORKSHIRE TEACHING NHS TRUST,55318,21354.0,369.0,11.0,0.0,38.60226327777577,0.6670523157019415,0.01988502838135869,0.0
2025-05-01,RXF,MID YORKSHIRE TEACHING NHS TRUST,56150,21206.0,420.0,14.0,0.0,37.76669634906501,0.7479964381121995,0.024933214603739984,0.0
2025-06-01,RXF,MID YORKSHIRE TEACHING NHS TRUST,56634,20923.0,408.0,18.0,0.0,36.94423844333792,0.7204152982307448,0.031783027863121094,0.0
2025-07-01,RXF,MID YORKSHIRE TEACHING NHS TRUST,57215,21708.0,299.0,25.0,0.0,37.941099362055404,0.5225902298348335,0.04369483527047103,0.0
2025-08-01,RXF,MID YORKSHIRE TEACHING NHS TRUST,56521,21867.0,297.0,14.0,0.0,38.6882751543674,0.525468409971515,0.024769554678791956,0.0
2025-09-01,RXF,MID YORKSHIRE TEACHING NHS TRUST,57149,21817.0,252.0,20.0,0.0,38.17564611804231,0.4409525975957585,0.03499623790442528,0.0
2025-10-01,RXF,MID YORKSHIRE TEACHING NHS TRUST,56457,21915.0,192.0,19.0,0.0,38.817152877411125,0.3400818321908709,0.033653931310554934,0.0
2025-11-01,RXF,MID YORKSHIRE TEACHING NHS TRUST,56183,21669.0,225.0,8.0,0.0,38.568606162006304,0.40047701261947566,0.01423918267091469,0.0
2025-12-01,RXF,MID YORKSHIRE TEACHING NHS TRUST,55669,21362.0,197.0,2.0,0.0,38.373241840162386,0.3538773823851695,0.0035926637805600964,0.0
2026-01-01,RXF,MID YORKSHIRE TEACHING NHS TRUST,54326,20394.0,184.0,0.0,0.0,37.540036078489116,0.3386960203217612,0.0,0.0
2026-02-01,RXF,MID YORKSHIRE TEACHING NHS TRUST,53788,19365.0,242.0,0.0,0.0,36.002454078976726,0.44991447906596266,0.0,0.0
2026-03-01,RXF,MID YORKSHIRE TEACHING NHS TRUST,53908,17859.0,231.0,3.0,0.0,33.12866364918008,0.4285078281516658,0.005565036729242413,0.0
2026-04-01,RXF,MID YORKSHIRE TEACHING NHS TRUST,55241,18726.0,248.0,2.0,0.0,33.89873463550623,0.4489419090892634,0.003620499266848899,0.0
2026-05-01,RXF,MID YORKSHIRE TEACHING NHS TRUST,55592,18818.0,327.0,3.0,0.0,33.850194272557204,0.5882141315297165,0.005396459922290977,0.0
2026-06-01,RXF,MID YORKSHIRE TEACHING NHS TRUST,55551,19152.0,319.0,8.0,0.0,34.47642706701949,0.5742470882612374,0.01440118089683354,0.0
2025-04-01,RXG,SOUTH WEST YORKSHIRE PARTNERSHIP NHS FOUNDATION TRUST,4075,118.0,0.0,0.0,0.0,2.8957055214723924,0.0,0.0,0.0
2025-05-01,RXG,SOUTH WEST YORKSHIRE PARTNERSHIP NHS FOUNDATION TRUST,4151,116.0,0.0,0.0,0.0,2.7945073476270776,0.0,0.0,0.0
2025-06-01,RXG,SOUTH WEST YORKSHIRE PARTNERSHIP NHS FOUNDATION TRUST,4114,89.0,0.0,0.0,0.0,2.163344676713661,0.0,0.0,0.0
2025-07-01,RXG,SOUTH WEST YORKSHIRE PARTNERSHIP NHS FOUNDATION TRUST,4249,98.0,0.0,0.0,0.0,2.3064250411861615,0.0,0.0,0.0
2025-08-01,RXG,SOUTH WEST YORKSHIRE PARTNERSHIP NHS FOUNDATION TRUST,4432,113.0,0.0,0.0,0.0,2.5496389891696754,0.0,0.0,0.0
2025-09-01,RXG,SOUTH WEST YORKSHIRE PARTNERSHIP NHS FOUNDATION TRUST,4685,131.0,0.0,0.0,0.0,2.7961579509071504,0.0,0.0,0.0
2025-10-01,RXG,SOUTH WEST YORKSHIRE PARTNERSHIP NHS FOUNDATION TRUST,4780,139.0,0.0,0.0,0.0,2.907949790794979,0.0,0.0,0.0
2025-11-01,RXG,SOUTH WEST YORKSHIRE PARTNERSHIP NHS FOUNDATION TRUST,4616,102.0,0.0,0.0,0.0,2.2097053726169844,0.0,0.0,0.0
2025-12-01,RXG,SOUTH WEST YORKSHIRE PARTNERSHIP NHS FOUNDATION TRUST,4396,109.0,0.0,0.0,0.0,2.4795268425841672,0.0,0.0,0.0
2026-01-01,RXG,SOUTH WEST YORKSHIRE PARTNERSHIP NHS FOUNDATION TRUST,4029,161.0,0.0,0.0,0.0,3.996028791263341,0.0,0.0,0.0
2026-02-01,RXG,SOUTH WEST YORKSHIRE PARTNERSHIP NHS FOUNDATION TRUST,4127,181.0,0.0,0.0,0.0,4.385752362490914,0.0,0.0,0.0
2026-03-01,RXG,SOUTH WEST YORKSHIRE PARTNERSHIP NHS FOUNDATION TRUST,4316,154.0,0.0,0.0,0.0,3.568118628359592,0.0,0.0,0.0
2026-04-01,RXG,SOUTH WEST YORKSHIRE PARTNERSHIP NHS FOUNDATION TRUST,4385,112.0,0.0,0.0,0.0,2.5541619156214366,0.0,0.0,0.0
2026-05-01,RXG,SOUTH WEST YORKSHIRE PARTNERSHIP NHS FOUNDATION TRUST,4465,111.0,0.0,0.0,0.0,2.4860022396416572,0.0,0.0,0.0
2026-06-01,RXG,SOUTH WEST YORKSHIRE PARTNERSHIP NHS FOUNDATION TRUST,4584,132.0,0.0,0.0,0.0,2.8795811518324608,0.0,0.0,0.0
2025-04-01,RXK,SANDWELL AND WEST BIRMINGHAM HOSPITALS NHS TRUST,65225,29227.0,1251.0,2.0,1.0,44.809505557684936,1.9179762361057877,0.0030663089306247606,0.0015331544653123803
2025-05-01,RXK,SANDWELL AND WEST BIRMINGHAM HOSPITALS NHS TRUST,65803,28606.0,1220.0,4.0,2.0,43.47218211935626,1.8540188137318967,0.006078750208957038,0.003039375104478519
2025-06-01,RXK,SANDWELL AND WEST BIRMINGHAM HOSPITALS NHS TRUST,65540,27546.0,1131.0,4.0,0.0,42.02929508696979,1.7256637168141593,0.006103143118706134,0.0
2025-07-01,RXK,SANDWELL AND WEST BIRMINGHAM HOSPITALS NHS TRUST,63805,27055.0,1022.0,9.0,2.0,42.4026330224904,1.6017553483269336,0.014105477627145209,0.003134550583810046
2025-08-01,RXK,SANDWELL AND WEST BIRMINGHAM HOSPITALS NHS TRUST,65604,27849.0,956.0,4.0,0.0,42.45015547832449,1.457228217791598,0.006097189195780745,0.0
2025-09-01,RXK,SANDWELL AND WEST BIRMINGHAM HOSPITALS NHS TRUST,66524,27102.0,902.0,5.0,0.0,40.74018399374662,1.3559016294871022,0.007516084420660213,0.0
2025-10-01,RXK,SANDWELL AND WEST BIRMINGHAM HOSPITALS NHS TRUST,64755,27407.0,812.0,3.0,0.0,42.32414485367925,1.253957223380434,0.00463284688441047,0.0
2025-11-01,RXK,SANDWELL AND WEST BIRMINGHAM HOSPITALS NHS TRUST,67619,28070.0,661.0,3.0,0.0,41.51200106478948,0.9775358996731688,0.004436622842692143,0.0
2025-12-01,RXK,SANDWELL AND WEST BIRMINGHAM HOSPITALS NHS TRUST,65725,26684.0,466.0,1.0,0.0,40.59946747812857,0.7090148345378471,0.0015214910612400153,0.0
2026-01-01,RXK,SANDWELL AND WEST BIRMINGHAM HOSPITALS NHS TRUST,64236,27685.0,541.0,0.0,0.0,43.098885360234135,0.8422068621956534,0.0,0.0
2026-02-01,RXK,SANDWELL AND WEST BIRMINGHAM HOSPITALS NHS TRUST,66872,27808.0,623.0,0.0,0.0,41.58392152171312,0.9316305778203134,0.0,0.0
2026-03-01,RXK,SANDWELL AND WEST BIRMINGHAM HOSPITALS NHS TRUST,65757,24328.0,346.0,0.0,0.0,36.99682163115714,0.5261797223109327,0.0,0.0
2026-04-01,RXK,SANDWELL AND WEST BIRMINGHAM HOSPITALS NHS TRUST,65630,24768.0,319.0,1.0,0.0,37.738838945604144,0.4860582050891361,0.0015236934328813044,0.0
2026-05-01,RXK,SANDWELL AND WEST BIRMINGHAM HOSPITALS NHS TRUST,66145,25437.0,369.0,4.0,0.0,38.4564214982236,0.5578652959407362,0.006047320281200393,0.0
2026-06-01,RXK,SANDWELL AND WEST BIRMINGHAM HOSPITALS NHS TRUST,66744,25529.0,291.0,2.0,0.0,38.24913100803069,0.4359942466738583,0.0029965240321227376,0.0
2025-04-01,RXL,BLACKPOOL TEACHING HOSPITALS NHS FOUNDATION TRUST,34168,15147.0,1322.0,101.0,0.0,44.330952938421916,3.8691173027394052,0.29559822055724655,0.0
2025-05-01,RXL,BLACKPOOL TEACHING HOSPITALS NHS FOUNDATION TRUST,35010,15125.0,1463.0,178.0,0.0,43.20194230219937,4.178806055412739,0.5084261639531563,0.0
2025-06-01,RXL,BLACKPOOL TEACHING HOSPITALS NHS FOUNDATION TRUST,37279,15953.0,1730.0,236.0,0.0,42.793529869363454,4.640682421738781,0.6330641916360418,0.0
2025-07-01,RXL,BLACKPOOL TEACHING HOSPITALS NHS FOUNDATION TRUST,40522,17715.0,1905.0,223.0,0.0,43.71699323824095,4.701149992596614,0.5503183455900499,0.0
2025-08-01,RXL,BLACKPOOL TEACHING HOSPITALS NHS FOUNDATION TRUST,42610,19022.0,2010.0,180.0,0.0,44.642102792771645,4.717202534616288,0.42243604787608546,0.0
2025-09-01,RXL,BLACKPOOL TEACHING HOSPITALS NHS FOUNDATION TRUST,42637,18741.0,1840.0,168.0,0.0,43.95478105870488,4.315500621525905,0.3940239697914957,0.0
2025-10-01,RXL,BLACKPOOL TEACHING HOSPITALS NHS FOUNDATION TRUST,43536,19565.0,1557.0,84.0,0.0,44.939819919147375,3.576350606394708,0.19294377067254684,0.0
2025-11-01,RXL,BLACKPOOL TEACHING HOSPITALS NHS FOUNDATION TRUST,43298,19425.0,1235.0,49.0,0.0,44.863504087948634,2.8523257425285236,0.11316919950113168,0.0
2025-12-01,RXL,BLACKPOOL TEACHING HOSPITALS NHS FOUNDATION TRUST,42521,18593.0,1020.0,18.0,0.0,43.726629194986,2.398814703323064,0.04233202417628937,0.0
2026-01-01,RXL,BLACKPOOL TEACHING HOSPITALS NHS FOUNDATION TRUST,42259,18105.0,1011.0,12.0,0.0,42.842944698170804,2.3923897867909796,0.028396317944106582,0.0
2026-02-01,RXL,BLACKPOOL TEACHING HOSPITALS NHS FOUNDATION TRUST,42964,18379.0,977.0,33.0,0.0,42.77767433199888,2.2739968345591657,0.0768084908295317,0.0
2026-03-01,RXL,BLACKPOOL TEACHING HOSPITALS NHS FOUNDATION TRUST,40284,15491.0,851.0,35.0,0.0,38.45447323999603,2.112501241187568,0.08688312977857214,0.0
2026-04-01,RXL,BLACKPOOL TEACHING HOSPITALS NHS FOUNDATION TRUST,40353,15945.0,954.0,82.0,0.0,39.51379079622333,2.364136495427849,0.20320670086486753,0.0
2026-05-01,RXL,BLACKPOOL TEACHING HOSPITALS NHS FOUNDATION TRUST,41045,16612.0,1081.0,112.0,0.0,40.47265196735291,2.633694725301498,0.27287123888415155,0.0
2026-06-01,RXL,BLACKPOOL TEACHING HOSPITALS NHS FOUNDATION TRUST,40413,16504.0,1101.0,124.0,0.0,40.83834409719644,2.724370870759409,0.30683196001286717,0.0
2025-04-01,RXN,LANCASHIRE TEACHING HOSPITALS NHS FOUNDATION TRUST,61521,27795.0,1642.0,17.0,0.0,45.17969473838201,2.669007330830123,0.02763284081858227,0.0
2025-05-01,RXN,LANCASHIRE TEACHING HOSPITALS NHS FOUNDATION TRUST,62354,27873.0,1823.0,27.0,0.0,44.70122205471982,2.923629598742663,0.04330115148988036,0.0
2025-06-01,RXN,LANCASHIRE TEACHING HOSPITALS NHS FOUNDATION TRUST,63259,28524.0,2068.0,22.0,0.0,45.09081711693198,3.2691000490048845,0.03477766009579664,0.0
2025-07-01,RXN,LANCASHIRE TEACHING HOSPITALS NHS FOUNDATION TRUST,64579,29367.0,2035.0,10.0,0.0,45.47453506557859,3.151179175893092,0.015484909955248611,0.0
2025-08-01,RXN,LANCASHIRE TEACHING HOSPITALS NHS FOUNDATION TRUST,65337,30489.0,2158.0,6.0,0.0,46.664217824509855,3.302875859007913,0.009183158088066487,0.0
2025-09-01,RXN,LANCASHIRE TEACHING HOSPITALS NHS FOUNDATION TRUST,65334,29623.0,1864.0,5.0,0.0,45.34086386873603,2.8530321119172255,0.007652983132825175,0.0
2025-10-01,RXN,LANCASHIRE TEACHING HOSPITALS NHS FOUNDATION TRUST,64319,29543.0,1926.0,2.0,0.0,45.93199521136834,2.9944495405712153,0.003109501080551626,0.0
2025-11-01,RXN,LANCASHIRE TEACHING HOSPITALS NHS FOUNDATION TRUST,64392,29587.0,2033.0,0.0,0.0,45.94825444154553,3.1572244999378807,0.0,0.0
2025-12-01,RXN,LANCASHIRE TEACHING HOSPITALS NHS FOUNDATION TRUST,64049,30022.0,1977.0,0.0,0.0,46.873487486143425,3.0866992458898657,0.0,0.0
2026-01-01,RXN,LANCASHIRE TEACHING HOSPITALS NHS FOUNDATION TRUST,63332,29643.0,1584.0,0.0,0.0,46.80572222573107,2.501105286427083,0.0,0.0
2026-02-01,RXN,LANCASHIRE TEACHING HOSPITALS NHS FOUNDATION TRUST,64104,28376.0,1321.0,0.0,0.0,44.26556845126669,2.060713840009984,0.0,0.0
2026-03-01,RXN,LANCASHIRE TEACHING HOSPITALS NHS FOUNDATION TRUST,65167,26442.0,896.0,0.0,0.0,40.57575153068271,1.374929028496018,0.0,0.0
2026-04-01,RXN,LANCASHIRE TEACHING HOSPITALS NHS FOUNDATION TRUST,61329,26143.0,840.0,0.0,0.0,42.627468245039054,1.3696619869882112,0.0,0.0
2026-05-01,RXN,LANCASHIRE TEACHING HOSPITALS NHS FOUNDATION TRUST,60428,25716.0,815.0,0.0,0.0,42.55643079367181,1.3487125173760508,0.0,0.0
2026-06-01,RXN,LANCASHIRE TEACHING HOSPITALS NHS FOUNDATION TRUST,60692,25056.0,666.0,0.0,0.0,41.283859487247085,1.0973439662558493,0.0,0.0
2025-04-01,RXP,COUNTY DURHAM AND DARLINGTON NHS FOUNDATION TRUST,37018,11910.0,299.0,0.0,0.0,32.17353719811983,0.8077151655951159,0.0,0.0
2025-05-01,RXP,COUNTY DURHAM AND DARLINGTON NHS FOUNDATION TRUST,38936,11691.0,328.0,0.0,0.0,30.02619683583316,0.84240805424286,0.0,0.0
2025-06-01,RXP,COUNTY DURHAM AND DARLINGTON NHS FOUNDATION TRUST,39423,12428.0,377.0,0.0,0.0,31.52474443852573,0.9562945488674124,0.0,0.0
2025-07-01,RXP,COUNTY DURHAM AND DARLINGTON NHS FOUNDATION TRUST,40683,12839.0,394.0,0.0,0.0,31.558636285426346,0.9684634859769438,0.0,0.0
2025-08-01,RXP,COUNTY DURHAM AND DARLINGTON NHS FOUNDATION TRUST,41465,12981.0,479.0,0.0,0.0,31.305920655974916,1.155191125045219,0.0,0.0
2025-09-01,RXP,COUNTY DURHAM AND DARLINGTON NHS FOUNDATION TRUST,42330,12638.0,504.0,1.0,0.0,29.855894164894874,1.190644932671864,0.0023623907394283014,0.0
2025-10-01,RXP,COUNTY DURHAM AND DARLINGTON NHS FOUNDATION TRUST,42308,13263.0,555.0,1.0,0.0,31.348681100501086,1.311808641391699,0.0023636191736787367,0.0
2025-11-01,RXP,COUNTY DURHAM AND DARLINGTON NHS FOUNDATION TRUST,40851,12953.0,608.0,4.0,0.0,31.707914126949156,1.4883356588578003,0.00979168196616974,0.0
2025-12-01,RXP,COUNTY DURHAM AND DARLINGTON NHS FOUNDATION TRUST,41453,13465.0,627.0,14.0,0.0,32.482570622150384,1.512556389163631,0.03377318891274455,0.0
2026-01-01,RXP,COUNTY DURHAM AND DARLINGTON NHS FOUNDATION TRUST,42140,14266.0,779.0,21.0,0.0,33.85382059800664,1.8485999050783102,0.04983388704318936,0.0
2026-02-01,RXP,COUNTY DURHAM AND DARLINGTON NHS FOUNDATION TRUST,42312,14900.0,671.0,28.0,0.0,35.21459633200983,1.5858385328039328,0.06617508035545472,0.0
2026-03-01,RXP,COUNTY DURHAM AND DARLINGTON NHS FOUNDATION TRUST,43027,14296.0,415.0,1.0,0.0,33.22564901108606,0.9645106560996584,0.002324122062890743,0.0
2026-04-01,RXP,COUNTY DURHAM AND DARLINGTON NHS FOUNDATION TRUST,52788,17499.0,701.0,2.0,0.0,33.14957944987497,1.3279533227248617,0.0037887398651208605,0.0
2026-05-01,RXP,COUNTY DURHAM AND DARLINGTON NHS FOUNDATION TRUST,52378,17233.0,774.0,0.0,0.0,32.90121806865478,1.4777196532895491,0.0,0.0
2026-06-01,RXP,COUNTY DURHAM AND DARLINGTON NHS FOUNDATION TRUST,53479,18473.0,943.0,24.0,0.0,34.54253071299014,1.7633089623964548,0.044877428523345614,0.0
2025-04-01,RXQ,BUCKINGHAMSHIRE HEALTHCARE NHS TRUST,48548,20796.0,1300.0,1.0,0.0,42.83595616709236,2.677762214715333,0.002059817088242564,0.0
2025-05-01,RXQ,BUCKINGHAMSHIRE HEALTHCARE NHS TRUST,49038,20855.0,1324.0,1.0,0.0,42.528243403075166,2.699946979893144,0.0020392348790733714,0.0
2025-06-01,RXQ,BUCKINGHAMSHIRE HEALTHCARE NHS TRUST,49413,20749.0,1241.0,0.0,0.0,41.990974035172925,2.5114848319268206,0.0,0.0
2025-07-01,RXQ,BUCKINGHAMSHIRE HEALTHCARE NHS TRUST,50836,21314.0,1352.0,20.0,0.0,41.926980879691556,2.6595326146825085,0.03934219844204894,0.0
2025-08-01,RXQ,BUCKINGHAMSHIRE HEALTHCARE NHS TRUST,50258,20770.0,1382.0,1.0,0.0,41.32675394961996,2.7498109753671054,0.0019897329778343744,0.0
2025-09-01,RXQ,BUCKINGHAMSHIRE HEALTHCARE NHS TRUST,48893,20121.0,1351.0,11.0,0.0,41.15313030495163,2.7631767328656456,0.0224981081136359,0.0
2025-10-01,RXQ,BUCKINGHAMSHIRE HEALTHCARE NHS TRUST,48290,19625.0,1308.0,13.0,0.0,40.63988403396148,2.7086353282253053,0.026920687512942635,0.0
2025-11-01,RXQ,BUCKINGHAMSHIRE HEALTHCARE NHS TRUST,48010,19118.0,1184.0,7.0,0.0,39.82087065194751,2.4661528848156635,0.014580295771714227,0.0
2025-12-01,RXQ,BUCKINGHAMSHIRE HEALTHCARE NHS TRUST,47429,19420.0,1119.0,3.0,0.0,40.94541314385714,2.3593160302768346,0.006325244048999558,0.0
2026-01-01,RXQ,BUCKINGHAMSHIRE HEALTHCARE NHS TRUST,47017,18279.0,904.0,0.0,0.0,38.87742731352489,1.9227088074526235,0.0,0.0
2026-02-01,RXQ,BUCKINGHAMSHIRE HEALTHCARE NHS TRUST,46082,17237.0,450.0,2.0,0.0,37.405060544247206,0.9765201163143962,0.0043400894058417605,0.0
2026-03-01,RXQ,BUCKINGHAMSHIRE HEALTHCARE NHS TRUST,45896,15798.0,58.0,1.0,0.0,34.421300331183545,0.12637266864214747,0.0021788391145197835,0.0
2026-04-01,RXQ,BUCKINGHAMSHIRE HEALTHCARE NHS TRUST,46357,17668.0,69.0,0.0,0.0,38.112906357184464,0.14884483465280324,0.0,0.0
2026-05-01,RXQ,BUCKINGHAMSHIRE HEALTHCARE NHS TRUST,46681,17688.0,64.0,0.0,0.0,37.891219125554294,0.13710074762751442,0.0,0.0
2026-06-01,RXQ,BUCKINGHAMSHIRE HEALTHCARE NHS TRUST,47773,17106.0,50.0,1.0,0.0,35.80683649760325,0.10466162895359304,0.0020932325790718608,0.0
2025-04-01,RXR,EAST LANCASHIRE HOSPITALS NHS TRUST,60237,26226.0,2598.0,13.0,0.0,43.53802480203197,4.31296379301758,0.02158142005743978,0.0
2025-05-01,RXR,EAST LANCASHIRE HOSPITALS NHS TRUST,57660,23970.0,2264.0,3.0,0.0,41.57127991675338,3.926465487339577,0.005202913631633715,0.0
2025-06-01,RXR,EAST LANCASHIRE HOSPITALS NHS TRUST,58192,22878.0,2210.0,2.0,0.0,39.31468243057465,3.797772889744295,0.0034368985427550183,0.0
2025-07-01,RXR,EAST LANCASHIRE HOSPITALS NHS TRUST,57371,22278.0,2100.0,1.0,0.0,38.83146537449234,3.66038590925729,0.0017430409091701382,0.0
2025-08-01,RXR,EAST LANCASHIRE HOSPITALS NHS TRUST,57217,22820.0,2083.0,3.0,0.0,39.88325148120314,3.640526416973976,0.005243196951954838,0.0
2025-09-01,RXR,EAST LANCASHIRE HOSPITALS NHS TRUST,55629,22054.0,1977.0,0.0,0.0,39.64478958816445,3.553901741897212,0.0,0.0
2025-10-01,RXR,EAST LANCASHIRE HOSPITALS NHS TRUST,54301,21873.0,1795.0,1.0,0.0,40.281026132115436,3.305648146442975,0.0018415867111102927,0.0
2025-11-01,RXR,EAST LANCASHIRE HOSPITALS NHS TRUST,52322,20551.0,1186.0,1.0,0.0,39.277932800733915,2.2667329230534,0.0019112419250028668,0.0
2025-12-01,RXR,EAST LANCASHIRE HOSPITALS NHS TRUST,52680,19807.0,822.0,0.0,0.0,37.598709187547456,1.560364464692483,0.0,0.0
2026-01-01,RXR,EAST LANCASHIRE HOSPITALS NHS TRUST,51484,18669.0,676.0,0.0,0.0,36.261751223681145,1.313029290653407,0.0,0.0
2026-02-01,RXR,EAST LANCASHIRE HOSPITALS NHS TRUST,50339,17732.0,605.0,0.0,0.0,35.225173324857465,1.2018514471880648,0.0,0.0
2026-03-01,RXR,EAST LANCASHIRE HOSPITALS NHS TRUST,47723,14322.0,329.0,0.0,0.0,30.01068667099721,0.6893950506045303,0.0,0.0
2026-04-01,RXR,EAST LANCASHIRE HOSPITALS NHS TRUST,47354,13908.0,309.0,0.0,0.0,29.37027495037378,0.6525319930734468,0.0,0.0
2026-05-01,RXR,EAST LANCASHIRE HOSPITALS NHS TRUST,46714,13490.0,264.0,0.0,0.0,28.877852463929443,0.5651410711992122,0.0,0.0
2026-06-01,RXR,EAST LANCASHIRE HOSPITALS NHS TRUST,47178,13215.0,224.0,1.0,0.0,28.0109373012845,0.4747975751409555,0.002119632031879266,0.0
2025-04-01,RXW,THE SHREWSBURY AND TELFORD HOSPITAL NHS TRUST,41238,20779.0,1312.0,18.0,0.0,50.38799165817935,3.181531597070663,0.043649061545176775,0.0
2025-05-01,RXW,THE SHREWSBURY AND TELFORD HOSPITAL NHS TRUST,39042,18349.0,1170.0,5.0,0.0,46.99810460529686,2.996772706316275,0.012806720967163569,0.0
2025-06-01,RXW,THE SHREWSBURY AND TELFORD HOSPITAL NHS TRUST,37630,16961.0,718.0,0.0,0.0,45.073079989370186,1.9080520861015149,0.0,0.0
2025-07-01,RXW,THE SHREWSBURY AND TELFORD HOSPITAL NHS TRUST,34742,15162.0,444.0,3.0,0.0,43.641701686719244,1.277992055725059,0.008635081457601751,0.0
2025-08-01,RXW,THE SHREWSBURY AND TELFORD HOSPITAL NHS TRUST,32670,13459.0,305.0,0.0,0.0,41.196816651362106,0.9335782063054789,0.0,0.0
2025-09-01,RXW,THE SHREWSBURY AND TELFORD HOSPITAL NHS TRUST,31652,11935.0,125.0,0.0,0.0,37.70693795020852,0.39491975230633136,0.0,0.0
2025-10-01,RXW,THE SHREWSBURY AND TELFORD HOSPITAL NHS TRUST,32263,11611.0,84.0,0.0,0.0,35.98859374515699,0.2603601648947711,0.0,0.0
2025-11-01,RXW,THE SHREWSBURY AND TELFORD HOSPITAL NHS TRUST,33621,11604.0,68.0,0.0,0.0,34.5141429463728,0.20225454329139528,0.0,0.0
2025-12-01,RXW,THE SHREWSBURY AND TELFORD HOSPITAL NHS TRUST,32790,11764.0,20.0,0.0,0.0,35.87679170478805,0.060994205550472705,0.0,0.0
2026-01-01,RXW,THE SHREWSBURY AND TELFORD HOSPITAL NHS TRUST,33637,12488.0,31.0,0.0,0.0,37.125784106787165,0.09216041858667538,0.0,0.0
2026-02-01,RXW,THE SHREWSBURY AND TELFORD HOSPITAL NHS TRUST,33359,12299.0,47.0,0.0,0.0,36.868611169399564,0.14089151353457838,0.0,0.0
2026-03-01,RXW,THE SHREWSBURY AND TELFORD HOSPITAL NHS TRUST,34275,10659.0,0.0,0.0,0.0,31.098468271334795,0.0,0.0,0.0
2026-04-01,RXW,THE SHREWSBURY AND TELFORD HOSPITAL NHS TRUST,35084,10853.0,0.0,0.0,0.0,30.934329038878122,0.0,0.0,0.0
2026-05-01,RXW,THE SHREWSBURY AND TELFORD HOSPITAL NHS TRUST,36456,10990.0,0.0,0.0,0.0,30.14592933947773,0.0,0.0,0.0
2026-06-01,RXW,THE SHREWSBURY AND TELFORD HOSPITAL NHS TRUST,37236,11292.0,0.0,0.0,0.0,30.32549145987754,0.0,0.0,0.0
2025-04-01,RYJ,IMPERIAL COLLEGE HEALTHCARE NHS TRUST,88412,35164.0,1749.0,135.0,1.0,39.77288150929738,1.9782382482016014,0.15269420440664164,0.0011310681807899382
2025-05-01,RYJ,IMPERIAL COLLEGE HEALTHCARE NHS TRUST,86817,34455.0,1729.0,122.0,2.0,39.686927675455266,1.9915454346498958,0.14052547312162364,0.0023036962806823546
2025-06-01,RYJ,IMPERIAL COLLEGE HEALTHCARE NHS TRUST,89031,34059.0,1644.0,71.0,2.0,38.255214475856725,1.8465478316541428,0.07974750367849401,0.002246408554323775
2025-07-01,RYJ,IMPERIAL COLLEGE HEALTHCARE NHS TRUST,90019,34671.0,1472.0,49.0,2.0,38.515202346171364,1.6352103444828312,0.05443295304324643,0.0022217531854386297
2025-08-01,RYJ,IMPERIAL COLLEGE HEALTHCARE NHS TRUST,91122,35766.0,1341.0,35.0,1.0,39.250674919338906,1.4716533877658524,0.038410043677706805,0.0010974298193630518
2025-09-01,RYJ,IMPERIAL COLLEGE HEALTHCARE NHS TRUST,91321,34677.0,1278.0,45.0,0.0,37.97264594124024,1.3994590510397389,0.04927672714928658,0.0
2025-10-01,RYJ,IMPERIAL COLLEGE HEALTHCARE NHS TRUST,90255,34194.0,892.0,19.0,0.0,37.885989695861724,0.9883108969032186,0.02105146529278156,0.0
2025-11-01,RYJ,IMPERIAL COLLEGE HEALTHCARE NHS TRUST,90297,33750.0,772.0,9.0,0.0,37.37665703179508,0.8549564215865422,0.00996710854181202,0.0
2025-12-01,RYJ,IMPERIAL COLLEGE HEALTHCARE NHS TRUST,89789,32106.0,620.0,0.0,0.0,35.7571640178641,0.6905077459376984,0.0,0.0
2026-01-01,RYJ,IMPERIAL COLLEGE HEALTHCARE NHS TRUST,88405,31448.0,454.0,2.0,0.0,35.57264860584809,0.5135456139358633,0.0022623154798936712,0.0
2026-02-01,RYJ,IMPERIAL COLLEGE HEALTHCARE NHS TRUST,87439,29008.0,305.0,3.0,0.0,33.17512780338293,0.34881460217980537,0.0034309633001292326,0.0
2026-03-01,RYJ,IMPERIAL COLLEGE HEALTHCARE NHS TRUST,83944,25933.0,96.0,0.0,0.0,30.89321452396836,0.11436195558944058,0.0,0.0
2026-04-01,RYJ,IMPERIAL COLLEGE HEALTHCARE NHS TRUST,83829,25726.0,54.0,2.0,0.0,30.688663827553707,0.0644168485846187,0.0023858092068377293,0.0
2026-05-01,RYJ,IMPERIAL COLLEGE HEALTHCARE NHS TRUST,83513,25005.0,38.0,1.0,0.0,29.941446241902458,0.045501897908110114,0.0011974183660028977,0.0
2026-06-01,RYJ,IMPERIAL COLLEGE HEALTHCARE NHS TRUST,84008,24684.0,28.0,0.0,0.0,29.382915912770212,0.0333301590324731,0.0,0.0
2025-04-01,RYR,UNIVERSITY HOSPITALS SUSSEX NHS FOUNDATION TRUST,115225,57304.0,6925.0,590.0,0.0,49.732262963766544,6.009980472987633,0.5120416576263832,0.0
2025-05-01,RYR,UNIVERSITY HOSPITALS SUSSEX NHS FOUNDATION TRUST,112989,55455.0,6826.0,795.0,0.0,49.07999893794971,6.041296055368222,0.7036083158537556,0.0
2025-06-01,RYR,UNIVERSITY HOSPITALS SUSSEX NHS FOUNDATION TRUST,113130,55096.0,5860.0,580.0,0.0,48.70149385662512,5.179881552196588,0.5126845222310615,0.0
2025-07-01,RYR,UNIVERSITY HOSPITALS SUSSEX NHS FOUNDATION TRUST,114891,55867.0,5884.0,642.0,0.0,48.62608907573265,5.121375912821717,0.5587905057837428,0.0
2025-08-01,RYR,UNIVERSITY HOSPITALS SUSSEX NHS FOUNDATION TRUST,114712,56437.0,5629.0,693.0,0.0,49.19886324011437,4.9070716228467814,0.6041216263337751,0.0
2025-09-01,RYR,UNIVERSITY HOSPITALS SUSSEX NHS FOUNDATION TRUST,113266,54878.0,4977.0,491.0,0.0,48.45055003266647,4.394081189412534,0.4334928398636837,0.0
2025-10-01,RYR,UNIVERSITY HOSPITALS SUSSEX NHS FOUNDATION TRUST,116149,55411.0,5007.0,354.0,0.0,47.706824854282,4.310842107981989,0.3047809279460004,0.0
2025-11-01,RYR,UNIVERSITY HOSPITALS SUSSEX NHS FOUNDATION TRUST,115993,55882.0,4855.0,314.0,0.0,48.17704516651867,4.185597406740062,0.27070599087875996,0.0
2025-12-01,RYR,UNIVERSITY HOSPITALS SUSSEX NHS FOUNDATION TRUST,116319,56831.0,4730.0,187.0,0.0,48.8578822032514,4.066403597004788,0.16076479336995675,0.0
2026-01-01,RYR,UNIVERSITY HOSPITALS SUSSEX NHS FOUNDATION TRUST,116190,57334.0,4961.0,349.0,0.0,49.34503829933729,4.269730613650056,0.3003700834839487,0.0
2026-02-01,RYR,UNIVERSITY HOSPITALS SUSSEX NHS FOUNDATION TRUST,114061,54531.0,4753.0,394.0,0.0,47.80862871621325,4.167068498435048,0.3454292001648241,0.0
2026-03-01,RYR,UNIVERSITY HOSPITALS SUSSEX NHS FOUNDATION TRUST,112535,50526.0,3580.0,52.0,0.0,44.89803172346381,3.1812325054427513,0.0462078464477718,0.0
2026-04-01,RYR,UNIVERSITY HOSPITALS SUSSEX NHS FOUNDATION TRUST,115713,53521.0,4076.0,252.0,0.0,46.253229974160206,3.5225082747833003,0.21778019755775063,0.0
2026-05-01,RYR,UNIVERSITY HOSPITALS SUSSEX NHS FOUNDATION TRUST,116207,53382.0,4297.0,354.0,0.0,45.93699174748509,3.6977118417995474,0.30462880893577843,0.0
2026-06-01,RYR,UNIVERSITY HOSPITALS SUSSEX NHS FOUNDATION TRUST,116136,54301.0,4638.0,394.0,0.0,46.756389061100776,3.9935937177102705,0.33925742233243783,0.0
2025-04-01,RYW,BIRMINGHAM COMMUNITY HEALTHCARE NHS FOUNDATION TRUST,15848,5414.0,52.0,0.0,0.0,34.162039374053506,0.3281171125694094,0.0,0.0
2025-05-01,RYW,BIRMINGHAM COMMUNITY HEALTHCARE NHS FOUNDATION TRUST,16160,5258.0,53.0,1.0,0.0,32.53712871287129,0.327970297029703,0.006188118811881188,0.0
2025-06-01,RYW,BIRMINGHAM COMMUNITY HEALTHCARE NHS FOUNDATION TRUST,15163,5157.0,57.0,0.0,0.0,34.010420101563014,0.3759150563872585,0.0,0.0
2025-07-01,RYW,BIRMINGHAM COMMUNITY HEALTHCARE NHS FOUNDATION TRUST,15664,5022.0,57.0,0.0,0.0,32.06077630234934,0.3638917262512768,0.0,0.0
2025-08-01,RYW,BIRMINGHAM COMMUNITY HEALTHCARE NHS FOUNDATION TRUST,16229,5168.0,61.0,0.0,0.0,31.84422946577115,0.3758703555363855,0.0,0.0
2025-09-01,RYW,BIRMINGHAM COMMUNITY HEALTHCARE NHS FOUNDATION TRUST,15355,4469.0,43.0,0.0,0.0,29.104526212959946,0.28003907521979815,0.0,0.0
2025-10-01,RYW,BIRMINGHAM COMMUNITY HEALTHCARE NHS FOUNDATION TRUST,15463,4625.0,34.0,0.0,0.0,29.91010799974132,0.21987971286296318,0.0,0.0
2025-11-01,RYW,BIRMINGHAM COMMUNITY HEALTHCARE NHS FOUNDATION TRUST,14862,4456.0,22.0,0.0,0.0,29.98250571928408,0.14802852913470596,0.0,0.0
2025-12-01,RYW,BIRMINGHAM COMMUNITY HEALTHCARE NHS FOUNDATION TRUST,14916,4377.0,10.0,0.0,0.0,29.34432823813355,0.06704210244033253,0.0,0.0
2026-01-01,RYW,BIRMINGHAM COMMUNITY HEALTHCARE NHS FOUNDATION TRUST,15359,4482.0,13.0,0.0,0.0,29.181587342925972,0.08464092714369424,0.0,0.0
2026-02-01,RYW,BIRMINGHAM COMMUNITY HEALTHCARE NHS FOUNDATION TRUST,14817,4635.0,10.0,0.0,0.0,31.281635958696093,0.0674900452183303,0.0,0.0
2026-03-01,RYW,BIRMINGHAM COMMUNITY HEALTHCARE NHS FOUNDATION TRUST,14919,3404.0,2.0,0.0,0.0,22.816542663717406,0.013405724244252296,0.0,0.0
2026-04-01,RYW,BIRMINGHAM COMMUNITY HEALTHCARE NHS FOUNDATION TRUST,14412,3192.0,1.0,0.0,0.0,22.148209825145713,0.006938662225922843,0.0,0.0
2026-05-01,RYW,BIRMINGHAM COMMUNITY HEALTHCARE NHS FOUNDATION TRUST,14636,3115.0,1.0,0.0,0.0,21.283137469253894,0.006832467887400929,0.0,0.0
2026-06-01,RYW,BIRMINGHAM COMMUNITY HEALTHCARE NHS FOUNDATION TRUST,14961,2958.0,0.0,0.0,0.0,19.771405654702225,0.0,0.0,0.0
2025-04-01,RYY,KENT COMMUNITY HEALTH NHS FOUNDATION TRUST,3324,3.0,0.0,0.0,0.0,0.09025270758122744,0.0,0.0,0.0
2025-05-01,RYY,KENT COMMUNITY HEALTH NHS FOUNDATION TRUST,3808,6.0,0.0,0.0,0.0,0.15756302521008403,0.0,0.0,0.0
2025-06-01,RYY,KENT COMMUNITY HEALTH NHS FOUNDATION TRUST,3708,3.0,0.0,0.0,0.0,0.08090614886731393,0.0,0.0,0.0
2025-07-01,RYY,KENT COMMUNITY HEALTH NHS FOUNDATION TRUST,3193,2.0,0.0,0.0,0.0,0.06263701847792046,0.0,0.0,0.0
2025-08-01,RYY,KENT COMMUNITY HEALTH NHS FOUNDATION TRUST,3641,2.0,0.0,0.0,0.0,0.05492996429552321,0.0,0.0,0.0
2025-09-01,RYY,KENT COMMUNITY HEALTH NHS FOUNDATION TRUST,3860,0.0,0.0,0.0,0.0,0.0,0.0,0.0,0.0
2025-10-01,RYY,KENT COMMUNITY HEALTH NHS FOUNDATION TRUST,3953,2.0,0.0,0.0,0.0,0.05059448520111307,0.0,0.0,0.0
2025-11-01,RYY,KENT COMMUNITY HEALTH NHS FOUNDATION TRUST,4128,3.0,0.0,0.0,0.0,0.07267441860465117,0.0,0.0,0.0
2025-12-01,RYY,KENT COMMUNITY HEALTH NHS FOUNDATION TRUST,4001,5.0,0.0,0.0,0.0,0.12496875781054737,0.0,0.0,0.0
2026-01-01,RYY,KENT COMMUNITY HEALTH NHS FOUNDATION TRUST,3960,5.0,0.0,0.0,0.0,0.12626262626262627,0.0,0.0,0.0
2026-02-01,RYY,KENT COMMUNITY HEALTH NHS FOUNDATION TRUST,4126,4.0,0.0,0.0,0.0,0.09694619486185167,0.0,0.0,0.0
2026-03-01,RYY,KENT COMMUNITY HEALTH NHS FOUNDATION TRUST,4391,4.0,0.0,0.0,0.0,0.09109542245502164,0.0,0.0,0.0
2026-04-01,RYY,KENT COMMUNITY HEALTH NHS FOUNDATION TRUST,4825,7.0,0.0,0.0,0.0,0.1450777202072539,0.0,0.0,0.0
2026-05-01,RYY,KENT COMMUNITY HEALTH NHS FOUNDATION TRUST,4572,7.0,0.0,0.0,0.0,0.15310586176727908,0.0,0.0,0.0
2026-06-01,RYY,KENT COMMUNITY HEALTH NHS FOUNDATION TRUST,4203,5.0,0.0,0.0,0.0,0.11896264572924102,0.0,0.0,0.0
2025-04-01,S1Z4X,NEWMEDICA - BIRMINGHAM,663,18.0,0.0,0.0,0.0,2.7149321266968327,0.0,0.0,0.0
2025-05-01,S1Z4X,NEWMEDICA - BIRMINGHAM,675,3.0,0.0,0.0,0.0,0.4444444444444444,0.0,0.0,0.0
2025-06-01,S1Z4X,NEWMEDICA - BIRMINGHAM,687,13.0,0.0,0.0,0.0,1.8922852983988356,0.0,0.0,0.0
2025-07-01,S1Z4X,NEWMEDICA - BIRMINGHAM,712,26.0,0.0,0.0,0.0,3.651685393258427,0.0,0.0,0.0
2025-08-01,S1Z4X,NEWMEDICA - BIRMINGHAM,781,48.0,1.0,0.0,0.0,6.1459667093469905,0.12804097311139565,0.0,0.0
2025-09-01,S1Z4X,NEWMEDICA - BIRMINGHAM,810,70.0,2.0,0.0,0.0,8.641975308641975,0.24691358024691357,0.0,0.0
2025-10-01,S1Z4X,NEWMEDICA - BIRMINGHAM,800,94.0,2.0,1.0,0.0,11.75,0.25,0.125,0.0
2025-11-01,S1Z4X,NEWMEDICA - BIRMINGHAM,836,112.0,2.0,2.0,0.0,13.397129186602871,0.23923444976076555,0.23923444976076555,0.0
2025-12-01,S1Z4X,NEWMEDICA - BIRMINGHAM,849,43.0,0.0,0.0,0.0,5.064782096584216,0.0,0.0,0.0
2026-01-01,S1Z4X,NEWMEDICA - BIRMINGHAM,836,43.0,0.0,0.0,0.0,5.143540669856459,0.0,0.0,0.0
2026-02-01,S1Z4X,NEWMEDICA - BIRMINGHAM,871,59.0,0.0,0.0,0.0,6.77382319173364,0.0,0.0,0.0
2026-03-01,S1Z4X,NEWMEDICA - BIRMINGHAM,949,65.0,0.0,0.0,0.0,6.8493150684931505,0.0,0.0,0.0
2026-04-01,S1Z4X,NEWMEDICA - BIRMINGHAM,936,52.0,0.0,0.0,0.0,5.555555555555555,0.0,0.0,0.0
2026-05-01,S1Z4X,NEWMEDICA - BIRMINGHAM,957,29.0,0.0,0.0,0.0,3.0303030303030303,0.0,0.0,0.0
2026-06-01,S1Z4X,NEWMEDICA - BIRMINGHAM,932,41.0,0.0,0.0,0.0,4.399141630901288,0.0,0.0,0.0
2025-04-01,S3H9L,THE HAMPTONS HOSPITAL LTD,2336,394.0,19.0,3.0,0.0,16.866438356164384,0.8133561643835616,0.12842465753424656,0.0
2025-05-01,S3H9L,THE HAMPTONS HOSPITAL LTD,2403,314.0,23.0,4.0,0.0,13.066999583853518,0.9571369121930919,0.16645859342488556,0.0
2025-06-01,S3H9L,THE HAMPTONS HOSPITAL LTD,2327,419.0,21.0,5.0,0.0,18.006016330038676,0.9024495058014611,0.21486892995272885,0.0
2025-07-01,S3H9L,THE HAMPTONS HOSPITAL LTD,1949,496.0,20.0,4.0,0.0,25.448948178553106,1.026167265264238,0.2052334530528476,0.0
2025-08-01,S3H9L,THE HAMPTONS HOSPITAL LTD,1813,508.0,23.0,8.0,0.0,28.019856591285162,1.26861555432984,0.441257584114727,0.0
2025-09-01,S3H9L,THE HAMPTONS HOSPITAL LTD,1800,582.0,20.0,4.0,0.0,32.33333333333333,1.1111111111111112,0.2222222222222222,0.0
2025-10-01,S3H9L,THE HAMPTONS HOSPITAL LTD,1669,619.0,22.0,6.0,0.0,37.08807669263032,1.318154583582984,0.35949670461354105,0.0
2025-11-01,S3H9L,THE HAMPTONS HOSPITAL LTD,1662,695.0,12.0,6.0,0.0,41.817087845968715,0.7220216606498195,0.36101083032490977,0.0
2025-12-01,S3H9L,THE HAMPTONS HOSPITAL LTD,1733,823.0,27.0,5.0,0.0,47.48990190421235,1.5579919215233697,0.28851702250432776,0.0
2026-01-01,S3H9L,THE HAMPTONS HOSPITAL LTD,1669,995.0,31.0,2.0,0.0,59.616536848412224,1.8573996405032953,0.11983223487118035,0.0
2026-02-01,S3H9L,THE HAMPTONS HOSPITAL LTD,1383,831.0,61.0,4.0,0.0,60.08676789587852,4.4107013738250185,0.28922631959508316,0.0
2026-03-01,S3H9L,THE HAMPTONS HOSPITAL LTD,914,487.0,41.0,4.0,0.0,53.282275711159734,4.485776805251642,0.437636761487965,0.0
2026-04-01,S3H9L,THE HAMPTONS HOSPITAL LTD,735,391.0,30.0,4.0,0.0,53.197278911564624,4.081632653061225,0.5442176870748299,0.0
2026-05-01,S3H9L,THE HAMPTONS HOSPITAL LTD,744,305.0,32.0,8.0,0.0,40.99462365591398,4.301075268817205,1.0752688172043012,0.0
2026-06-01,S3H9L,THE HAMPTONS HOSPITAL LTD,739,215.0,19.0,6.0,0.0,29.093369418132614,2.571041948579161,0.8119079837618403,0.0
2025-04-01,S4E3I,MIDLAND EYE (EYE-DOCS LTD),516,2.0,0.0,0.0,0.0,0.3875968992248062,0.0,0.0,0.0
2025-05-01,S4E3I,MIDLAND EYE (EYE-DOCS LTD),678,2.0,0.0,0.0,0.0,0.2949852507374631,0.0,0.0,0.0
2025-06-01,S4E3I,MIDLAND EYE (EYE-DOCS LTD),766,25.0,0.0,0.0,0.0,3.263707571801567,0.0,0.0,0.0
2025-07-01,S4E3I,MIDLAND EYE (EYE-DOCS LTD),507,30.0,0.0,0.0,0.0,5.9171597633136095,0.0,0.0,0.0
2025-08-01,S4E3I,MIDLAND EYE (EYE-DOCS LTD),373,40.0,0.0,0.0,0.0,10.723860589812332,0.0,0.0,0.0
2025-09-01,S4E3I,MIDLAND EYE (EYE-DOCS LTD),367,33.0,0.0,0.0,0.0,8.991825613079019,0.0,0.0,0.0
2025-10-01,S4E3I,MIDLAND EYE (EYE-DOCS LTD),411,15.0,0.0,0.0,0.0,3.64963503649635,0.0,0.0,0.0
2025-11-01,S4E3I,MIDLAND EYE (EYE-DOCS LTD),515,11.0,0.0,0.0,0.0,2.1359223300970873,0.0,0.0,0.0
2025-12-01,S4E3I,MIDLAND EYE (EYE-DOCS LTD),553,15.0,0.0,0.0,0.0,2.7124773960216997,0.0,0.0,0.0
2026-01-01,S4E3I,MIDLAND EYE (EYE-DOCS LTD),564,23.0,0.0,0.0,0.0,4.078014184397164,0.0,0.0,0.0
2026-02-01,S4E3I,MIDLAND EYE (EYE-DOCS LTD),621,50.0,0.0,0.0,0.0,8.051529790660226,0.0,0.0,0.0
2026-03-01,S4E3I,MIDLAND EYE (EYE-DOCS LTD),643,40.0,0.0,0.0,0.0,6.2208398133748055,0.0,0.0,0.0
2026-04-01,S4E3I,MIDLAND EYE (EYE-DOCS LTD),659,18.0,0.0,0.0,0.0,2.731411229135053,0.0,0.0,0.0
2026-05-01,S4E3I,MIDLAND EYE (EYE-DOCS LTD),638,28.0,0.0,0.0,0.0,4.38871473354232,0.0,0.0,0.0
2026-06-01,S4E3I,MIDLAND EYE (EYE-DOCS LTD),658,26.0,0.0,0.0,0.0,3.951367781155015,0.0,0.0,0.0
2025-04-01,T4I8V,SPAMEDICA CHESTERFIELD,83,3.0,0.0,0.0,0.0,3.614457831325301,0.0,0.0,0.0
2025-05-01,T4I8V,SPAMEDICA CHESTERFIELD,89,2.0,0.0,0.0,0.0,2.247191011235955,0.0,0.0,0.0
2025-06-01,T4I8V,SPAMEDICA CHESTERFIELD,97,3.0,0.0,0.0,0.0,3.0927835051546393,0.0,0.0,0.0
2025-07-01,T4I8V,SPAMEDICA CHESTERFIELD,98,5.0,0.0,0.0,0.0,5.1020408163265305,0.0,0.0,0.0
2025-08-01,T4I8V,SPAMEDICA CHESTERFIELD,98,5.0,0.0,0.0,0.0,5.1020408163265305,0.0,0.0,0.0
2025-09-01,T4I8V,SPAMEDICA CHESTERFIELD,117,3.0,0.0,0.0,0.0,2.564102564102564,0.0,0.0,0.0
2025-10-01,T4I8V,SPAMEDICA CHESTERFIELD,76,2.0,0.0,0.0,0.0,2.631578947368421,0.0,0.0,0.0
2025-11-01,T4I8V,SPAMEDICA CHESTERFIELD,89,4.0,0.0,0.0,0.0,4.49438202247191,0.0,0.0,0.0
2025-12-01,T4I8V,SPAMEDICA CHESTERFIELD,128,7.0,0.0,0.0,0.0,5.46875,0.0,0.0,0.0
2026-01-01,T4I8V,SPAMEDICA CHESTERFIELD,161,9.0,0.0,0.0,0.0,5.590062111801243,0.0,0.0,0.0
2026-02-01,T4I8V,SPAMEDICA CHESTERFIELD,166,6.0,0.0,0.0,0.0,3.614457831325301,0.0,0.0,0.0
2026-03-01,T4I8V,SPAMEDICA CHESTERFIELD,178,5.0,0.0,0.0,0.0,2.8089887640449436,0.0,0.0,0.0
2026-04-01,T4I8V,SPAMEDICA CHESTERFIELD,226,14.0,0.0,0.0,0.0,6.1946902654867255,0.0,0.0,0.0
2026-05-01,T4I8V,SPAMEDICA CHESTERFIELD,229,11.0,0.0,0.0,0.0,4.8034934497816595,0.0,0.0,0.0
2026-06-01,T4I8V,SPAMEDICA CHESTERFIELD,167,12.0,0.0,0.0,0.0,7.18562874251497,0.0,0.0,0.0
2025-04-01,T8R5I,SPAMEDICA WOKINGHAM,126,3.0,0.0,0.0,0.0,2.380952380952381,0.0,0.0,0.0
2025-05-01,T8R5I,SPAMEDICA WOKINGHAM,157,5.0,0.0,0.0,0.0,3.1847133757961785,0.0,0.0,0.0
2025-06-01,T8R5I,SPAMEDICA WOKINGHAM,169,5.0,0.0,0.0,0.0,2.9585798816568047,0.0,0.0,0.0
2025-07-01,T8R5I,SPAMEDICA WOKINGHAM,141,5.0,0.0,0.0,0.0,3.546099290780142,0.0,0.0,0.0
2025-08-01,T8R5I,SPAMEDICA WOKINGHAM,186,9.0,0.0,0.0,0.0,4.838709677419355,0.0,0.0,0.0
2025-09-01,T8R5I,SPAMEDICA WOKINGHAM,203,15.0,0.0,0.0,0.0,7.389162561576355,0.0,0.0,0.0
2025-10-01,T8R5I,SPAMEDICA WOKINGHAM,204,20.0,0.0,0.0,0.0,9.803921568627452,0.0,0.0,0.0
2025-11-01,T8R5I,SPAMEDICA WOKINGHAM,210,19.0,0.0,0.0,0.0,9.047619047619047,0.0,0.0,0.0
2025-12-01,T8R5I,SPAMEDICA WOKINGHAM,219,19.0,0.0,0.0,0.0,8.67579908675799,0.0,0.0,0.0
2026-01-01,T8R5I,SPAMEDICA WOKINGHAM,232,12.0,0.0,0.0,0.0,5.172413793103448,0.0,0.0,0.0
2026-02-01,T8R5I,SPAMEDICA WOKINGHAM,271,13.0,1.0,0.0,0.0,4.797047970479705,0.36900369003690037,0.0,0.0
2026-03-01,T8R5I,SPAMEDICA WOKINGHAM,236,23.0,1.0,0.0,0.0,9.745762711864407,0.423728813559322,0.0,0.0
2026-04-01,T8R5I,SPAMEDICA WOKINGHAM,225,27.0,1.0,0.0,0.0,12.0,0.4444444444444444,0.0,0.0
2026-05-01,T8R5I,SPAMEDICA WOKINGHAM,242,24.0,1.0,0.0,0.0,9.917355371900827,0.4132231404958678,0.0,0.0
2026-06-01,T8R5I,SPAMEDICA WOKINGHAM,221,21.0,0.0,0.0,0.0,9.502262443438914,0.0,0.0,0.0
2025-04-01,T8V3L,SPAMEDICA DONCASTER,96,6.0,0.0,0.0,0.0,6.25,0.0,0.0,0.0
2025-05-01,T8V3L,SPAMEDICA DONCASTER,154,5.0,0.0,0.0,0.0,3.2467532467532463,0.0,0.0,0.0
2025-06-01,T8V3L,SPAMEDICA DONCASTER,165,4.0,0.0,0.0,0.0,2.4242424242424243,0.0,0.0,0.0
2025-07-01,T8V3L,SPAMEDICA DONCASTER,115,6.0,0.0,0.0,0.0,5.217391304347826,0.0,0.0,0.0
2025-08-01,T8V3L,SPAMEDICA DONCASTER,153,6.0,0.0,0.0,0.0,3.9215686274509802,0.0,0.0,0.0
2025-09-01,T8V3L,SPAMEDICA DONCASTER,149,1.0,0.0,0.0,0.0,0.6711409395973155,0.0,0.0,0.0
2025-10-01,T8V3L,SPAMEDICA DONCASTER,143,6.0,0.0,0.0,0.0,4.195804195804196,0.0,0.0,0.0
2025-11-01,T8V3L,SPAMEDICA DONCASTER,144,5.0,1.0,0.0,0.0,3.4722222222222223,0.6944444444444444,0.0,0.0
2025-12-01,T8V3L,SPAMEDICA DONCASTER,204,12.0,1.0,0.0,0.0,5.88235294117647,0.49019607843137253,0.0,0.0
2026-01-01,T8V3L,SPAMEDICA DONCASTER,167,20.0,1.0,0.0,0.0,11.976047904191617,0.5988023952095809,0.0,0.0
2026-02-01,T8V3L,SPAMEDICA DONCASTER,262,20.0,0.0,0.0,0.0,7.633587786259542,0.0,0.0,0.0
2026-03-01,T8V3L,SPAMEDICA DONCASTER,253,11.0,0.0,0.0,0.0,4.3478260869565215,0.0,0.0,0.0
2026-04-01,T8V3L,SPAMEDICA DONCASTER,404,15.0,0.0,0.0,0.0,3.7128712871287126,0.0,0.0,0.0
2026-05-01,T8V3L,SPAMEDICA DONCASTER,499,15.0,0.0,0.0,0.0,3.006012024048096,0.0,0.0,0.0
2026-06-01,T8V3L,SPAMEDICA DONCASTER,439,20.0,0.0,0.0,0.0,4.555808656036446,0.0,0.0,0.0
2025-04-01,TAD,BRADFORD DISTRICT CARE NHS FOUNDATION TRUST,563,172.0,6.0,2.0,0.0,30.550621669627,1.0657193605683837,0.3552397868561279,0.0
2025-05-01,TAD,BRADFORD DISTRICT CARE NHS FOUNDATION TRUST,573,175.0,6.0,0.0,0.0,30.54101221640489,1.0471204188481675,0.0,0.0
2025-06-01,TAD,BRADFORD DISTRICT CARE NHS FOUNDATION TRUST,574,195.0,1.0,0.0,0.0,33.972125435540065,0.17421602787456447,0.0,0.0
2025-07-01,TAD,BRADFORD DISTRICT CARE NHS FOUNDATION TRUST,571,186.0,4.0,0.0,0.0,32.57443082311734,0.7005253940455342,0.0,0.0
2025-08-01,TAD,BRADFORD DISTRICT CARE NHS FOUNDATION TRUST,584,232.0,4.0,1.0,0.0,39.726027397260275,0.684931506849315,0.17123287671232876,0.0
2025-09-01,TAD,BRADFORD DISTRICT CARE NHS FOUNDATION TRUST,538,224.0,6.0,0.0,0.0,41.63568773234201,1.1152416356877324,0.0,0.0
2025-10-01,TAD,BRADFORD DISTRICT CARE NHS FOUNDATION TRUST,496,231.0,15.0,0.0,0.0,46.57258064516129,3.024193548387097,0.0,0.0
2025-11-01,TAD,BRADFORD DISTRICT CARE NHS FOUNDATION TRUST,615,222.0,10.0,0.0,0.0,36.09756097560975,1.6260162601626018,0.0,0.0
2025-12-01,TAD,BRADFORD DISTRICT CARE NHS FOUNDATION TRUST,654,213.0,12.0,0.0,0.0,32.56880733944954,1.834862385321101,0.0,0.0
2026-01-01,TAD,BRADFORD DISTRICT CARE NHS FOUNDATION TRUST,666,212.0,15.0,1.0,0.0,31.83183183183183,2.2522522522522523,0.15015015015015015,0.0
2026-02-01,TAD,BRADFORD DISTRICT CARE NHS FOUNDATION TRUST,616,204.0,14.0,1.0,0.0,33.116883116883116,2.272727272727273,0.16233766233766234,0.0
2026-03-01,TAD,BRADFORD DISTRICT CARE NHS FOUNDATION TRUST,541,219.0,13.0,1.0,0.0,40.48059149722736,2.4029574861367835,0.18484288354898337,0.0
2026-04-01,TAD,BRADFORD DISTRICT CARE NHS FOUNDATION TRUST,568,271.0,26.0,2.0,0.0,47.7112676056338,4.577464788732395,0.35211267605633806,0.0
2026-05-01,TAD,BRADFORD DISTRICT CARE NHS FOUNDATION TRUST,571,273.0,25.0,0.0,0.0,47.8108581436077,4.378283712784588,0.0,0.0
2026-06-01,TAD,BRADFORD DISTRICT CARE NHS FOUNDATION TRUST,607,244.0,21.0,0.0,0.0,40.19769357495881,3.459637561779242,0.0,0.0
2025-04-01,V4U1Y,SPAMEDICA CHESTER,81,3.0,0.0,0.0,0.0,3.7037037037037033,0.0,0.0,0.0
2025-05-01,V4U1Y,SPAMEDICA CHESTER,208,2.0,0.0,0.0,0.0,0.9615384615384616,0.0,0.0,0.0
2025-06-01,V4U1Y,SPAMEDICA CHESTER,128,5.0,0.0,0.0,0.0,3.90625,0.0,0.0,0.0
2025-07-01,V4U1Y,SPAMEDICA CHESTER,136,9.0,0.0,0.0,0.0,6.61764705882353,0.0,0.0,0.0
2025-08-01,V4U1Y,SPAMEDICA CHESTER,166,9.0,0.0,0.0,0.0,5.421686746987952,0.0,0.0,0.0
2025-09-01,V4U1Y,SPAMEDICA CHESTER,163,5.0,0.0,0.0,0.0,3.067484662576687,0.0,0.0,0.0
2025-10-01,V4U1Y,SPAMEDICA CHESTER,172,6.0,0.0,0.0,0.0,3.488372093023256,0.0,0.0,0.0
2025-11-01,V4U1Y,SPAMEDICA CHESTER,153,12.0,0.0,0.0,0.0,7.8431372549019605,0.0,0.0,0.0
2025-12-01,V4U1Y,SPAMEDICA CHESTER,193,19.0,0.0,0.0,0.0,9.844559585492227,0.0,0.0,0.0
2026-01-01,V4U1Y,SPAMEDICA CHESTER,204,20.0,1.0,0.0,0.0,9.803921568627452,0.49019607843137253,0.0,0.0
2026-02-01,V4U1Y,SPAMEDICA CHESTER,236,21.0,0.0,0.0,0.0,8.898305084745763,0.0,0.0,0.0
2026-03-01,V4U1Y,SPAMEDICA CHESTER,206,15.0,0.0,0.0,0.0,7.281553398058252,0.0,0.0,0.0
2026-04-01,V4U1Y,SPAMEDICA CHESTER,247,18.0,0.0,0.0,0.0,7.28744939271255,0.0,0.0,0.0
2026-05-01,V4U1Y,SPAMEDICA CHESTER,218,19.0,1.0,0.0,0.0,8.715596330275229,0.45871559633027525,0.0,0.0
2026-06-01,V4U1Y,SPAMEDICA CHESTER,225,13.0,0.0,0.0,0.0,5.777777777777778,0.0,0.0,0.0
2025-04-01,V5F1D,SPAMEDICA TELFORD,119,1.0,0.0,0.0,0.0,0.8403361344537815,0.0,0.0,0.0
2025-05-01,V5F1D,SPAMEDICA TELFORD,114,5.0,0.0,0.0,0.0,4.385964912280701,0.0,0.0,0.0
2025-06-01,V5F1D,SPAMEDICA TELFORD,124,7.0,0.0,0.0,0.0,5.64516129032258,0.0,0.0,0.0
2025-07-01,V5F1D,SPAMEDICA TELFORD,136,9.0,0.0,0.0,0.0,6.61764705882353,0.0,0.0,0.0
2025-08-01,V5F1D,SPAMEDICA TELFORD,173,10.0,0.0,0.0,0.0,5.780346820809249,0.0,0.0,0.0
2025-09-01,V5F1D,SPAMEDICA TELFORD,207,10.0,0.0,0.0,0.0,4.830917874396135,0.0,0.0,0.0
2025-10-01,V5F1D,SPAMEDICA TELFORD,355,11.0,0.0,0.0,0.0,3.0985915492957745,0.0,0.0,0.0
2025-11-01,V5F1D,SPAMEDICA TELFORD,384,19.0,0.0,0.0,0.0,4.947916666666666,0.0,0.0,0.0
2025-12-01,V5F1D,SPAMEDICA TELFORD,393,35.0,0.0,0.0,0.0,8.9058524173028,0.0,0.0,0.0
2026-01-01,V5F1D,SPAMEDICA TELFORD,373,49.0,0.0,0.0,0.0,13.136729222520108,0.0,0.0,0.0
2026-02-01,V5F1D,SPAMEDICA TELFORD,392,57.0,0.0,0.0,0.0,14.540816326530612,0.0,0.0,0.0
2026-03-01,V5F1D,SPAMEDICA TELFORD,384,46.0,0.0,0.0,0.0,11.979166666666668,0.0,0.0,0.0
2026-04-01,V5F1D,SPAMEDICA TELFORD,465,50.0,1.0,0.0,0.0,10.75268817204301,0.21505376344086022,0.0,0.0
2026-05-01,V5F1D,SPAMEDICA TELFORD,504,50.0,1.0,0.0,0.0,9.920634920634921,0.1984126984126984,0.0,0.0
2026-06-01,V5F1D,SPAMEDICA TELFORD,459,34.0,0.0,0.0,0.0,7.4074074074074066,0.0,0.0,0.0
2025-04-01,V8N5R,SPAMEDICA DALSTON,226,11.0,0.0,0.0,0.0,4.867256637168142,0.0,0.0,0.0
2025-05-01,V8N5R,SPAMEDICA DALSTON,269,12.0,0.0,0.0,0.0,4.4609665427509295,0.0,0.0,0.0
2025-06-01,V8N5R,SPAMEDICA DALSTON,279,16.0,0.0,0.0,0.0,5.734767025089606,0.0,0.0,0.0
2025-07-01,V8N5R,SPAMEDICA DALSTON,240,21.0,0.0,0.0,0.0,8.75,0.0,0.0,0.0
2025-08-01,V8N5R,SPAMEDICA DALSTON,261,21.0,0.0,0.0,0.0,8.045977011494253,0.0,0.0,0.0
2025-09-01,V8N5R,SPAMEDICA DALSTON,239,14.0,0.0,0.0,0.0,5.857740585774058,0.0,0.0,0.0
2025-10-01,V8N5R,SPAMEDICA DALSTON,230,15.0,0.0,0.0,0.0,6.521739130434782,0.0,0.0,0.0
2025-11-01,V8N5R,SPAMEDICA DALSTON,302,19.0,0.0,0.0,0.0,6.291390728476822,0.0,0.0,0.0
2025-12-01,V8N5R,SPAMEDICA DALSTON,390,27.0,0.0,0.0,0.0,6.923076923076923,0.0,0.0,0.0
2026-01-01,V8N5R,SPAMEDICA DALSTON,350,30.0,0.0,0.0,0.0,8.571428571428571,0.0,0.0,0.0
2026-02-01,V8N5R,SPAMEDICA DALSTON,359,41.0,0.0,0.0,0.0,11.420612813370473,0.0,0.0,0.0
2026-03-01,V8N5R,SPAMEDICA DALSTON,397,41.0,0.0,0.0,0.0,10.327455919395465,0.0,0.0,0.0
2026-04-01,V8N5R,SPAMEDICA DALSTON,522,53.0,0.0,0.0,0.0,10.153256704980842,0.0,0.0,0.0
2026-05-01,V8N5R,SPAMEDICA DALSTON,555,58.0,0.0,0.0,0.0,10.45045045045045,0.0,0.0,0.0
2026-06-01,V8N5R,SPAMEDICA DALSTON,457,41.0,0.0,0.0,0.0,8.971553610503284,0.0,0.0,0.0
2025-04-01,Y8L9S,SPAMEDICA BROMLEY,358,9.0,0.0,0.0,0.0,2.5139664804469275,0.0,0.0,0.0
2025-05-01,Y8L9S,SPAMEDICA BROMLEY,354,15.0,0.0,0.0,0.0,4.23728813559322,0.0,0.0,0.0
2025-06-01,Y8L9S,SPAMEDICA BROMLEY,373,24.0,0.0,0.0,0.0,6.434316353887399,0.0,0.0,0.0
2025-07-01,Y8L9S,SPAMEDICA BROMLEY,256,27.0,0.0,0.0,0.0,10.546875,0.0,0.0,0.0
2025-08-01,Y8L9S,SPAMEDICA BROMLEY,304,32.0,0.0,0.0,0.0,10.526315789473683,0.0,0.0,0.0
2025-09-01,Y8L9S,SPAMEDICA BROMLEY,312,25.0,0.0,0.0,0.0,8.012820512820513,0.0,0.0,0.0
2025-10-01,Y8L9S,SPAMEDICA BROMLEY,310,20.0,0.0,0.0,0.0,6.451612903225806,0.0,0.0,0.0
2025-11-01,Y8L9S,SPAMEDICA BROMLEY,383,22.0,0.0,0.0,0.0,5.7441253263707575,0.0,0.0,0.0
2025-12-01,Y8L9S,SPAMEDICA BROMLEY,419,25.0,0.0,0.0,0.0,5.966587112171838,0.0,0.0,0.0
2026-01-01,Y8L9S,SPAMEDICA BROMLEY,324,35.0,0.0,0.0,0.0,10.802469135802468,0.0,0.0,0.0
2026-02-01,Y8L9S,SPAMEDICA BROMLEY,449,46.0,0.0,0.0,0.0,10.244988864142538,0.0,0.0,0.0
2026-03-01,Y8L9S,SPAMEDICA BROMLEY,595,55.0,1.0,0.0,0.0,9.243697478991598,0.16806722689075632,0.0,0.0
2026-04-01,Y8L9S,SPAMEDICA BROMLEY,621,62.0,0.0,0.0,0.0,9.98389694041868,0.0,0.0,0.0
2026-05-01,Y8L9S,SPAMEDICA BROMLEY,704,69.0,0.0,0.0,0.0,9.801136363636363,0.0,0.0,0.0
2026-06-01,Y8L9S,SPAMEDICA BROMLEY,666,72.0,1.0,0.0,0.0,10.81081081081081,0.15015015015015015,0.0,0.0
2025-04-01,Y9S1N,FAIRFIELD INDEPENDENT HOSPITAL,2107,604.0,0.0,0.0,0.0,28.666350261034644,0.0,0.0,0.0
2025-05-01,Y9S1N,FAIRFIELD INDEPENDENT HOSPITAL,2171,590.0,2.0,0.0,0.0,27.176416397973284,0.09212344541685859,0.0,0.0
2025-06-01,Y9S1N,FAIRFIELD INDEPENDENT HOSPITAL,2163,614.0,4.0,0.0,0.0,28.386500231160426,0.18492834026814609,0.0,0.0
2025-07-01,Y9S1N,FAIRFIELD INDEPENDENT HOSPITAL,2242,669.0,7.0,0.0,0.0,29.83942908117752,0.31222123104371097,0.0,0.0
2025-08-01,Y9S1N,FAIRFIELD INDEPENDENT HOSPITAL,2342,767.0,7.0,0.0,0.0,32.749786507258754,0.29888983774551664,0.0,0.0
2025-09-01,Y9S1N,FAIRFIELD INDEPENDENT HOSPITAL,2414,818.0,11.0,0.0,0.0,33.88566694283347,0.4556752278376139,0.0,0.0
2025-10-01,Y9S1N,FAIRFIELD INDEPENDENT HOSPITAL,2496,842.0,9.0,0.0,0.0,33.733974358974365,0.3605769230769231,0.0,0.0
2025-11-01,Y9S1N,FAIRFIELD INDEPENDENT HOSPITAL,2416,852.0,0.0,0.0,0.0,35.264900662251655,0.0,0.0,0.0
2025-12-01,Y9S1N,FAIRFIELD INDEPENDENT HOSPITAL,2287,821.0,2.0,0.0,0.0,35.89855706165282,0.08745080891998251,0.0,0.0
2026-01-01,Y9S1N,FAIRFIELD INDEPENDENT HOSPITAL,2097,778.0,9.0,0.0,0.0,37.10061993323796,0.4291845493562232,0.0,0.0
2026-02-01,Y9S1N,FAIRFIELD INDEPENDENT HOSPITAL,1985,683.0,11.0,0.0,0.0,34.4080604534005,0.5541561712846348,0.0,0.0
2026-03-01,Y9S1N,FAIRFIELD INDEPENDENT HOSPITAL,1625,559.0,29.0,0.0,0.0,34.4,1.7846153846153845,0.0,0.0
2026-04-01,Y9S1N,FAIRFIELD INDEPENDENT HOSPITAL,1694,561.0,30.0,0.0,0.0,33.116883116883116,1.770956316410862,0.0,0.0
2026-05-01,Y9S1N,FAIRFIELD INDEPENDENT HOSPITAL,1600,579.0,42.0,0.0,0.0,36.1875,2.625,0.0,0.0
2026-06-01,Y9S1N,FAIRFIELD INDEPENDENT HOSPITAL,1497,526.0,44.0,3.0,0.0,35.136940547762194,2.9392117568470275,0.2004008016032064,0.0
2025-04-01,Z1E5F,NEWMEDICA - HARROGATE,131,0.0,0.0,0.0,0.0,0.0,0.0,0.0,0.0
2025-05-01,Z1E5F,NEWMEDICA - HARROGATE,109,1.0,0.0,0.0,0.0,0.9174311926605505,0.0,0.0,0.0
2025-06-01,Z1E5F,NEWMEDICA - HARROGATE,147,3.0,0.0,0.0,0.0,2.0408163265306123,0.0,0.0,0.0
2025-07-01,Z1E5F,NEWMEDICA - HARROGATE,158,5.0,0.0,0.0,0.0,3.1645569620253164,0.0,0.0,0.0
2025-08-01,Z1E5F,NEWMEDICA - HARROGATE,204,8.0,0.0,0.0,0.0,3.9215686274509802,0.0,0.0,0.0
2025-09-01,Z1E5F,NEWMEDICA - HARROGATE,221,12.0,0.0,0.0,0.0,5.429864253393665,0.0,0.0,0.0
2025-10-01,Z1E5F,NEWMEDICA - HARROGATE,229,13.0,0.0,0.0,0.0,5.676855895196507,0.0,0.0,0.0
2025-11-01,Z1E5F,NEWMEDICA - HARROGATE,243,13.0,0.0,0.0,0.0,5.349794238683128,0.0,0.0,0.0
2025-12-01,Z1E5F,NEWMEDICA - HARROGATE,247,16.0,0.0,0.0,0.0,6.477732793522267,0.0,0.0,0.0
2026-01-01,Z1E5F,NEWMEDICA - HARROGATE,222,22.0,0.0,0.0,0.0,9.90990990990991,0.0,0.0,0.0
2026-02-01,Z1E5F,NEWMEDICA - HARROGATE,225,31.0,0.0,0.0,0.0,13.777777777777779,0.0,0.0,0.0
2026-03-01,Z1E5F,NEWMEDICA - HARROGATE,243,41.0,0.0,0.0,0.0,16.872427983539097,0.0,0.0,0.0
2026-04-01,Z1E5F,NEWMEDICA - HARROGATE,236,28.0,0.0,0.0,0.0,11.864406779661017,0.0,0.0,0.0
2026-05-01,Z1E5F,NEWMEDICA - HARROGATE,276,20.0,0.0,0.0,0.0,7.246376811594203,0.0,0.0,0.0
2026-06-01,Z1E5F,NEWMEDICA - HARROGATE,293,29.0,0.0,0.0,0.0,9.897610921501707,0.0,0.0,0.0
2025-04-01,Z2L9B,NEWMEDICA - MANCHESTER WEST,279,16.0,0.0,0.0,0.0,5.734767025089606,0.0,0.0,0.0
2025-05-01,Z2L9B,NEWMEDICA - MANCHESTER WEST,346,36.0,0.0,0.0,0.0,10.404624277456648,0.0,0.0,0.0
2025-06-01,Z2L9B,NEWMEDICA - MANCHESTER WEST,302,38.0,0.0,0.0,0.0,12.582781456953644,0.0,0.0,0.0
2025-07-01,Z2L9B,NEWMEDICA - MANCHESTER WEST,380,62.0,0.0,0.0,0.0,16.315789473684212,0.0,0.0,0.0
2025-08-01,Z2L9B,NEWMEDICA - MANCHESTER WEST,399,88.0,3.0,0.0,0.0,22.05513784461153,0.7518796992481203,0.0,0.0
2025-09-01,Z2L9B,NEWMEDICA - MANCHESTER WEST,335,104.0,5.0,0.0,0.0,31.044776119402982,1.4925373134328357,0.0,0.0
2025-10-01,Z2L9B,NEWMEDICA - MANCHESTER WEST,399,106.0,2.0,0.0,0.0,26.56641604010025,0.5012531328320802,0.0,0.0
2025-11-01,Z2L9B,NEWMEDICA - MANCHESTER WEST,422,119.0,0.0,0.0,0.0,28.199052132701425,0.0,0.0,0.0
2025-12-01,Z2L9B,NEWMEDICA - MANCHESTER WEST,377,62.0,0.0,0.0,0.0,16.445623342175068,0.0,0.0,0.0
2026-01-01,Z2L9B,NEWMEDICA - MANCHESTER WEST,379,63.0,0.0,0.0,0.0,16.62269129287599,0.0,0.0,0.0
2026-02-01,Z2L9B,NEWMEDICA - MANCHESTER WEST,366,73.0,0.0,0.0,0.0,19.94535519125683,0.0,0.0,0.0
2026-03-01,Z2L9B,NEWMEDICA - MANCHESTER WEST,344,71.0,0.0,0.0,0.0,20.63953488372093,0.0,0.0,0.0
2026-04-01,Z2L9B,NEWMEDICA - MANCHESTER WEST,317,67.0,0.0,0.0,0.0,21.13564668769716,0.0,0.0,0.0
2026-05-01,Z2L9B,NEWMEDICA - MANCHESTER WEST,355,73.0,1.0,1.0,0.0,20.56338028169014,0.28169014084507044,0.28169014084507044,0.0
2026-06-01,Z2L9B,NEWMEDICA - MANCHESTER WEST,345,60.0,0.0,0.0,0.0,17.391304347826086,0.0,0.0,0.0
2025-04-01,Z5J5V,SPAMEDICA HAYDOCK,167,3.0,0.0,0.0,0.0,1.7964071856287425,0.0,0.0,0.0
2025-05-01,Z5J5V,SPAMEDICA HAYDOCK,159,4.0,0.0,0.0,0.0,2.515723270440252,0.0,0.0,0.0
2025-06-01,Z5J5V,SPAMEDICA HAYDOCK,163,5.0,0.0,0.0,0.0,3.067484662576687,0.0,0.0,0.0
2025-07-01,Z5J5V,SPAMEDICA HAYDOCK,126,4.0,0.0,0.0,0.0,3.1746031746031744,0.0,0.0,0.0
2025-08-01,Z5J5V,SPAMEDICA HAYDOCK,153,7.0,0.0,0.0,0.0,4.57516339869281,0.0,0.0,0.0
2025-09-01,Z5J5V,SPAMEDICA HAYDOCK,132,6.0,0.0,0.0,0.0,4.545454545454546,0.0,0.0,0.0
2025-10-01,Z5J5V,SPAMEDICA HAYDOCK,150,6.0,0.0,0.0,0.0,4.0,0.0,0.0,0.0
2025-11-01,Z5J5V,SPAMEDICA HAYDOCK,197,5.0,0.0,0.0,0.0,2.5380710659898478,0.0,0.0,0.0
2025-12-01,Z5J5V,SPAMEDICA HAYDOCK,275,15.0,0.0,0.0,0.0,5.454545454545454,0.0,0.0,0.0
2026-01-01,Z5J5V,SPAMEDICA HAYDOCK,248,21.0,0.0,0.0,0.0,8.46774193548387,0.0,0.0,0.0
2026-02-01,Z5J5V,SPAMEDICA HAYDOCK,273,21.0,0.0,0.0,0.0,7.6923076923076925,0.0,0.0,0.0
2026-03-01,Z5J5V,SPAMEDICA HAYDOCK,296,25.0,1.0,0.0,0.0,8.445945945945946,0.33783783783783783,0.0,0.0
2026-04-01,Z5J5V,SPAMEDICA HAYDOCK,324,26.0,1.0,0.0,0.0,8.024691358024691,0.30864197530864196,0.0,0.0
2026-05-01,Z5J5V,SPAMEDICA HAYDOCK,353,21.0,2.0,0.0,0.0,5.94900849858357,0.56657223796034,0.0,0.0
2026-06-01,Z5J5V,SPAMEDICA HAYDOCK,352,26.0,2.0,0.0,0.0,7.386363636363637,0.5681818181818182,0.0,0.0
2025-04-01,Z9Z1G,SPAMEDICA GATESHEAD,161,2.0,0.0,0.0,0.0,1.2422360248447204,0.0,0.0,0.0
2025-05-01,Z9Z1G,SPAMEDICA GATESHEAD,171,3.0,0.0,0.0,0.0,1.7543859649122806,0.0,0.0,0.0
2025-06-01,Z9Z1G,SPAMEDICA GATESHEAD,158,6.0,0.0,0.0,0.0,3.79746835443038,0.0,0.0,0.0
2025-07-01,Z9Z1G,SPAMEDICA GATESHEAD,123,7.0,0.0,0.0,0.0,5.691056910569105,0.0,0.0,0.0
2025-08-01,Z9Z1G,SPAMEDICA GATESHEAD,118,4.0,0.0,0.0,0.0,3.389830508474576,0.0,0.0,0.0
2025-09-01,Z9Z1G,SPAMEDICA GATESHEAD,170,3.0,0.0,0.0,0.0,1.7647058823529411,0.0,0.0,0.0
2025-10-01,Z9Z1G,SPAMEDICA GATESHEAD,278,2.0,0.0,0.0,0.0,0.7194244604316548,0.0,0.0,0.0
2025-11-01,Z9Z1G,SPAMEDICA GATESHEAD,315,4.0,0.0,0.0,0.0,1.2698412698412698,0.0,0.0,0.0
2025-12-01,Z9Z1G,SPAMEDICA GATESHEAD,331,7.0,1.0,0.0,0.0,2.1148036253776437,0.3021148036253776,0.0,0.0
2026-01-01,Z9Z1G,SPAMEDICA GATESHEAD,338,13.0,0.0,0.0,0.0,3.8461538461538463,0.0,0.0,0.0
2026-02-01,Z9Z1G,SPAMEDICA GATESHEAD,449,21.0,0.0,0.0,0.0,4.67706013363029,0.0,0.0,0.0
2026-03-01,Z9Z1G,SPAMEDICA GATESHEAD,509,26.0,0.0,0.0,0.0,5.1080550098231825,0.0,0.0,0.0
2026-04-01,Z9Z1G,SPAMEDICA GATESHEAD,579,21.0,0.0,0.0,0.0,3.6269430051813467,0.0,0.0,0.0
2026-05-01,Z9Z1G,SPAMEDICA GATESHEAD,580,35.0,0.0,0.0,0.0,6.0344827586206895,0.0,0.0,0.0
2026-06-01,Z9Z1G,SPAMEDICA GATESHEAD,486,37.0,0.0,0.0,0.0,7.613168724279835,0.0,0.0,0.0
